tree
version=v4
num_class=1
num_tree_per_iteration=1
label_index=0
max_feature_idx=40
objective=regression
feature_names=price was_home opponent_name team_name position total_points_last_1 total_points_mean_last_3 total_points_mean_last_5 expected_goals_last_1 expected_goals_mean_last_3 expected_goals_mean_last_5 expected_assists_last_1 expected_assists_mean_last_3 expected_assists_mean_last_5 expected_goal_involvements_last_1 expected_goal_involvements_mean_last_3 expected_goal_involvements_mean_last_5 expected_goals_conceded_last_1 expected_goals_conceded_mean_last_3 expected_goals_conceded_mean_last_5 bps_last_1 bps_mean_last_3 bps_mean_last_5 influence_last_1 influence_mean_last_3 influence_mean_last_5 creativity_last_1 creativity_mean_last_3 creativity_mean_last_5 threat_last_1 threat_mean_last_3 threat_mean_last_5 win_prob draw_prob loss_prob team_implied_goals opponent_implied_goals clean_sheet_prob anytime_goal_scorer_prob projected_minutes start_probability
feature_infos=[3.6000000000000001:14.5] -1:1:0 -1:1:21:0:7:22:9:8:17:2:3:20:16:12:14:4:6:15:18:5:13:19:11:10 -1:17:6:1:16:3:15:9:20:22:4:2:8:12:7:0:21:14:13:5:18:19:10:11 -1:3:0:1:2 [-4:29] [-2:17] [-2:15.800000000000001] [0:3.0600000000000001] [0:2.0233333333333334] [0:1.5700000000000001] [0:1.47] [0:0.93999999999999995] [0:0.93999999999999995] [0:3.8799999999999999] [0:2.0699999999999998] [0:1.7049999999999998] [0:7.8200000000000003] [0:4.5949999999999998] [0:4.5949999999999998] [-21:115] [-8:62] [-8:63.399999999999999] [0:148.19999999999999] [0:97.533333333333317] [0:87.280000000000001] [0:181.80000000000001] [0:96.200000000000003] [0:96.200000000000003] [0:169] [0:112] [0:112] [0.025597859848595271:0.89879588272123767] [0.074989372254499087:0.31210516240188885] [0.025597859848595271:0.89879588272123767] [0.55719392574012194:2.8565836046354214] [0.55719392574012194:2.8565836046354214] [0.057464747587035583:0.57281416987001132] [0.00055703872203216598:0.59912545399649986] [0:90] [0:1]
tree_sizes=2727 2868 2883 2848 2889 2876 2830 2857 2875 2835 2890 2824 2854 2850 2846 2890 2841 2853 2857 2800 2861 2862 2841 2822 2835 2826 2830 2802 2779 2813 2798 2852 2821 2860 2852 2847 2783 2833 2840 2798 2873 2796 2787 2821 2823 2843 2817 2858 2835 2870 2786 2817 2799 2850 2904 2856 2858 2847 2886 2876 2920 2854 2874 2898 2890 2817 2849 2900 2836 2857 2829 2876 2850 2815 2833 2842 2821 2847 2888 2856 2822 2845 2853 2864 2878 2881 2836 2870 2889 2891 2896 2898 2834 2836 2848 2883 2851 2887 2815 2903 2001 2884 2640 2946 2843 2788 2923 2886 2834 2821 2869 2729 2852 2200 1849 2887 2890 2848 2877 1921 2469 2237 1157 2630 2874 1675 1912 2618 2131 2878 2851 2850 1580 1485 1313 2451 2847 2595 2599 2813 2837 2256 2368 2184 2658 2872 2868 1653 1043 2793

Tree=0
num_leaves=31
num_cat=4
split_feature=39 39 7 37 37 0 39 0 39 4 39 39 0 27 2 0 39 36 0 34 28 34 2 15 14 15 39 26 22 4
split_gain=61626 4642.52 4305.28 1731.2 1699.98 705.657 635.007 586.973 534.619 483.997 480.217 395.211 364.619 344.471 335.413 322.679 310.183 294.645 276.912 260.182 257.116 250.69 209.479 206.454 181.529 175.794 172.667 145.688 258.261 144.304
threshold=37.823873480816751 12.292110643587092 3.5500000000000003 0.27399732154884099 0.33897530673554371 5.6500000000000012 68.296974957936939 7.8500000000000005 53.415450854807226 0 21.091333872805503 5.4916333980049101 6.1500000000000012 13.066666666666668 1 5.7500000000000009 74.899661392702555 1.9453959874516269 5.9500000000000011 0.2198149904199577 22.970000000000002 0.49350256850292312 2 0.37333333333333346 0.039965000000000007 0.29395666666666675 58.201312415578698 19.650000000000002 22.450000000000003 3
decision_type=2 2 2 2 2 2 2 2 2 1 2 2 2 2 1 2 2 2 2 2 2 2 1 2 2 2 2 2 2 1
left_child=1 11 3 8 5 14 12 13 29 17 -3 -1 24 -6 -4 22 -7 -10 -12 -14 -17 -11 -8 -18 -5 -16 -15 28 -9 -2
right_child=2 10 4 6 7 16 15 27 9 21 18 -13 19 26 25 20 23 -19 -20 -21 -22 -23 -24 -25 -26 -27 -28 -29 -30 -31
leaf_value=1.1398901055631365 1.1935209795545958 1.1619248134330256 1.20734512294034 1.2021906434655107 1.2492638560643552 1.2316385791949631 1.2469476001839683 1.2969908451968555 1.2051331102853369 1.2269165914495082 1.1758440137043018 1.1508922328543776 1.2541873383968589 1.2268290108633755 1.2291279682253291 1.2484556378858296 1.2510458432547809 1.1809776165508503 1.2039599092416906 1.2037058040559296 1.3050821443872183 1.207959391702552 1.2215685992794951 1.2880292042296531 1.2228433332229052 1.2579283035744373 1.2855376274171963 1.2919209269235961 1.3867506250432224 1.1731130933536937
leaf_weight=19050 1027 2775 765 1011 633 290 818 72 1326 1223 2956 3487 336 52 845 227 278 693 352 129 111 1314 826 293 625 254 590 157 57 456
leaf_count=19050 1027 2775 765 1011 633 290 818 72 1326 1223 2956 3487 336 52 845 227 278 693 352 129 111 1314 826 293 625 254 590 157 57 456
internal_value=1.17334 1.14787 1.22394 1.21326 1.24914 1.2348 1.22835 1.27413 1.20305 1.20814 1.17113 1.14159 1.21682 1.26526 1.22437 1.24055 1.2573 1.19673 1.17885 1.24028 1.2674 1.21694 1.23498 1.2702 1.21011 1.23529 1.28088 1.31322 1.33801 1.18739
internal_weight=43028 28620 14408 10122 4286 2725 4083 1561 6039 4556 6083 22537 2101 1275 1864 1982 861 2019 3308 465 338 2537 1644 571 1636 1099 642 286 129 1483
internal_count=43028 28620 14408 10122 4286 2725 4083 1561 6039 4556 6083 22537 2101 1275 1864 1982 861 2019 3308 465 338 2537 1644 571 1636 1099 642 286 129 1483
cat_boundaries=0 1 2 3 4
cat_threshold=1 4419593 2919140 10
is_linear=0
shrinkage=1


Tree=1
num_leaves=31
num_cat=3
split_feature=39 31 39 37 32 39 4 39 37 3 39 39 39 39 27 0 38 2 7 0 7 39 0 0 26 17 28 38 8 39
split_gain=57371.4 4272.79 3719.9 2185.27 1628.07 1207.71 756.884 673.341 637.096 473.468 455.986 399.963 337.742 333.056 275.85 246.957 241.545 238.837 233.331 227.525 220.544 207.668 231.288 176.746 163.355 145.535 131.913 129.005 128.269 124.558
threshold=36.147527237043597 17.900000000000002 12.292110643587092 0.33336356360744496 0.48752954318734393 70.687269199479502 0 58.201312415578698 0.14290759972032921 1 69.540775477258578 72.511101486736052 20.366532454004062 5.0880056035684724 42.016666666666673 7.9500000000000011 0.21496391387715177 2 5.7750000000000012 5.7500000000000009 3.1000000000000005 43.520617582455422 7.7500000000000009 6.0500000000000007 19.650000000000002 1.2230000000000001 16.126666666666669 0.27564915468717199 0.063950000000000021 27.78039189847232
decision_type=2 2 2 2 2 2 1 2 2 1 2 2 2 2 2 2 2 1 2 2 2 2 2 2 2 2 2 2 2 2
left_child=2 3 13 6 10 21 8 27 -2 -10 -3 18 -4 -1 17 25 23 -7 26 -14 -9 -5 -23 -12 -17 -13 -6 -8 -18 -21
right_child=1 4 12 5 11 14 7 20 9 -11 16 15 19 -15 -16 24 28 -19 -20 29 -22 22 -24 -25 -26 -27 -28 -29 -30 -31
leaf_value=-0.032237467879521101 0.0010866455884280806 0.04084561350582782 -0.011476090383772947 0.023270360342028208 0.060752563767645457 0.04382952847157387 0.018618128932204905 0.04197712504311104 0.04196029384236738 0.016171269720690693 0.038417690855485416 0.094722634730162097 -8.2134392521517985e-05 -0.022438836169204831 0.14154288663210407 0.17973889371369142 0.067632423663027227 0.08175972032646045 0.12998144579662921 0.0055321791409812075 0.05846317173634212 0.045294560405354324 0.10133745789276043 0.087701621575200034 0.12710567547037052 0.1337655438660775 0.099164654928704965 0.037033177152306258 0.09297874221786763 0.038587322244737862
leaf_weight=18760 997 572 2645 388 218 271 1143 2086 1317 1332 242 255 2704 3761 61 100 318 1343 93 187 1145 1225 70 91 155 148 137 492 476 228
leaf_count=18760 997 572 2645 388 218 271 1143 2086 1317 1332 242 255 2704 3761 61 100 318 1343 93 187 1145 1225 70 91 155 148 137 492 476 228
internal_value=-0.000126939 0.0480022 -0.0250985 0.0401263 0.0813033 0.0606227 0.032034 0.0398135 0.0214744 0.0292243 0.0627919 0.109655 -0.00359208 -0.0306023 0.078666 0.124691 0.0738818 0.0762016 0.0873358 0.00309435 0.0478367 0.0426272 0.0484021 0.0521169 0.148379 0.109364 0.0758217 0.0241806 0.0829291 0.0237489
internal_weight=42960 14675 28285 11870 2805 3358 8512 4866 3646 2649 1699 1106 5764 22521 1675 658 1127 1614 448 3119 3231 1683 1295 333 255 403 355 1635 794 415
internal_count=42960 14675 28285 11870 2805 3358 8512 4866 3646 2649 1699 1106 5764 22521 1675 658 1127 1614 448 3119 3231 1683 1295 333 255 403 355 1635 794 415
cat_boundaries=0 1 2 3
cat_threshold=1 4260751 1155096
is_linear=0
shrinkage=0.03


Tree=2
num_leaves=31
num_cat=1
split_feature=39 7 39 38 36 39 32 0 0 39 38 0 12 39 32 31 32 38 28 39 28 38 18 16 36 39 2 7 13 6
split_gain=54693.1 4435.48 3146.8 2072.04 1590.91 1018.52 509.528 507.333 432.227 424.567 414.591 402.295 399.446 356.957 351.374 340.22 310.846 302.007 278.916 272.1 265.289 216.8 211.096 209.509 203.598 201.359 191.473 167.161 150.373 142.758
threshold=34.202739441571957 3.3666666666666671 10.265268809887878 0.31978918920637905 1.3223425504189483 71.230197990120374 0.48752954318734393 11.100000000000003 6.0500000000000007 59.111820637675599 0.18953413380121178 6.1500000000000012 0.21333333333333337 20.366532454004062 0.52960235419114843 36.63333333333334 0.17067044640995313 0.060584175394688473 15.460000000000003 60.773148038942942 22.590000000000007 0.0015925730699536957 0.57011666666666694 0.33633333333333343 0.62936833885649668 3.320801342114343 0 5.6333333333333337 0.060000000000000005 4.5833333333333348
decision_type=2 2 2 2 2 2 2 2 2 2 2 2 2 2 2 2 2 2 2 2 2 2 2 2 2 2 1 2 2 2
left_child=2 4 25 6 5 11 15 12 26 17 21 -2 19 -4 -13 16 -3 -6 -8 -5 -10 -11 -9 -12 -15 -1 -7 -20 -17 -14
right_child=1 3 13 7 9 8 18 22 20 10 23 14 29 24 -16 28 -18 -19 27 -21 -22 -23 -24 -25 -26 -27 -28 -29 -30 -31
leaf_value=-0.031796151969472115 0.03121441441938165 0.027276236961632047 -0.012529418006139314 0.054378560024864811 -0.010228482158350241 0.07763629032847702 0.069435056369016451 0.196667140276993 0.080115993557870371 0.047404674266685133 0.042298212636206908 0.022573257131315767 0.087893433825536216 0.061179213529123977 0.075800797242545459 0.11956720833070984 0.054083593137178226 0.019472239775532807 0.088664627579173871 0.094951047862247673 0.15302994601772379 0.021376991229777161 0.11731192789388739 0.088111445083916176 0.00068073421780862943 -0.024807297710595887 0.050719139751014504 0.15116305908338346 0.062070990447487158 0.14227701000433701
leaf_weight=16872 2055 486 3575 195 372 547 607 67 119 329 1010 159 65 50 384 90 2036 1775 111 709 77 2334 68 99 2739 4792 909 66 83 194
leaf_count=16872 2055 486 3575 195 372 547 607 67 119 329 1010 159 65 50 384 90 2036 1775 111 709 77 2334 68 99 2739 4792 909 66 83 194
internal_value=-8.91778e-05 0.0462556 -0.0248035 0.0701012 0.0350478 0.0490526 0.0579998 0.102464 0.0674785 0.0249848 0.0310476 0.0373135 0.0958998 -0.00625512 0.0602905 0.0517639 0.0489318 0.0143224 0.0793387 0.0862723 0.109407 0.0246103 0.157874 0.0464663 0.00178794 -0.0302516 0.0617609 0.112704 0.0925148 0.129031
internal_weight=42974 14946 28028 4777 10169 4250 3479 1298 1652 5919 3772 2598 1163 6364 543 2695 2522 2147 784 904 196 2663 135 1109 2789 21664 1456 177 173 259
internal_count=42974 14946 28028 4777 10169 4250 3479 1298 1652 5919 3772 2598 1163 6364 543 2695 2522 2147 784 904 196 2663 135 1109 2789 21664 1456 177 173 259
cat_boundaries=0 1
cat_threshold=822944
is_linear=0
shrinkage=0.03


Tree=3
num_leaves=31
num_cat=4
split_feature=39 31 39 39 37 32 4 39 39 35 39 33 16 14 3 39 17 0 2 0 29 4 39 21 21 35 0 16 27 27
split_gain=50883.1 4069.55 2921.92 1911.08 1648.4 1378.53 682.411 495.415 435.268 420.275 394.11 366.757 360.099 286.713 253.298 239.379 228.016 207.812 187.904 187.244 186.997 176.52 163.758 160.782 152.281 148.089 153.471 141.872 150.677 131.817
threshold=33.29363504060067 17.900000000000002 9.9162845234424477 62.579940443425009 0.27399732154884099 0.48752954318734393 0 75.925881975443488 72.511101486736052 1.0191790923859629 20.366532454004062 0.23092083745061834 0.15002700000000005 0.15610500000000002 1 78.406312336925751 0.42080000000000006 6.5500000000000007 2 7.9500000000000011 22.500000000000004 3 4.3054998736796604 14.41666666666667 11.16666666666667 1.2316501146113485 6.3500000000000005 0.58817900000000012 11.000000000000005 34.483333333333341
decision_type=2 2 2 2 2 2 1 2 2 2 2 2 2 2 1 2 2 2 1 2 2 1 2 2 2 2 2 2 2 2
left_child=2 3 22 9 6 7 11 25 27 21 -4 -5 15 14 -11 -6 -14 18 -9 29 -21 -2 -1 -8 -15 -3 -27 28 -7 -10
right_child=1 5 10 4 12 8 23 17 19 13 -12 -13 16 24 -16 -17 -18 -19 -20 20 -22 -23 -24 -25 -26 26 -28 -29 -30 -31
leaf_value=-0.030592306443722884 0.01423474706550697 0.030504798284173008 -0.012468600771200657 0.004190683467065295 0.04595276205510785 0.049385626798982063 0.038406050554544928 0.019098603906109929 0.09554066494567913 0.03361087528880187 0.0027390689001607067 0.030337027142782223 0.12038321903267421 0.035686952923724521 0.014967588840218076 0.064744698925827238 0.073138097952441736 0.094768059130859963 0.072364834708255887 0.18330516514311665 0.12234044469838366 -0.010165319498873105 -0.023443687112334487 0.054454815115370502 0.068556037377502946 0.07027537343762387 0.033389327078885429 0.12171751447428354 0.087852734385210962 0.14115101643250538
leaf_weight=17926 759 419 3749 719 1112 156 1268 101 316 1132 2594 1473 110 474 1710 1399 659 328 414 68 190 400 3465 1037 176 260 172 65 243 77
leaf_count=17926 759 419 3749 719 1112 156 1268 101 316 1132 2594 1473 110 474 1710 1399 659 328 414 68 190 400 3465 1037 176 260 172 65 243 77
internal_value=6.35738e-05 0.044105 -0.0241333 0.0367282 0.0458265 0.0767165 0.0340161 0.0595977 0.102645 0.0215077 -0.00624943 0.0216691 0.0620026 0.0267023 0.0225746 0.0564455 0.0800476 0.0759227 0.0637541 0.118589 0.139066 0.00584466 -0.0294356 0.0454509 0.0446831 0.0433524 0.0557072 0.0800623 0.0729815 0.10482
internal_weight=42971 15237 27734 12428 7777 2809 4497 1694 1115 4651 6343 2192 3280 3492 2842 2511 769 843 515 651 258 1159 21391 2305 650 851 432 464 399 393
internal_count=42971 15237 27734 12428 7777 2809 4497 1694 1115 4651 6343 2192 3280 3492 2842 2511 769 843 515 651 258 1159 21391 2305 650 851 432 464 399 393
cat_boundaries=0 1 2 3 4
cat_threshold=1 213391 4099 10
is_linear=0
shrinkage=0.03


Tree=4
num_leaves=31
num_cat=2
split_feature=39 0 39 39 34 38 39 32 39 4 16 39 14 39 16 3 36 36 7 27 7 28 35 36 8 6 0 38 21 0
split_gain=48350.5 3516.51 3068.02 2074.2 1436.93 840.588 789.437 602.316 521.735 510.295 436.494 323.968 321.164 309.009 298.803 278.777 271.754 269.871 246.788 243.456 221.057 208.439 198.749 182.543 178.565 165.503 164.35 156.954 143.949 120.879
threshold=36.147527237043597 5.3500000000000005 12.701551737880274 71.230197990120374 0.35356127005809629 0.31679779674129577 68.296974957936939 0.52960235419114843 60.773148038942942 0 0.6709940000000002 5.0880056035684724 0.021725000000000005 63.411469877615808 0.13807200000000003 1 2.0046370993882179 1.0193183610482655 5.7083333333333348 32.95000000000001 5.366666666666668 14.410000000000002 0.86084683352581504 0.85627814276172287 0.099800000000000014 2.8333333333333335 8.7500000000000018 0.066528212193047567 19.166666666666668 5.6500000000000012
decision_type=2 2 2 2 2 2 2 2 2 1 2 2 2 2 2 1 2 2 2 2 2 2 2 2 2 2 2 2 2 2
left_child=2 4 11 7 6 22 14 28 27 16 19 -1 23 26 -2 17 -10 -8 -12 -7 -15 -16 -5 -4 -24 -11 -9 -6 -3 -25
right_child=1 3 12 5 8 10 15 13 9 25 18 -13 -14 20 21 -17 -18 -19 -20 -21 -22 -23 24 29 -26 -27 -28 -29 -30 -31
leaf_value=-0.029448737108394924 0.025324154913888352 0.031718271238401236 0.0093970648506192869 0.041381531199798205 -0.0054818502277522892 0.087298218812248599 0.082356057014879316 0.048691647229978693 0.026627081045982413 0.032965398927189873 0.09095768197143779 -0.019949861895830874 0.015297567678366274 0.076912607145309439 0.039934624173355339 0.042348583954320826 0.0035176029818140583 0.05639499462002244 0.17406097862430106 0.12755002537236534 0.14410238934219893 0.093003757267617254 0.065954631716805046 -0.0099911282319421618 0.089906275467616384 0.050594420289357137 0.10346808946349405 0.015264543225762074 0.065648047639102466 0.005137986347324452
leaf_weight=18581 1351 1509 622 202 461 669 621 595 1357 1110 50 3926 754 209 195 841 692 898 116 178 58 103 902 3629 427 861 54 1133 122 546
leaf_count=18581 1351 1509 622 202 461 669 621 595 1357 1110 50 3926 754 209 195 841 692 898 116 178 58 103 902 3629 427 861 54 1133 122 546
internal_value=0.000231565 0.0442757 -0.0228665 0.0644408 0.0336016 0.0836073 0.0473213 0.0452704 0.0237971 0.0295556 0.104866 -0.0277929 -0.00288982 0.0647477 0.0313599 0.0584547 0.018738 0.0666193 0.149742 0.0959013 0.0920026 0.058537 0.06948 -0.00575176 0.0737142 0.0404843 0.0534061 0.00926293 0.0342968 -0.00801109
internal_weight=42772 14714 28058 5091 9623 2544 4009 2547 5614 4020 1013 22507 5551 916 1649 2360 2049 1519 166 847 267 298 1531 4797 1329 1971 649 1594 1631 4175
internal_count=42772 14714 28058 5091 9623 2544 4009 2547 5614 4020 1013 22507 5551 916 1649 2360 2049 1519 166 847 267 298 1531 4797 1329 1971 649 1594 1631 4175
cat_boundaries=0 1 2
cat_threshold=1 6390707
is_linear=0
shrinkage=0.03


Tree=5
num_leaves=31
num_cat=3
split_feature=39 31 39 34 35 39 39 4 37 15 39 36 2 39 15 15 39 39 38 38 0 7 38 20 2 36 31 7 39 21
split_gain=46384.4 3399.6 2882.4 1809.1 1157.91 863.942 586.11 486.428 448.655 406.54 349.101 341.118 331.29 299.234 287.458 284.916 277.038 246.784 241.299 227.089 182.178 160.27 155.185 146.364 146.174 143.512 135.083 128.933 128.756 117.824
threshold=36.147527237043597 17.900000000000002 12.292110643587092 0.35356127005809629 1.7490388995679684 69.540775477258578 61.669851285910617 0 0.35928538382566361 0.84500000000000008 69.540775477258578 2.0117570900657609 1 5.0880056035684724 0.11000000000000004 0.26020666666666675 72.511101486736052 21.9386671124016 0.060584175394688473 0.27434596315339421 5.7500000000000009 3.3666666666666671 0.42274357934918139 13.500000000000002 2 0.79481735496752159 38.900000000000006 6.2250000000000005 79.909849972216549 5.166666666666667
decision_type=2 2 2 2 2 2 2 1 2 2 2 2 1 2 2 2 2 2 2 2 2 2 2 2 1 2 2 2 2 2
left_child=2 3 13 5 10 14 18 11 12 16 29 -8 -7 -1 24 -10 27 -4 -5 26 25 -9 -11 -16 -2 -19 -12 -6 -18 -3
right_child=1 4 17 6 9 8 7 21 15 22 19 -13 -14 -15 23 -17 28 20 -20 -21 -22 -23 -24 -25 -26 -27 -28 -29 -30 -31
leaf_value=-0.028632553656118817 0.016651307124312561 0.012894084255803713 -0.0093203893377058269 -0.0083370236127692111 0.065859469647998756 0.066018587676715854 0.029362581950400243 0.036190017375927377 0.066991194031275375 0.19216097148794392 0.050598699487439572 0.0030573612992545124 0.035511978858193842 -0.019427602063516104 0.04188095594077855 0.10918967314585146 0.12585071104190071 0.024991544460877778 0.017416839835982519 0.083097262076004777 0.022531887748513359 0.053566164683487461 0.11612056587233899 0.070046471664744814 0.035745876375274398 -0.0020419711269910839 0.094223705161262203 0.11309563938598148 0.093855446357630629 0.045706475725907102
leaf_weight=18833 595 131 2937 407 370 614 1382 1532 1294 51 583 654 914 3838 466 165 196 191 1660 477 376 707 61 266 1281 2222 73 63 339 412
leaf_count=18833 595 131 2937 407 370 614 1382 1532 1294 51 583 654 914 3838 466 165 196 191 1660 477 376 707 61 266 1281 2222 73 63 339 412
internal_value=0.000116926 0.0433866 -0.022272 0.0364467 0.0734199 0.0488823 0.0254693 0.0318111 0.0599057 0.0976709 0.0577421 0.0208178 0.0484717 -0.0270753 0.0362377 0.071837 0.091212 -0.00325244 0.0123428 0.0672387 0.00313749 0.0415143 0.152167 0.0522017 0.0299826 0.000106079 0.0555939 0.0729838 0.105796 0.0378342
internal_weight=43090 14693 28397 11937 2756 5595 6342 4275 2987 1080 1676 2036 1528 22671 2608 1459 968 5726 2067 1133 2789 2239 112 732 1876 2413 656 433 535 543
internal_count=43090 14693 28397 11937 2756 5595 6342 4275 2987 1080 1676 2036 1528 22671 2608 1459 968 5726 2067 1133 2789 2239 112 732 1876 2413 656 433 535 543
cat_boundaries=0 1 2 3
cat_threshold=1 690112 4306995
is_linear=0
shrinkage=0.03


Tree=6
num_leaves=31
num_cat=7
split_feature=40 27 32 31 0 0 3 2 26 3 31 0 4 25 31 27 2 2 1 33 25 33 32 36 15 27 6 25 18 0
split_gain=41676 3830.49 3056.13 1535.74 1029.29 523.367 457.86 485.593 396.294 379.28 349.361 347.159 323.165 322.236 258.141 253.98 253.697 247.298 420.613 241.867 226.493 217.917 212.629 489.142 180.413 177.711 247.453 180.203 174.075 162.024
threshold=1.0000000180025095e-35 0.033333333333333617 0.48752954318734393 19.225000000000005 5.2500000000000009 5.6500000000000012 0 1 1.0000000180025095e-35 2 32.100000000000009 10.050000000000002 3 23.535000000000007 23.450000000000003 0.46666666666666673 4 5 6 0.27512983112444628 0.12666666666666687 0.26067924116449553 0.36373146487505237 1.3223425504189483 0.055266666666666679 21.083333333333339 7.5833333333333348 17.580000000000005 0.57011666666666694 4.9500000000000011
decision_type=2 2 2 2 2 2 1 1 2 1 2 2 1 2 2 2 1 1 1 2 2 2 2 2 2 2 2 2 2 2
left_child=1 20 4 9 6 8 7 -2 -3 17 21 25 19 16 -14 -9 -11 -4 -19 -8 29 -6 -12 -24 -10 26 -5 -27 -13 -1
right_child=2 5 3 11 10 -7 12 15 24 13 22 28 14 -15 -16 -17 -18 18 -20 -21 -22 -23 23 -25 -26 27 -28 -29 -30 -31
leaf_value=-0.027271250305974656 0.024182855728676993 -0.010636795720728565 0.051437227468267614 0.06961344532053064 0.037123669958632921 0.020505000419671932 0.0086214109808756406 0.085293158537694022 -0.00020096724261126414 0.05494703328100186 0.059936179634890972 0.18456860050983481 0.028326659832827797 0.076316772844390993 0.071243296744192344 0.047532452804701676 0.030719358116557075 0.072655257036412749 0.13153917240489413 0.033576300725140375 -0.015971450789355524 0.055247840407095641 0.062350891727694251 0.1805025425375654 0.01588999783885978 0.15189403683474909 0.13775030639689217 0.097290187335779099 0.11193820422390278 -0.019980292264188123
leaf_weight=17508 1018 3078 406 370 1195 981 1625 196 2031 937 236 60 1867 325 135 930 872 359 161 445 2194 1221 85 51 906 71 56 311 75 3274
leaf_count=17508 1018 3078 406 370 1195 981 1625 196 2031 937 236 60 1867 325 135 930 872 359 161 445 2194 1221 85 51 906 71 56 311 75 3274
internal_value=0.0002236 -0.0192374 0.0450658 0.0668774 0.0353621 0.000198096 0.0285595 0.039882 -0.00311616 0.0565253 0.050512 0.100371 0.0224359 0.0485316 0.031101 0.0537014 0.0437668 0.0735545 0.089394 0.0139339 -0.0251552 0.0463036 0.0776386 0.107674 0.00476544 0.0926802 0.0788791 0.107817 0.14536 -0.0261238
internal_weight=42979 29972 13007 4003 9004 6996 6216 2144 6015 3060 2788 943 4072 2134 2002 1126 1809 926 520 2070 22976 2416 372 136 2937 808 426 382 135 20782
internal_count=42979 29972 13007 4003 9004 6996 6216 2144 6015 3060 2788 943 4072 2134 2002 1126 1809 926 520 2070 22976 2416 372 136 2937 808 426 382 135 20782
cat_boundaries=0 1 2 3 4 5 6 7
cat_threshold=66443 5337095 98689 1 918468 3842832 2
is_linear=0
shrinkage=0.03


Tree=7
num_leaves=31
num_cat=5
split_feature=39 7 39 37 38 39 36 4 7 39 3 15 14 4 39 26 3 28 36 3 5 33 26 34 29 39 31 34 39 14
split_gain=40777.2 3263.53 2484.59 1225.92 1214.32 558.12 426.122 404.539 381.218 315.588 297.369 284.416 265.436 253.107 233.047 216.514 185.63 172.85 164.042 221.796 161.365 152.498 151.652 320.457 158.653 146.717 141.19 139.495 139.46 123.201
threshold=36.147527237043597 3.3666666666666671 9.9162845234424477 0.26767445364180542 0.31978918920637905 71.230197990120374 2.0205181448586056 0 5.7083333333333348 21.9386671124016 1 0.24333333333333337 0.14793500000000001 2 53.415450854807226 46.750000000000007 3 14.745000000000003 1.9453959874516269 4 1.5000000000000002 0.13955381413822524 16.550000000000004 0.23917563688321766 35.500000000000007 3.320801342114343 11.450000000000001 0.22191477147072966 60.773148038942942 0.00025500000000000007
decision_type=2 2 2 2 2 2 2 1 2 2 1 2 2 1 2 2 1 2 2 1 2 2 2 2 2 2 2 2 2 2
left_child=2 3 25 7 6 12 10 18 15 -4 28 16 27 -8 -9 26 -7 -14 19 -2 -12 -16 23 -10 -24 -1 -6 -5 -3 -11
right_child=1 4 9 5 8 11 13 14 22 29 20 -13 17 -15 21 -17 -18 -19 -20 -21 -22 -23 24 -25 -26 -27 -28 -29 -30 -31
leaf_value=-0.027387707386610647 0.030712259059638262 0.028532464229209086 -0.010613835078202202 0.036286577445993791 0.036567076916673352 0.062357645622077781 -0.0072606566039954907 0.017089785876176128 0.15413442134473526 -0.0017506516861978002 0.028830044412612912 0.088103422208143489 0.04415143234704403 0.038907495658721349 0.0040957797786144359 0.1229315970321815 0.037503319756270526 0.087305153428935078 0.0012387274293080427 0.0076275795701166126 0.052190566459212398 0.035929439301879695 0.11742525532636089 0.065000025515961971 0.070885330089964643 -0.021334523794429426 0.073788156684689396 0.019861593965598511 0.073233905855719664 0.011933985627927145
leaf_weight=16733 672 69 4110 1010 111 775 142 1094 133 1909 329 226 469 442 145 73 655 103 814 883 1511 2163 130 53 150 4629 642 874 1019 857
leaf_count=16733 672 69 4110 1010 111 775 142 1094 133 1909 329 226 469 442 145 73 655 103 814 883 1511 2163 130 53 150 4629 642 874 1019 857
internal_value=5.85937e-05 0.040601 -0.0210287 0.0307354 0.0608855 0.0432539 0.0517066 0.0218092 0.0857747 -0.00534213 0.0563779 0.0567265 0.0341492 0.0282243 0.0284408 0.0733304 0.0517074 0.0520662 0.0121055 0.0178654 0.0477737 0.0339334 0.107622 0.129235 0.0928448 -0.0260772 0.0683611 0.0286831 0.0697897 0.00249101
internal_weight=42925 14687 28238 9883 4804 4112 3512 5771 1292 6876 2928 1656 2456 584 3402 826 1430 572 2369 1555 1840 2308 466 186 280 21362 753 1884 1088 2766
internal_count=42925 14687 28238 9883 4804 4112 3512 5771 1292 6876 2928 1656 2456 584 3402 826 1430 572 2369 1555 1840 2308 466 186 280 21362 753 1884 1088 2766
cat_boundaries=0 1 2 3 4 5
cat_threshold=1 78225 1 5345699 631629
is_linear=0
shrinkage=0.03


Tree=8
num_leaves=31
num_cat=4
split_feature=40 6 0 0 37 24 26 32 22 13 2 0 6 31 38 36 38 0 0 20 1 0 2 18 2 31 15 33 15 8
split_gain=37538.5 3167.75 2619.59 1114.8 1103.39 710.662 532.818 424.88 404.012 389.427 377.054 346.096 254.998 239.126 212.713 209.06 203.205 176.075 173.875 170.444 163.488 155.648 153.16 141.363 128.3 123.672 112.589 108.717 107.191 105.157
threshold=1.0000000180025095e-35 1.0000000180025095e-35 5.3500000000000005 11.100000000000003 0.20796933029234621 13.916666666666668 1.0000000180025095e-35 0.49337140187106171 16.900000000000002 0.18694533333333338 0 5.4500000000000011 2.8333333333333335 12.225000000000001 0.16854201367205554 2.2788742452080011 0.38619433236615724 4.9500000000000011 7.8500000000000005 3.5000000000000004 1 5.4500000000000011 2 1.1178166666666669 3 13.100000000000001 0.049155000000000004 0.13042212991810043 0.26020666666666675 0.43070000000000008
decision_type=2 2 2 2 2 2 2 2 2 2 1 2 2 2 2 2 2 2 2 2 1 2 1 2 1 2 2 2 2 2
left_child=1 17 4 5 12 10 21 14 13 -9 18 26 27 19 -7 29 -15 -1 -4 -6 -5 -3 -10 -24 25 -23 -8 -2 -12 -14
right_child=2 6 3 20 8 7 11 9 22 -11 28 -13 15 16 -16 -17 -18 -19 -20 -21 -22 24 23 -25 -26 -27 -28 -29 -30 -31
leaf_value=-0.025475286815295546 -0.0083246331620498524 -0.011679557126341465 0.056410435693917807 0.1614277772116772 0.010609765896712666 0.029622591511623279 -0.0022759351646615602 0.070573234265177948 0.019762817533065875 0.10972233349591742 0.027335002799966972 0.025705292892661435 0.034015589809587861 0.049588764768912857 0.062110436839156853 0.0051388281342775923 0.11358881455769433 -0.018273670295610056 0.10323313131331499 0.035827918625162512 0.10257888733100183 0.005120526596558663 0.070905009185352058 0.050171727277853809 -0.0088302956350178353 0.043869709436808318 0.010456222916730947 0.01661938872490485 0.050551724205019223 0.069826661092263681
leaf_weight=18635 168 3656 626 93 267 221 1905 814 133 326 898 681 1015 422 1100 229 50 3674 82 2638 96 254 575 648 369 104 929 2307 226 80
leaf_count=18635 168 3656 626 93 267 221 1905 814 133 326 898 681 1015 422 1100 229 50 3674 82 2638 96 254 575 648 369 104 929 2307 226 80
internal_value=-0.000158817 -0.01851 0.0424344 0.0610071 0.0326716 0.0578398 -0.00218157 0.0683855 0.0423382 0.0818575 0.0436422 0.00651802 0.0206196 0.0367588 0.0567041 0.0312481 0.0566006 -0.0242903 0.0611136 0.0335156 0.132249 -0.0091589 0.0561935 0.059486 0.00351173 0.01603 0.00189889 0.0149223 0.0317642 0.036696
internal_weight=43221 30207 13014 4482 8532 4293 7898 2461 4733 1140 1832 3515 3799 3377 1321 1324 472 22309 708 2905 189 4383 1356 1223 727 358 2834 2475 1124 1095
internal_count=43221 30207 13014 4482 8532 4293 7898 2461 4733 1140 1832 3515 3799 3377 1321 1324 472 22309 708 2905 189 4383 1356 1223 727 358 2834 2475 1124 1095
cat_boundaries=0 1 2 3 4
cat_threshold=4599204 2 45057 3078165
is_linear=0
shrinkage=0.03


Tree=9
num_leaves=31
num_cat=7
split_feature=39 39 37 31 16 28 34 3 39 39 4 38 0 39 0 5 38 28 32 7 3 39 3 2 19 3 17 39 2 25
split_gain=36128.6 2972.55 2656.39 1129.04 1017.37 592.567 575.646 523.517 375.662 346.478 334.409 280.946 275.971 271.739 250.797 238.612 186.707 183.83 167.087 162.95 156.576 153.569 144.687 140.412 231.686 137.611 135.33 127.443 124.694 158.215
threshold=39.999768200964162 14.5810983287115 0.33897530673554371 19.633333333333336 0.28618700000000014 32.763333333333343 0.47777683812372895 0 77.702799787247372 5.4916333980049101 1 0.001644317900470871 8.4500000000000011 69.540775477258578 5.4500000000000011 1.5000000000000002 0.27033968171517669 11.110000000000003 0.61375745069621368 4.5500000000000007 2 62.579940443425009 3 4 0.81420000000000015 5 0.42080000000000006 27.78039189847232 6 4.580000000000001
decision_type=2 2 2 2 2 2 2 1 2 2 1 2 2 2 2 2 2 2 2 2 1 2 1 1 2 1 2 2 1 2
left_child=1 9 4 5 6 8 7 11 19 -1 20 -2 23 25 -3 -9 -15 -18 -14 -4 -8 -12 -10 26 -25 -6 -5 -16 -29 -30
right_child=2 14 3 12 13 -7 10 15 22 -11 21 -13 18 16 27 -17 17 -19 -20 -21 -22 -23 -24 24 -26 -27 -28 28 29 -31
leaf_value=-0.025442983376603768 0.073518652709882421 -0.0024677888824752576 0.038258950891465658 0.083792905576061449 0.05175648791762285 0.11057290772576719 -0.0028551022977424431 0.0095930348770485972 0.03810260535842281 -0.016141178032486124 0.015196915438783312 0.039821644766716985 0.073348787817417785 0.053013176198182403 0.0033374282521527743 0.030757939318427227 0.12687068635692345 0.071121388552978559 0.13640546432858355 0.073131960286616421 0.016422166809056171 0.032225863714683931 0.068992987446497678 0.074170842435739556 0.12006168277658835 0.014114021248129627 0.041388425763425211 0.0037386330280401933 0.013252379705390987 0.053250028545968234
leaf_weight=18999 245 4375 1807 111 204 146 708 809 284 4459 740 2570 56 515 574 1182 66 322 153 130 805 1358 868 219 195 194 184 208 168 191
leaf_count=18999 245 4375 1807 111 204 146 708 809 284 4459 740 2570 56 515 574 1182 66 322 153 130 805 1358 868 219 195 194 184 208 168 191
internal_value=4.45419e-05 -0.0190163 0.0398579 0.0599423 0.0312693 0.0515772 0.0274463 0.0342486 0.0487529 -0.0236757 0.018385 0.0426292 0.0893293 0.0559603 0.000799057 0.0220579 0.0650811 0.080914 0.119954 0.0406375 0.00744401 0.0261066 0.0623487 0.0801413 0.093771 0.0351479 0.0557015 0.0133191 0.0233951 0.0336937
internal_weight=42845 28974 13871 4153 9718 3235 8417 4806 3089 23458 3611 2815 918 1301 5516 1991 903 388 209 1937 1513 2098 1152 709 414 398 295 1141 567 359
internal_count=42845 28974 13871 4153 9718 3235 8417 4806 3089 23458 3611 2815 918 1301 5516 1991 903 388 209 1937 1513 2098 1152 709 414 398 295 1141 567 359
cat_boundaries=0 1 2 3 4 5 6 7
cat_threshold=6359951 1 7637284 148040 205460 5411474 1154114
is_linear=0
shrinkage=0.03


Tree=10
num_leaves=31
num_cat=2
split_feature=39 7 39 38 36 39 39 36 39 14 16 39 39 37 27 4 18 4 39 39 35 15 35 29 27 38 39 28 12 14
split_gain=33909.8 2742.24 1828.21 1131.75 1093.31 573.673 408.291 359.6 307.958 273.038 272.756 241.992 234.728 233.062 308.639 228.288 189.048 182.94 180.889 168.327 155.116 135.453 131.611 127.94 121.249 117.77 117.114 108.197 103.279 101.357
threshold=33.29363504060067 3.3666666666666671 9.9162845234424477 0.31227269088436965 1.3621318751213003 77.702799787247372 58.201312415578698 2.0205181448586056 53.415450854807226 0.14012000000000005 0.61442500000000011 19.02318375994642 58.201312415578698 0.36126025450769128 19.583333333333336 0 0.75383333333333347 1 39.999768200964162 73.116330820421055 0.70135658055399841 0.60032500000000011 2.0980076246512436 41.500000000000007 0.70000000000000051 0.10328503719672845 3.320801342114343 16.345000000000002 0.039551666666666672 2.5000000000000005e-05
decision_type=2 2 2 2 2 2 2 2 2 2 2 2 2 2 2 1 2 1 2 2 2 2 2 2 2 2 2 2 2 2
left_child=2 4 26 7 5 9 22 12 25 18 19 -4 -3 24 -15 20 -12 -9 -2 -8 -10 -14 28 -17 -7 -6 -1 -11 -5 -13
right_child=1 3 11 6 8 13 10 17 15 27 16 29 21 14 -16 23 -18 -19 -20 -21 -22 -23 -24 -25 -26 -27 -28 -29 -30 -31
leaf_value=-0.025026131294862013 0.011062948798317285 0.022103391551830637 -0.010997054747688362 0.027541658092822347 -0.00310781697709694 0.068793593250319987 0.056884603766141177 -0.0058511997567620242 -0.0096347600847187607 0.041756838609530653 0.16463364982791243 -0.0027053995945490895 0.050951887364452608 0.059360950424363096 0.11731738699405775 0.028340312234042517 0.098219541323369658 0.033181489496978862 0.031096742782543246 0.085104154770447138 0.018248545180994773 0.083607464466016829 0.0097011905695343834 0.062920497246524876 0.037316067998404839 0.013522670504772846 -0.019604289585171311 0.069859821455614285 0.084236250906724194 0.0097663129614932193
leaf_weight=16795 503 253 3463 55 570 141 288 146 201 604 50 2159 2484 444 103 2062 222 425 2138 629 1630 122 86 101 537 1165 4597 159 64 804
leaf_count=16795 503 253 3463 55 570 141 288 146 201 604 50 2159 2484 444 103 2062 222 425 2138 629 1630 122 86 101 537 1165 4597 159 64 804
internal_value=3.39203e-05 0.0360945 -0.019647 0.0547783 0.0273882 0.0382321 0.0775873 0.0454876 0.0186208 0.031877 0.0843391 -0.00561313 0.049832 0.0558486 0.0704738 0.023205 0.110997 0.0236809 0.0272879 0.0763162 0.0151 0.0525133 0.0381927 0.0298468 0.0439584 0.00805868 -0.0238621 0.0477009 0.0585057 0.000679898
internal_weight=43000 15182 27818 4824 10358 4629 1394 3430 5729 3404 1189 6426 2859 1225 547 3994 272 571 2641 917 1831 2606 205 2163 678 1735 21392 763 119 2963
internal_count=43000 15182 27818 4824 10358 4629 1394 3430 5729 3404 1189 6426 2859 1225 547 3994 272 571 2641 917 1831 2606 205 2163 678 1735 21392 763 119 2963
cat_boundaries=0 1 2
cat_threshold=1 1
is_linear=0
shrinkage=0.03


Tree=11
num_leaves=31
num_cat=9
split_feature=39 31 39 37 35 39 5 16 13 33 3 4 22 11 39 0 31 39 39 14 2 3 25 2 33 3 0 2 3 1
split_gain=31586.4 2654.59 1915.15 1280.81 728.24 684.365 560.881 355.233 309.919 293.349 265.286 254.415 247.982 238.181 218.562 212.357 206.558 196.477 193.254 182.413 170.325 161.99 161.724 153.717 149.392 143.327 131.335 123.521 173.901 120.996
threshold=34.202739441571957 19.450000000000003 12.292110643587092 0.27399732154884099 1.7662013802629766 62.579940443425009 1.5000000000000002 0.69444200000000023 0.10800000000000005 0.23163318723535728 0 1 15.633333333333335 0.16986000000000004 72.511101486736052 4.5500000000000007 32.100000000000009 5.0880056035684724 81.814504529394341 0.14793500000000001 2 3 16.445000000000004 4 0.21034418474365105 5 7.2500000000000009 6 7 8
decision_type=2 2 2 2 2 2 2 2 2 2 1 1 2 2 2 2 2 2 2 2 1 1 2 1 2 1 2 1 1 1
left_child=2 3 17 6 16 19 23 14 10 11 -7 -8 -11 -9 24 -4 20 -1 -16 26 -3 -21 -10 25 -6 -2 -5 28 -17 -18
right_child=1 4 15 5 7 8 9 13 22 12 -12 -13 -14 -15 18 27 29 -19 -20 21 -22 -23 -24 -25 -26 -27 -28 -29 -30 -31
leaf_value=-0.023976386606228129 0.033270722098935682 0.029964740507410825 -0.010047633694164726 0.019415992209422289 0.040066714162809339 0.054775592810551429 -0.0024846479959803221 0.15847871657262244 0.047273110421455031 0.027959844463034549 0.034767468104653469 0.02546790593813162 0.047167301795326619 0.082818546353954164 0.11010232630843647 0.026123580245973613 0.086148790334283756 -0.016444076445222288 0.068600325349163202 0.010954226717580364 0.057373911912886648 0.056137927192216261 0.08088430552548849 0.0072510100799086296 0.080207709794535356 0.0088262386042877571 0.052948506028832575 -0.0027789233917865429 0.002002225228440787 0.054811193678804125
leaf_weight=18740 482 568 2216 1444 194 1339 420 89 207 1906 1448 985 893 72 221 374 185 3754 202 120 444 286 371 2197 152 431 113 1942 917 306
leaf_count=18740 482 568 2216 1444 194 1339 420 89 207 1906 1448 985 893 72 221 374 185 3754 202 120 444 286 371 2197 152 431 113 1942 917 306
internal_value=2.65526e-05 0.0350242 -0.0188548 0.0294967 0.0637201 0.040686 0.0213408 0.0846157 0.0489018 0.0284864 0.0447187 0.0172775 0.0341036 0.125382 0.0759252 -0.00289618 0.050741 -0.0227202 0.090499 0.0265831 0.0429 0.0444987 0.0689547 0.0116747 0.0578899 0.0219769 0.021884 0.00200631 0.0091541 0.0667758
internal_weight=43018 15075 27943 12642 2433 5328 7314 930 3365 4204 2787 1405 2799 161 769 5449 1503 22494 423 1963 1012 406 578 3110 346 913 1557 3233 1291 491
internal_count=43018 15075 27943 12642 2433 5328 7314 930 3365 4204 2787 1405 2799 161 769 5449 1503 22494 423 1963 1012 406 578 3110 346 913 1557 3233 1291 491
cat_boundaries=0 1 2 3 4 5 6 7 8 9
cat_threshold=6394273 1 4379163 1048912 4882754 6492750 4498328 92675 2
is_linear=0
shrinkage=0.03


Tree=12
num_leaves=31
num_cat=4
split_feature=39 30 39 37 32 39 39 16 34 39 3 39 2 39 0 3 16 0 2 27 0 30 0 38 7 23 11 35 0 15
split_gain=29955.3 2404.18 1595.73 1350.73 784.69 692.803 595.92 424.151 407.213 321.557 313.557 254.827 291.04 248.958 236.655 333.081 211.021 199.464 197.844 186.597 177.72 167.128 165.622 147 143.592 142.408 140.703 133.835 132.461 126.129
threshold=33.29363504060067 17.833333333333339 9.9162845234424477 0.35928538382566361 0.51100691840816226 54.346686730293591 64.234092280883885 0.6282000000000002 0.49350256850292312 70.144540071714303 0 75.925881975443488 1 21.091333872805503 6.3500000000000005 2 0.29017500000000007 5.9500000000000011 3 20.841666666666672 5.3500000000000005 21.166666666666668 6.1500000000000012 0.058313452900153502 5.9000000000000012 15.900000000000002 0.16986000000000004 1.1661871326020392 6.2500000000000009 0.12678833333333339
decision_type=2 2 2 2 2 2 2 2 2 2 1 2 1 2 2 1 2 2 1 2 2 2 2 2 2 2 2 2 2 2
left_child=2 3 -1 5 11 23 17 9 10 19 -7 18 28 -4 15 -8 -14 25 -3 -6 -10 -11 -15 -2 -9 -5 -26 -20 -13 -24
right_child=1 4 13 6 7 8 14 24 20 21 -12 12 16 22 -16 -17 -18 -19 27 -21 -22 -23 29 -25 26 -27 -28 -29 -30 -31
leaf_value=-0.022473754798672904 -0.0095642140813444448 0.021174088772640032 -0.010057223744414446 0.016995005505144226 0.034356001025215646 0.039992395898529189 0.036886055147187055 0.081426948473181424 0.015180342203260259 0.052149848063744238 0.022318312345846279 0.021646268371431507 0.054487512170756057 -0.00041954389884766023 0.088665157062005034 0.068033269113655981 0.092332600589446284 0.049943327025180166 0.025182680013843557 0.085035207878798244 0.038239103514058834 0.094664492647749246 0.011978319603555344 0.011948799867889921 0.16442809607317813 0.048985577360775905 0.096330453508305103 0.061355059565561393 0.056360430491384964 0.060497457614716366
leaf_weight=21315 327 501 3917 731 260 2553 717 68 2264 112 1572 239 268 2220 198 743 277 329 131 88 347 387 169 2228 77 151 52 329 171 67
leaf_count=21315 327 501 3917 731 260 2553 717 68 2264 112 1572 239 268 2220 198 743 277 329 131 88 347 387 169 2228 77 151 52 329 171 67
internal_value=8.96308e-06 0.0339675 -0.0185358 0.0280608 0.0582146 0.0224997 0.0460547 0.0791628 0.0275449 0.0697722 0.0334158 0.0467632 0.0577654 -0.00536286 0.0577459 0.0534929 0.0725335 0.0300111 0.035778 0.047387 0.0182594 0.0852515 0.00212386 0.00919163 0.118966 0.0225245 0.137953 0.0500516 0.0353732 0.0259626
internal_weight=42808 15120 27688 12160 2960 9291 2869 1044 6736 847 4125 1916 955 6373 1658 1460 545 1211 961 348 2611 499 2456 2555 197 882 129 460 410 236
internal_count=42808 15120 27688 12160 2960 9291 2869 1044 6736 847 4125 1916 955 6373 1658 1460 545 1211 961 348 2611 499 2456 2555 197 882 129 460 410 236
cat_boundaries=0 1 2 3 4
cat_threshold=6396813 4348067 1200968 86873
is_linear=0
shrinkage=0.03


Tree=13
num_leaves=31
num_cat=5
split_feature=39 31 39 36 35 39 39 33 0 2 38 0 27 2 28 0 2 39 0 38 39 28 6 0 9 2 6 38 3 39
split_gain=27962.5 2874.58 1532.62 1295.07 842.926 676.836 563.127 369.801 308.827 306.103 279.82 273.391 251.988 215.073 196.322 193.663 192.043 181.602 191.647 178.233 175.474 172.655 170.406 165.691 142.744 140.673 138.05 119.648 101.23 93.8925
threshold=33.29363504060067 19.450000000000003 12.292110643587092 1.093948175193997 1.558876633118621 77.702799787247372 61.669851285910617 0.24962187205979927 10.550000000000002 0 0.11370499801949725 7.6500000000000012 21.083333333333339 1 27.126666666666669 4.6500000000000012 2 75.925881975443488 6.1500000000000012 0.1268657089710736 4.613938987166704 11.222500000000002 5.166666666666667 4.5500000000000007 0.50355000000000005 3 7.8333333333333348 0.2937175178918528 4 58.201312415578698
decision_type=2 2 2 2 2 2 2 2 2 1 2 2 2 1 2 2 1 2 2 2 2 2 2 2 2 1 2 2 1 2
left_child=2 3 20 5 17 11 10 15 12 -9 16 22 26 -14 19 -8 -5 28 25 -7 -1 -20 -2 -4 -10 -19 -6 -12 -3 -13
right_child=1 4 23 6 8 14 7 9 24 -11 27 29 13 -15 -16 -17 -18 18 21 -21 -22 -23 -24 -25 -26 -27 -28 -29 -30 -31
leaf_value=-0.02266323503058575 0.027909560539495195 0.015956425079131989 -0.0098631553099069666 0.016728214761541717 0.057375903818387496 0.064909488530894149 0.0099720644366161747 0.052052982441620994 0.15103761778887989 0.028265596091776968 0.013528400532614036 0.05223515099260103 0.060499082556204689 0.11453532923089205 0.092262710438734893 0.026544700017755274 -0.0096221423961164402 0.010386095868640166 0.1213402837780541 0.039873813357294001 -0.015912115722708838 0.061759099652618638 0.062463352214868935 0.0010961129665545393 0.084976899754384466 0.054249556797107759 0.10677417028965107 0.030608027245263632 0.043687836642679244 0.10421224657259881
leaf_weight=18279 2065 258 2065 356 569 691 1326 645 76 2687 1659 82 237 237 151 1221 763 118 58 419 4294 198 137 3110 57 224 57 476 308 55
leaf_count=18279 2065 258 2065 356 569 691 1326 645 76 2687 1659 82 237 237 151 1221 763 118 58 419 4294 198 137 3110 57 224 57 476 308 55
internal_value=-0.000114826 0.0326925 -0.0180041 0.0270146 0.0628288 0.0422546 0.021003 0.0265454 0.0801291 0.0331264 0.0109837 0.0326759 0.0747636 0.0913927 0.0599796 0.0179253 -0.00116543 0.0444475 0.0560043 0.0555062 -0.0213799 0.0756893 0.0300881 -0.00327749 0.123594 0.041083 0.0620417 0.0173503 0.0321547 0.0737276
internal_weight=42878 15130 27748 12733 2397 3600 9133 5879 1233 3332 3254 2339 1100 474 1261 2547 1119 1164 598 1110 22573 256 2202 5175 133 342 626 2135 566 137
internal_count=42878 15130 27748 12733 2397 3600 9133 5879 1233 3332 3254 2339 1100 474 1261 2547 1119 1164 598 1110 22573 256 2202 5175 133 342 626 2135 566 137
cat_boundaries=0 1 2 3 4 5
cat_threshold=576576 2234260 4720070 4199171 7085412
is_linear=0
shrinkage=0.03


Tree=14
num_leaves=31
num_cat=6
split_feature=39 31 39 37 0 39 5 35 33 3 39 3 39 4 3 0 35 27 6 0 10 39 33 0 28 23 28 1 17 3
split_gain=26415.2 2042.01 1950.95 1126.32 670.949 515.442 473.968 418.445 320.272 298.116 277.66 238.901 236.647 236.323 220.235 197.578 178.233 174.093 165.985 148.542 144.605 140.466 124.532 121.303 112.268 106.307 97.0816 133.797 82.6912 103.777
threshold=37.823873480816751 19.450000000000003 15.075682371542884 0.33897530673554371 9.8500000000000032 69.540775477258578 1.5000000000000002 1.7662013802629766 0.23163318723535728 0 6.2885966441537562 1 58.201312415578698 2 3 7.7500000000000009 0.91162302253173733 35.250000000000007 4.8333333333333348 6.9500000000000011 0.58121000000000012 75.925881975443488 0.26943927615001267 4.5500000000000007 16.345000000000002 16.700000000000006 15.130000000000001 4 0.23090000000000002 5
decision_type=2 2 2 2 2 2 2 2 2 1 2 1 2 1 1 2 2 2 2 2 2 2 2 2 2 2 2 1 2 1
left_child=2 3 10 6 7 15 14 16 13 24 -1 -10 19 -8 22 25 -3 -11 23 -9 -14 -18 -2 -4 -7 -5 -6 -28 -25 -30
right_child=1 4 18 5 26 9 8 12 11 17 -12 -13 20 -15 -16 -17 21 -19 -20 -21 -22 -23 -24 28 -26 -27 27 -29 29 -31
leaf_value=-0.021762669719444686 0.015613441426728082 0.022044240943345839 -0.0061841659680585102 0.022917151142836725 0.14747617087693049 0.030425716461315026 -0.0031183874265701605 0.060689362280318473 0.019228879996168364 0.060954884374464779 -0.013149526556577987 0.037100250965108016 0.074863216005268962 0.023651574671805342 0.0063399625382949227 0.071816235896824024 0.038507617565471136 0.10536779548185929 0.047756321657787676 -0.00030474666202977556 0.12625666593721038 0.05971116614724821 0.033122679296763317 0.00078657604660225318 0.059666758642743588 0.041928922253843939 0.12797429334527025 0.06439152857183944 0.028906897062101426 0.0043229186103485601
leaf_weight=19622 1034 271 1848 1119 57 543 422 93 998 1002 4076 2810 573 1009 1810 96 569 88 65 58 56 578 569 2276 153 350 64 63 223 494
leaf_count=19622 1034 271 1848 1119 57 543 422 93 998 1002 4076 2810 573 1009 1810 96 569 88 65 58 56 578 569 2276 153 350 64 63 223 494
internal_value=-4.05792e-05 0.033119 -0.0167173 0.028079 0.0584923 0.0428473 0.0223544 0.0538359 0.0280227 0.0538695 -0.020282 0.0325715 0.071521 0.0159018 0.013647 0.0302404 0.0440621 0.0640495 0.000501674 0.0373936 0.0796367 0.0492379 0.0217118 -0.000141925 0.036412 0.0274743 0.113508 0.0972061 0.00358862 0.0124656
internal_weight=42989 14385 28604 12003 2382 3351 8652 2198 5239 1786 23698 3808 780 1431 3413 1565 1418 1090 4906 151 629 1147 1603 4841 696 1469 184 127 2993 717
internal_count=42989 14385 28604 12003 2382 3351 8652 2198 5239 1786 23698 3808 780 1431 3413 1565 1418 1090 4906 151 629 1147 1603 4841 696 1469 184 127 2993 717
cat_boundaries=0 1 2 3 4 5 6
cat_threshold=1199944 1987632 1 1050526 2 4198586
is_linear=0
shrinkage=0.03


Tree=15
num_leaves=31
num_cat=3
split_feature=23 7 6 38 5 35 31 22 16 11 3 35 28 26 35 35 31 26 28 18 13 3 33 5 10 3 37 38 13 17
split_gain=22293.9 2841.66 1335.93 1030.94 918.059 648.58 379.325 376.66 369.169 361.041 291.266 282.116 230.131 202.479 201.39 197.217 187.156 177.887 164.608 164.005 160.597 147.169 142.069 137.933 132.733 119.734 146.424 110.402 107.533 106.327
threshold=1.0000000180025095e-35 3.3666666666666671 0.58333333333333337 0.27434596315339421 1.5000000000000002 1.1969023224751212 22.100000000000005 6.2250000000000005 0.61442500000000011 0.0015950000000000003 0 1.9239285708886256 0.040000000000000056 37.45000000000001 0.79446632542004025 2.3451084721088544 2.5500000000000003 24.750000000000004 16.345000000000002 0.69301666666666673 0.11633000000000002 1 0.2616335862043761 7.5000000000000009 0.21014000000000002 2 0.49615293095991897 0.27858107925371656 0.098000000000000045 2.2650000000000001
decision_type=2 2 2 2 2 2 2 2 2 2 1 2 2 2 2 2 2 2 2 2 2 1 2 2 2 1 2 2 2 2
left_child=2 4 12 13 7 27 10 16 15 25 -7 22 -1 14 -3 18 -2 -8 -5 -10 -11 -16 -9 -15 -17 26 -4 -6 -13 -21
right_child=1 3 9 8 5 6 17 11 19 20 -12 28 -14 23 21 24 -18 -19 -20 29 -22 -23 -24 -25 -26 -27 -28 -29 -30 -31
leaf_value=-0.019719510743419266 -0.0019251353847123207 0.010215887005574438 0.00177021186125452 0.044027951803553449 0.01489609526950438 0.043706395349466978 0.059331192203021292 0.0089900347933664325 0.14819802117347719 0.02042865487139553 0.024275489233174945 0.034593212413937036 -0.011054001191497851 0.080493964727212361 0.04454864536067335 0.1054334995932877 0.013878254362013327 0.12320278506510352 0.066411927231211088 0.075979569351271495 0.075488098702782933 0.027749417989545378 0.02426140166490643 0.034309956907016256 0.053657308007654267 -0.0073483264975976433 0.03736272098033324 0.052279517638119492 0.07392956651609979 0.12672140198354334
leaf_weight=21146 1720 264 1094 569 1997 1664 143 1296 50 375 1390 396 3179 158 1377 136 1108 56 644 191 54 974 953 96 72 1600 114 73 75 50
leaf_count=21146 1720 264 1094 569 1997 1664 143 1296 50 375 1390 396 3179 158 1377 136 1108 56 644 191 54 974 953 96 72 1600 114 73 75 50
internal_value=-7.08686e-06 0.0288369 -0.0161784 0.0486546 0.0204818 0.0293821 0.0377361 0.0119381 0.067087 0.00192587 0.0350969 0.0199069 -0.0185877 0.037635 0.0351223 0.0606906 0.00426823 0.0778463 0.0559593 0.0979965 0.0275256 0.0379123 0.0154704 0.0632534 0.0878678 -0.00199255 0.00511739 0.0162405 0.0410067 0.0869995
internal_weight=43014 15452 27562 4581 10871 5323 3253 5548 1712 3237 3054 2720 24325 2869 2615 1421 2828 199 1213 291 429 2351 2249 254 208 2808 1208 2070 471 241
internal_count=43014 15452 27562 4581 10871 5323 3253 5548 1712 3237 3054 2720 24325 2869 2615 1421 2828 199 1213 291 429 2351 2249 254 208 2808 1208 2070 471 241
cat_boundaries=0 1 2 3
cat_threshold=6392747 4307357 126800
is_linear=0
shrinkage=0.03


Tree=16
num_leaves=31
num_cat=7
split_feature=39 0 39 39 39 35 0 2 32 22 15 2 38 0 2 39 16 2 28 0 26 38 11 2 22 4 8 2 39 12
split_gain=22635.8 1853.36 1342.28 987.634 639.484 537.257 393.837 316.378 291.389 244.354 237.471 202.675 196.2 184.262 177.331 226.442 150.111 145.087 138.504 135.359 125.742 119.634 116.734 146.434 113.368 111.299 176.123 107.328 99.9587 96.6279
threshold=33.29363504060067 5.3500000000000005 9.9162845234424477 73.116330820421055 57.161582635974703 1.1969023224751212 8.6500000000000004 0 0.52353900972885292 16.100000000000005 0.60032500000000011 1 0.35210743791063398 4.5500000000000007 2 65.556774978402842 0.2620880000000001 3 8.0450000000000035 4.5500000000000007 29.250000000000004 0.094947655098444564 0.015625000000000003 4 21.900000000000002 5 0.079600000000000018 6 21.091333872805503 0.12000000000000004
decision_type=2 2 2 2 2 2 2 1 2 2 2 1 2 2 1 2 2 1 2 2 2 2 2 1 2 1 2 1 2 2
left_child=2 4 -1 8 17 11 7 18 22 16 -9 19 -8 -4 15 -10 -7 21 -5 -6 -14 -2 -3 -24 -13 -19 -27 -11 -15 -23
right_child=1 3 13 6 5 9 12 10 14 27 -12 24 20 28 -16 -17 -18 25 -20 -21 -22 29 23 -25 -26 26 -28 -29 -30 -31
leaf_value=-0.019996056320820119 -0.0096084350267040698 0.017677420571144947 -0.010222132397254729 0.01784717690440743 0.0035696983788832187 0.025711285099872846 0.059917949701574713 0.060775534101113124 0.047222615157185142 0.027325999576705548 0.10412218230260027 0.025119596250291178 0.13825789082439049 -0.004161314376106378 0.0312884100771307 0.095025195839651758 0.056643265392757727 0.0069010719019370866 0.045901403212633453 0.019374698353670537 0.079086279218830158 0.0061733338501586384 0.018470121182695864 0.0479644668043697 0.069541503117978576 0.018460754428169284 0.061553200504058179 0.047634114216479909 0.0058825502049030601 0.046390525138069849
leaf_weight=21487 498 1037 2731 201 1067 2429 98 975 364 441 131 1013 91 2112 625 120 150 695 786 899 59 752 360 332 54 640 98 1154 1542 57
leaf_count=21487 498 1037 2731 201 1067 2429 98 975 364 441 131 1013 91 2112 625 120 150 695 786 899 59 752 360 332 54 640 98 1154 1542 57
internal_value=-0.00037223 0.0291738 -0.0164073 0.0437279 0.0215922 0.0262824 0.0581577 0.053868 0.0318077 0.033266 0.065411 0.0166627 0.0939871 -0.00432868 0.0438196 0.0580552 0.0275328 0.00924948 0.0398122 0.01075 0.115681 0.00193062 0.0240806 0.0336324 0.0271791 0.0157931 0.0239387 0.0425113 7.68585e-05 0.00906441
internal_weight=42998 15126 27872 5179 9947 7207 2341 2093 2838 4174 1106 3033 248 6385 1109 484 2579 2740 987 1966 150 1307 1729 692 1067 1433 738 1595 3654 809
internal_count=42998 15126 27872 5179 9947 7207 2341 2093 2838 4174 1106 3033 248 6385 1109 484 2579 2740 987 1966 150 1307 1729 692 1067 1433 738 1595 3654 809
cat_boundaries=0 1 2 3 4 5 6 7
cat_threshold=1659031 1233207 6557220 3234329 214867 8 4305089
is_linear=0
shrinkage=0.03


Tree=17
num_leaves=31
num_cat=7
split_feature=39 34 39 0 7 39 2 22 38 34 3 2 37 39 3 26 15 4 8 15 0 14 16 0 20 3 38 38 3 39
split_gain=21874.1 1963.36 1837.35 930.938 837.258 380.749 359.441 361.28 339.534 306.308 354.583 261.134 223.868 221.378 219.259 215.107 197.966 172.962 170.577 159.057 158.288 150.149 146.633 141.304 137.501 136.532 133.676 132.035 118.213 112.101
threshold=39.999768200964162 0.22191477147072966 14.178227264086004 7.9500000000000011 3.5500000000000003 56.236432930216424 0 17.100000000000005 0.22483723692878679 0.49182408764005586 1 2 0.38010462090977026 4.613938987166704 3 19.650000000000002 0.12333333333333339 4 0.069400000000000003 0.16666666666666671 6.9500000000000011 0.18951000000000004 0.53900000000000015 4.8500000000000005 10.500000000000002 5 0.0018482202439440434 0.10618219335708402 6 28.476829325232853
decision_type=2 2 2 2 2 2 1 2 2 2 1 1 2 2 1 2 2 1 2 2 2 2 2 2 2 1 2 2 1 2
left_child=2 3 13 6 9 -5 16 12 11 10 26 -6 -8 -1 -10 24 27 25 23 -9 -13 -12 -16 -4 -7 -11 -3 -2 -18 -25
right_child=1 4 18 5 8 15 7 19 14 17 21 20 -14 -15 22 -17 28 -19 -20 -21 -22 -23 -24 29 -26 -27 -28 -29 -30 -31
leaf_value=-0.020171991871906627 0.045083965992964804 0.067041775453905356 -0.005882940172114842 0.025361585050912908 0.049243828279306179 0.10332522350065411 0.076151678578788143 0.059886161870248839 0.022730601947569727 -0.010452030885102373 0.013681917444678315 0.019105046403641843 0.038719794992896676 -0.013093431986279111 0.051439703382852218 0.087452432189604828 0.063866533135946174 0.017626088889313128 0.018466768958072095 0.092131028408068222 0.067323283293327457 0.032339327399221476 0.080832474354654557 -0.00146948793694155 0.17125437476325492 0.010245803088004941 0.032306743928342353 0.017075538016258447 0.031997234635177202 0.011226795330602489
leaf_weight=18276 199 106 2747 60 439 59 172 325 261 434 2244 1152 911 5096 743 190 238 1781 430 255 64 470 198 1476 64 799 1757 639 355 1085
leaf_count=18276 199 106 2747 60 439 59 172 325 261 434 2244 1152 911 5096 743 190 238 1781 430 255 64 470 198 1476 64 799 1757 639 355 1085
internal_value=-0.000105767 0.0308318 -0.014895 0.0503946 0.0243357 0.0951618 0.0449677 0.0547217 0.03818 0.0191204 0.0240117 0.0293296 0.0447322 -0.0186293 0.0503288 0.108409 0.0329874 0.0116862 0.000315686 0.0742021 0.0215217 0.0168627 0.0571006 -0.00115737 0.139791 0.00293002 0.0341365 0.0237761 0.0464929 0.00391056
internal_weight=43025 13915 29110 3467 10448 373 3094 1663 2857 7591 4577 1655 1083 23372 1202 313 1431 3014 5738 580 1216 2714 941 5308 123 1233 1863 838 593 2561
internal_count=43025 13915 29110 3467 10448 373 3094 1663 2857 7591 4577 1655 1083 23372 1202 313 1431 3014 5738 580 1216 2714 941 5308 123 1233 1863 838 593 2561
cat_boundaries=0 1 2 3 4 5 6 7
cat_threshold=1810617 2163596 659424 2706464 1 3410736 4115
is_linear=0
shrinkage=0.03


Tree=18
num_leaves=31
num_cat=8
split_feature=40 6 37 16 30 29 32 3 27 6 38 22 27 3 26 36 2 3 2 37 16 28 26 2 34 15 2 28 3 36
split_gain=20937.4 1891.74 1662.26 870.053 685.484 381.045 333.839 305.484 283.668 283.87 262.797 236.469 221.03 209.104 208.347 197.104 184.662 172.37 156.853 150.332 155.032 150.232 150.295 147.701 144.486 142.302 136.367 119.662 117.343 113.414
threshold=1.0000000180025095e-35 1.0000000180025095e-35 0.35928538382566361 0.24200000000000008 21.166666666666668 1.5000000000000002 0.228017100192455 0 21.350000000000001 7.5833333333333348 0.2062870105025785 16.550000000000004 33.716666666666676 1 35.850000000000001 2.5587135167589561 2 3 4 0.31155265625488365 0.19942000000000001 25.610000000000003 33.550000000000004 5 0.29094737727851966 0.073333333333333403 6 0.14000000000000024 7 0.98280806891928774
decision_type=2 2 2 2 2 2 2 1 2 2 2 2 2 1 2 2 1 1 1 2 2 2 2 1 2 2 1 2 1 2
left_child=1 27 3 6 11 19 15 16 9 -6 28 17 13 -12 -9 26 -8 23 -19 -3 -21 -10 -23 -4 -14 -7 -2 -1 -5 -13
right_child=2 5 4 10 8 25 7 14 21 -11 12 29 24 -15 -16 -17 -18 18 -20 20 -22 22 -24 -25 -26 -27 -28 -29 -30 -31
leaf_value=-0.018522983359463837 -0.0093935658412484004 -0.0079550033870492958 0.045691659421095619 0.050388589186489634 0.046160670526673858 0.0042499957923843651 0.035496866087659312 0.028407632666822318 0.12805888717380517 0.11011451852145969 0.062671493542362719 0.052284082436335887 0.12168044301405034 0.033423419564568853 0.058983893810305332 -0.014926121304690275 0.006633201803399524 0.025541382986340122 0.059466006921311342 -4.3603977756567086e-05 0.03398646528492303 0.10740082130522831 0.057817934014356864 0.018420718356857907 0.063986394157649576 0.021005448697282363 0.017269838694389285 -0.0091450579423887086 0.015610280136778624 0.091448199442625042
leaf_weight=20982 184 3991 272 123 320 1180 244 3810 101 78 457 828 57 641 212 211 998 246 450 1823 128 114 116 662 141 744 2219 1305 362 74
leaf_count=20982 184 3991 272 123 320 1180 244 3810 101 78 457 828 57 641 212 211 998 246 450 1823 128 114 116 662 141 744 2219 1305 362 74
internal_value=0.000180799 -0.0135105 0.0321326 0.0258747 0.0506537 -0.000861491 0.0215879 0.0259409 0.0763102 0.0589464 0.0448123 0.0432384 0.0518696 0.0465199 0.0299598 0.0128144 0.0125679 0.0363672 0.0480636 -0.00461916 0.00220375 0.0969392 0.0827653 0.0268052 0.0811384 0.0107383 0.0152567 -0.0179744 0.0258801 0.0555981
internal_weight=43073 30153 12920 9659 3261 7866 7878 5264 729 398 1781 2532 1296 1098 4022 2614 1242 1630 696 5942 1951 331 230 934 198 1924 2403 22287 485 902
internal_count=43073 30153 12920 9659 3261 7866 7878 5264 729 398 1781 2532 1296 1098 4022 2614 1242 1630 696 5942 1951 331 230 934 198 1924 2403 22287 485 902
cat_boundaries=0 1 2 3 4 5 6 7 8
cat_threshold=1860656 1221258 918596 1200972 139810 262980 2099202 3678210
is_linear=0
shrinkage=0.03


Tree=19
num_leaves=31
num_cat=12
split_feature=39 0 39 39 37 39 3 34 2 14 4 2 36 31 3 9 3 2 7 30 2 20 5 2 3 27 2 2 0 17
split_gain=20344.9 1894.06 1209.13 873.923 714.683 710.469 371.63 286.99 282.526 278.15 269.781 268.984 245.309 236.534 212.631 207.163 185.028 174.127 173.123 143.394 138.623 135.211 133.714 128.112 120.485 112.665 109.854 108.753 99.5525 97.6502
threshold=30.010767099544015 6.2500000000000009 62.579940443425009 9.9162845234424477 0.27399732154884099 71.230197990120374 0 0.21857197635051973 1 0.090090000000000017 2 3 1.0137495146524722 30.900000000000002 4 0.33361666666666673 5 6 4.9000000000000012 38.166666666666679 7 29.500000000000004 1.0000000180025095e-35 8 9 14.583333333333337 10 11 7.0500000000000007 1.3127000000000002
decision_type=2 2 2 2 2 2 1 2 1 2 1 1 2 2 1 2 1 1 2 2 1 2 2 1 1 2 1 1 2 2
left_child=3 2 9 -1 10 12 11 13 -8 16 14 -6 17 29 -4 26 23 28 -19 -15 -12 -11 24 -2 -5 -17 -9 -14 -3 -7
right_child=1 5 4 22 6 7 8 15 -10 21 20 -13 27 19 -16 25 -18 18 -20 -21 -22 -23 -24 -25 -26 -27 -28 -29 -30 -31
leaf_value=-0.018381192781067198 0.025253748113824422 0.052655762523155784 0.025256206555348867 0.0014332378058844908 0.035446557676941534 0.057256613057137515 0.043235741256703986 0.013641006033780963 0.017821241640191502 0.020754895106937243 0.052611088529590198 0.062014567018757454 0.006122209420219028 0.14671186965026636 0.0063621327181465808 0.10829685374591498 -9.0066495061103251e-05 0.055123353218279596 0.11248388624859268 0.091157786878217004 0.026484570115887628 0.059527482127389786 0.00084042243833678133 0.008259791343626496 -0.011575463880761215 0.061191229304283862 0.051445815549784571 0.031896672129070248 0.012543668364859978 0.096183277856558544
leaf_weight=21483 567 86 939 830 743 241 769 118 911 1087 216 934 249 65 1287 79 1785 304 57 149 2536 87 2087 1426 2846 124 367 432 158 81
leaf_count=21483 567 86 939 830 743 241 769 118 911 1087 216 934 249 65 1287 79 1785 304 57 149 2536 87 2087 1426 2846 124 367 432 158 81
internal_value=0.000106222 0.0271923 0.0226738 -0.0155984 0.0296493 0.0510919 0.0403498 0.0674609 0.0296618 0.0109287 0.0224261 0.050553 0.0354695 0.0840015 0.0144186 0.0544671 0.00696063 0.0493749 0.0627411 0.10865 0.0287376 0.0236789 -0.00522293 0.0132081 -0.00866542 0.0799787 0.0436403 0.0230572 0.025798 0.0673255
internal_weight=43043 15797 13287 27246 8335 2510 3357 1224 1680 4952 4978 1677 1286 536 2226 688 3778 605 361 214 2752 1174 5763 1993 3676 203 485 681 244 322
internal_count=43043 15797 13287 27246 8335 2510 3357 1224 1680 4952 4978 1677 1286 536 2226 688 3778 605 361 214 2752 1174 5763 1993 3676 203 485 681 244 322
cat_boundaries=0 1 2 3 4 5 6 7 8 9 10 11 12
cat_threshold=4293557 918340 1 1188698 1147787 4276959 2206152 658464 4587968 115201 131666 541379
is_linear=0
shrinkage=0.03


Tree=20
num_leaves=31
num_cat=6
split_feature=40 0 27 34 0 3 4 0 35 19 3 7 38 14 23 33 28 1 28 3 36 0 13 38 27 6 16 9 3 33
split_gain=18274.4 1675.05 1590.74 680.265 439.624 361.459 311.883 300.874 284.983 274.38 227.287 215.137 204.821 201.297 200.388 186.974 168.292 179.382 151.51 147.241 136.517 134.986 125.003 123.575 167.667 122.52 104.776 93.8546 89.2034 86.532
threshold=1.0000000180025095e-35 6.2500000000000009 0.033333333333333617 0.35356127005809629 11.100000000000003 0 1 5.6500000000000012 1.7662013802629766 2.1290000000000004 2 3.5500000000000003 0.081351624829595695 0.00031500000000000007 3.9000000000000004 0.22337728612186056 12.510000000000003 3 18.690000000000005 4 1.1628156447015161 4.6500000000000012 0.20426500000000006 0.35736213633081482 11.533333333333337 2.4166666666666674 0.15616300000000008 0.026583333333333337 5 0.2744860065137123
decision_type=2 2 2 2 2 1 1 2 2 2 1 2 2 2 2 2 2 1 2 1 2 2 2 2 2 2 2 2 1 2
left_child=2 3 21 5 8 11 10 13 19 12 29 26 -7 -4 -10 -12 -6 -18 -13 20 -3 -1 -16 -9 27 -8 -2 -25 -15 -5
right_child=1 4 7 6 16 9 25 23 14 -11 15 18 -14 28 22 -17 17 -19 -20 -21 -22 -23 -24 24 -26 -27 -28 -29 -30 -31
leaf_value=-0.017865391288277559 0.031434733854607974 0.0093889318200974497 -0.0061646908345249227 -0.0040562048301247787 0.14274174926678337 0.045015436213754582 0.018597426069437453 0.006296978515366234 0.036205699388776741 0.083653729378485253 0.0012723704898561416 0.0465829700042679 0.019680752207896397 -0.0023931768189168305 0.059961996112945268 0.025568508365777398 0.11254718681549031 0.044684099378416671 0.075790898953545585 0.019394327208900629 0.05219719668001141 -0.012609081348965085 0.086759001767950122 0.003026097286878744 0.074151597219333051 0.029830597918509283 0.051357758689611212 0.034211720087627732 0.011566147962026025 0.018345771653288826
leaf_weight=16940 1231 77 4290 911 53 335 1796 594 241 69 408 622 2028 685 572 948 71 73 221 333 555 5962 228 163 59 1722 299 186 1021 186
leaf_count=16940 1231 77 4290 911 53 335 1796 594 241 69 408 622 2028 685 572 948 71 73 221 333 555 5962 228 163 59 1722 299 186 1021 186
internal_value=0.000230468 0.0299551 -0.0126729 0.0250774 0.0537911 0.0334817 0.0183093 -0.000154366 0.0495408 0.0249362 0.00995102 0.0419424 0.0232912 -0.00269836 0.0604547 0.0181331 0.0965862 0.0787105 0.0543244 0.0377139 0.0462783 -0.0164978 0.0677017 0.0150535 0.0277481 0.0240353 0.0353611 0.0197053 0.00601501 -0.000239711
internal_weight=42879 12979 29900 10776 2203 4805 5971 6998 2006 2432 2453 2373 2363 5996 1041 1356 197 144 843 965 632 22902 800 1002 408 3518 1530 349 1706 1097
internal_count=42879 12979 29900 10776 2203 4805 5971 6998 2006 2432 2453 2373 2363 5996 1041 1356 197 144 843 965 632 22902 800 1002 408 3518 1530 349 1706 1097
cat_boundaries=0 1 2 3 4 5 6
cat_threshold=99261 1 8164388 2 3184655 3064161
is_linear=0
shrinkage=0.03


Tree=21
num_leaves=31
num_cat=4
split_feature=39 0 39 39 39 36 0 28 27 21 3 26 3 3 32 16 35 26 20 39 3 17 36 26 34 26 39 28 25 39
split_gain=17521.1 1754.38 1065.04 1006.24 571.636 397.092 291.862 289.385 281.233 232.168 197.76 193.968 199.107 180.747 174.546 174.661 149.022 210.442 141.405 132.281 127.806 127.664 126.522 193.755 117.355 114.691 106.864 104.168 103.259 92.0528
threshold=33.29363504060067 5.3500000000000005 73.750083440511872 9.9162845234424477 72.511101486736052 1.093948175193997 8.4500000000000011 13.730000000000002 0.46666666666666673 22.166666666666668 0 24.050000000000004 1 2 0.2297403256731495 0.32219600000000009 1.93590187106744 31.350000000000005 21.500000000000004 20.366532454004062 3 0.44080000000000003 1.4719704698019578 12.250000000000002 0.08393040806221029 33.250000000000007 63.411469877615808 3.8900000000000001 28.180000000000003 3.320801342114343
decision_type=2 2 2 2 2 2 2 2 2 2 1 2 1 1 2 2 2 2 2 2 1 2 2 2 2 2 2 2 2 2
left_child=3 4 9 29 7 -6 14 18 13 11 -10 12 -3 -7 -4 -16 28 -18 20 -5 -2 -20 23 -9 27 -13 -11 -21 -8 -1
right_child=1 2 6 19 5 8 16 22 10 26 -12 25 -14 -15 15 -17 17 -19 21 24 -22 -23 -24 -25 -26 -27 -28 -29 -30 -31
leaf_value=-0.018179520056995645 0.01252293801011848 0.012098322647572428 0.030691055365723887 -0.0071985369342500464 0.042015126122250362 0.019656919759548405 0.082312370604256516 0.013732259037076203 0.025716187229771519 0.031507617708726753 0.010257867723378264 0.063295692180210597 0.030270314419544416 0.049775591612407639 0.047890100283967667 0.068119201894460302 0.13367067439182773 0.062460146498041491 0.046386406255671753 0.0023768566908205259 0.0012472771429937542 0.013619018774046966 0.016458901703306109 0.060585251367695693 0.00028143409112446355 0.030607650257923332 0.076759096951837205 0.063427706637803241 0.027501662901749734 -0.0133796559550981
leaf_weight=16763 1641 1024 317 3797 1071 376 73 130 1376 80 1726 175 1281 450 1102 608 90 69 149 50 2023 380 333 207 2539 224 122 50 56 4605
leaf_count=16763 1641 1024 317 3797 1071 376 73 130 1376 80 1726 175 1281 450 1102 608 90 69 149 50 2023 380 333 207 2539 224 122 50 56 4605
internal_value=0.000109071 0.0261426 0.0402048 -0.0140138 0.0186944 0.0258185 0.0553886 0.0113667 0.021392 0.028093 0.0172379 0.0257548 0.0223912 0.0369489 0.0513181 0.05512 0.0837507 0.10337 0.00843602 -0.00361351 0.00633775 0.0229242 0.0296631 0.0426144 0.00154427 0.0450744 0.059096 0.0332577 0.0589362 -0.0171459
internal_weight=42887 15083 5221 27804 9862 4999 2315 4863 3928 2906 3102 2704 2305 826 2027 1710 288 159 4193 6436 3664 529 670 337 2639 399 202 100 129 21368
internal_count=42887 15083 5221 27804 9862 4999 2315 4863 3928 2906 3102 2704 2305 826 2027 1710 288 159 4193 6436 3664 529 670 337 2639 399 202 100 129 21368
cat_boundaries=0 1 2 3 4
cat_threshold=74511 5015410 1975460 82927
is_linear=0
shrinkage=0.03


Tree=22
num_leaves=31
num_cat=6
split_feature=39 31 37 32 39 39 28 4 39 2 10 39 23 17 2 26 2 17 0 2 0 8 37 30 2 0 25 36 25 39
split_gain=16732.4 1686.33 844.46 707.209 663.623 588.658 464.546 421.563 307.059 315.445 295.184 218.259 218.251 209.027 194.005 217.615 174.958 197.242 161.515 159.871 157.354 155.248 143.627 139.909 127.252 106.395 101.093 122.832 88.7588 71.5867
threshold=29.203460637221855 17.900000000000002 0.35928538382566361 0.48369523658330754 9.5229491714906498 69.540775477258578 13.545000000000003 0 58.201312415578698 1 0.53230000000000011 75.925881975443488 1.3 1.4921500000000003 2 35.150000000000013 3 0.55125000000000013 9.4500000000000011 4 7.7500000000000009 0.044850000000000008 0.29371724288580187 1.8333333333333337 5 4.5500000000000007 20.445000000000004 0.83653932127100861 14.640000000000004 3.4612525681751536
decision_type=2 2 2 2 2 2 2 1 2 1 2 2 2 2 1 2 1 2 2 1 2 2 2 2 1 2 2 2 2 2
left_child=4 2 6 11 29 20 7 12 26 13 -11 19 -2 -10 -8 -16 28 -18 22 -3 24 -21 -13 -9 -4 -6 27 -5 -7 -1
right_child=1 3 5 8 25 16 14 23 9 10 -12 18 -14 -15 15 -17 17 -19 -20 21 -22 -23 -24 -25 -26 -27 -28 -29 -30 -31
leaf_value=-0.017585705309821013 0.0050205301833630934 0.010682758452700758 0.032444968344028269 0.082616770415232993 -0.0098124398496160659 -0.00063987649099536876 0.018590960751011042 0.0036295572335645334 0.040114758085536432 0.083189637401336114 0.15440145667945032 0.045788060437664181 0.032345230000525776 0.084189028832435384 0.031431327839184134 0.066130284582227195 0.070137569641428324 0.044079404457045113 0.091530952291899045 0.018420554846851157 0.057079319635549415 0.057793335232672251 0.0087474966824852996 0.012642091957216883 0.013091164118690735 -0.0016415416762384542 0.0039117642490641225 0.023507575706993959 0.035352648678323939 -0.013246142831536642
leaf_weight=17028 334 497 446 52 2581 91 920 2526 362 355 63 651 1250 134 738 210 398 797 60 179 103 184 111 4021 1124 3230 78 82 189 4312
leaf_count=17028 334 497 446 52 2581 91 920 2526 362 355 63 651 1250 134 738 210 398 797 60 179 103 184 111 4021 1124 3230 78 82 189 4312
internal_value=6.56821e-05 0.0244473 0.0199366 0.0455502 -0.0142622 0.0334876 0.0156672 0.0125643 0.0639585 0.0715119 0.0920751 0.0331944 0.0264256 0.0511443 0.0291575 0.038774 0.0473045 0.0523742 0.0442563 0.0225788 0.0212832 0.0374611 0.0404149 0.00915239 0.018898 -0.00527229 0.0311965 0.0469098 0.0228699 -0.0167096
internal_weight=43106 15955 13147 2808 27151 3148 9999 8131 1126 914 418 1682 1584 496 1868 948 1475 1195 822 860 1673 363 762 6547 1570 5811 212 134 280 21340
internal_count=43106 15955 13147 2808 27151 3148 9999 8131 1126 914 418 1682 1584 496 1868 948 1475 1195 822 860 1673 363 762 6547 1570 5811 212 134 280 21340
cat_boundaries=0 1 2 3 4 5 6
cat_threshold=6 2306524 3240233 1122330 1262425 4456776
is_linear=0
shrinkage=0.03


Tree=23
num_leaves=31
num_cat=11
split_feature=39 0 39 28 2 35 0 3 2 4 3 2 39 38 7 3 23 22 39 38 2 23 39 2 6 39 26 2 2 30
split_gain=15738.4 1321.37 980.781 599.683 521.262 495.592 448.092 425.738 268.765 215.801 211.559 262.016 206.034 197.827 177.605 168.922 221.526 163.614 155.369 165.912 141.706 135.412 121.171 120.517 117.698 112.038 106.93 104.341 103.308 101.166
threshold=36.147527237043597 5.4500000000000011 15.075682371542884 17.263333333333339 0 1.1969023224751212 10.550000000000002 1 2 3 4 5 61.669851285910617 0.37334731449575081 2.9000000000000004 6 15.500000000000002 0.22500000000000003 74.899661392702555 0.19152872356454345 7 23.300000000000001 70.687269199479502 8 4.8333333333333348 77.29908396526956 1.0000000180025095e-35 9 10 25.166666666666668
decision_type=2 2 2 2 1 2 2 1 1 1 1 1 2 2 2 1 2 2 2 2 1 2 2 1 2 2 2 1 1 2
left_child=2 5 17 6 15 9 12 8 22 10 11 -2 27 -10 21 29 -17 -1 19 -6 -14 -9 -7 -16 26 -11 -4 -3 -27 -5
right_child=1 3 24 4 18 7 -8 14 13 25 -12 -13 20 -15 23 16 -18 -19 -20 -21 -22 -23 -24 -25 -26 28 -28 -29 -30 -31
leaf_value=-0.01659175086982238 0.032745310533856327 0.032305224685430789 -0.0049614379088350887 0.10272398080461119 -0.003313154177082812 0.03650288153648678 0.096874141936613742 0.011362729183278263 0.026425956712027548 0.012363783496758856 -0.00481592650238305 -0.00059173267928367811 0.051509935285080598 0.084592724274979395 0.015547965602694065 0.10059380529287525 0.036513261234804403 -0.0099369988127174444 0.051975172526638809 0.039273355136391047 0.028721860600230447 0.029852764978122608 0.064885802313506602 0.035262669190997825 0.044095042180059094 0.013336541254399344 0.0042800681517961726 0.013017490446471405 0.035179393796943619 0.16383914444241365
leaf_weight=19701 393 381 2544 56 101 221 87 2189 1396 1387 1087 455 407 54 520 87 113 4010 862 438 1017 426 374 800 52 394 2021 890 492 60
leaf_count=19701 393 381 2544 56 101 221 87 2189 1396 1387 1087 455 407 54 520 87 113 4010 862 438 1017 426 374 800 52 394 2021 890 492 60
internal_value=6.23216e-05 0.0252633 -0.0130038 0.0388052 0.0527554 0.0192797 0.0301784 0.0248306 0.0359993 0.0113865 0.00393601 0.0150761 0.0279891 0.0284549 0.0188785 0.0882973 0.0616956 -0.0154669 0.0437377 0.0312964 0.0358317 0.0143863 0.0535294 0.0279008 -0.000352864 0.0176285 -0.000869374 0.0191788 0.0260423 0.124822
internal_weight=43015 14687 28328 4499 1717 10188 2782 5980 2045 4208 1935 848 2695 1450 3935 316 200 23711 1401 539 1424 2615 595 1320 4617 2273 4565 1271 886 116
internal_count=43015 14687 28328 4499 1717 10188 2782 5980 2045 4208 1935 848 2695 1450 3935 316 200 23711 1401 539 1424 2615 595 1320 4617 2273 4565 1271 886 116
cat_boundaries=0 1 2 3 4 5 6 7 8 9 10 11
cat_threshold=4458532 99233 953376 1 206350 6390210 1081489 1314316 1288417 3285282 5390351
is_linear=0
shrinkage=0.03


Tree=24
num_leaves=31
num_cat=8
split_feature=39 0 39 39 24 36 2 3 2 34 3 30 4 0 16 23 13 2 38 0 38 33 34 39 14 21 3 2 23 37
split_gain=15321.3 1435.17 779.277 631.009 538.833 463.863 292.092 304.415 290.132 234.718 228.93 221.055 212.544 204.36 183.213 179.779 168.496 168.025 147.411 138.993 137.538 121.176 111.938 111.935 107.365 209.397 95.5311 94.2776 114.276 89.2068
threshold=33.29363504060067 5.5500000000000007 9.9162845234424477 62.579940443425009 13.916666666666668 1.9453959874516269 0 1 2 0.22191477147072966 3 20.416666666666668 4 7.9500000000000011 0.30603200000000008 1.9000000000000001 0.15024600000000005 5 0.076658592350731372 4.5500000000000007 0.13671343558803026 0.12562602989009833 0.18768520888905293 59.944667804669379 0.34162500000000007 7.8333333333333348 6 7 16.900000000000002 0.33336356360744496
decision_type=2 2 2 2 2 2 1 1 1 2 1 2 1 2 2 2 2 1 2 2 2 2 2 2 2 2 1 1 2 2
left_child=2 3 -1 17 9 8 7 14 11 13 -11 -5 -10 22 -6 -15 -9 18 -2 -4 29 -7 -3 -22 -19 -26 -23 -21 -29 -8
right_child=1 4 19 5 6 21 20 16 12 10 -12 -13 -14 15 -16 -17 -18 24 -20 27 23 26 -24 -25 25 -27 -28 28 -30 -31
leaf_value=-0.015661249713028048 -0.011713565683864023 0.027262201481966512 -0.0088436336686255161 0.03176957781455815 0.066037779176238709 -0.014056091474542438 -0.0092839966220005093 0.02174685808516651 0.0162964888281029 0.0040840338584497765 0.032645387453117514 0.059557342150301049 0.038736359468009893 0.043418586070882156 0.10637384474298482 0.1204323875693714 0.07935300975044568 0.013337491377693852 0.0076814324687044626 -0.0054178873904415841 0.026197762096501574 0.0038446577011899338 0.061636157301824673 0.049389407645135233 -0.002692424789816141 0.071139895041753734 0.019703089614949158 0.0031036586326328298 0.045469133780164234 0.035450298194701857
leaf_weight=21544 477 448 2729 2998 211 171 71 172 2212 515 509 283 473 63 212 50 62 1905 1344 1572 232 645 106 1078 59 82 764 2021 58 90
leaf_count=21544 477 448 2729 2998 211 171 71 172 2212 515 509 283 473 63 212 50 62 1905 1344 1572 232 645 106 1078 59 82 764 2021 58 90
internal_value=0.000267747 0.0244693 -0.012934 0.019139 0.0403888 0.0241888 0.05044 0.0680061 0.0280167 0.027716 0.0186603 0.0340809 0.0203926 0.0415653 0.0844715 0.0782793 0.0357732 0.00928045 0.00258157 -0.0037233 0.0418055 0.00972444 0.0339438 0.0453076 0.0151504 0.040423 0.0126206 0.000104535 0.00428769 0.0157687
internal_weight=43156 15232 27924 11413 3819 7546 2128 657 5966 1691 1024 3281 2685 667 423 113 234 3867 1821 6380 1471 1580 554 1310 2046 141 1409 3651 2079 161
internal_count=43156 15232 27924 11413 3819 7546 2128 657 5966 1691 1024 3281 2685 667 423 113 234 3867 1821 6380 1471 1580 554 1310 2046 141 1409 3651 2079 161
cat_boundaries=0 1 2 3 4 5 6 7 8
cat_threshold=5541408 118937 7098060 4248403 9 3234329 6097744 1133671
is_linear=0
shrinkage=0.03


Tree=25
num_leaves=31
num_cat=10
split_feature=39 31 39 36 39 32 4 15 2 3 3 0 2 39 0 38 23 2 30 2 38 2 8 26 0 39 2 39 2 32
split_gain=13518.6 1369.29 673.036 569.973 535.499 414.796 235.724 233.647 261.072 226.223 223.82 205.714 204.463 177.791 162.587 157.532 154.916 149.587 130.868 127.547 127.23 117.335 115.638 123.62 114.796 105.981 85.9848 84.0007 77.5181 89.1647
threshold=28.476829325232853 19.450000000000003 62.579940443425009 1.093948175193997 6.9072513083498466 0.36373146487505237 0 0.71350666666666684 1 2 3 7.9500000000000011 4 75.925881975443488 7.2500000000000009 0.36860794811053638 3.1000000000000005 5 15.41666666666667 6 0.36074471701805494 7 0.05945000000000001 26.650000000000006 6.5500000000000007 83.870907579820212 8 16.657263029366618 9 0.28574950900718626
decision_type=2 2 2 2 2 2 1 2 1 1 1 2 1 2 2 2 2 1 2 1 2 1 2 2 2 2 1 2 1 2
left_child=4 2 9 11 -1 13 10 8 16 14 -5 12 -4 28 17 -9 -7 -2 -10 -15 27 -8 26 -24 -21 -17 -11 -6 29 -3
right_child=1 5 3 6 20 7 21 15 18 22 -12 -13 -14 19 -16 25 -18 -19 -20 24 -22 -23 23 -25 -26 -27 -28 -29 -30 -31
leaf_value=-0.015694697691651022 0.022980069471412817 0.015987408268023973 0.040802271808424301 0.0020324120356459306 -0.010215666939745308 0.00067687600695568579 0.01745088241848812 0.12156320523364203 0.017663890645720739 0.0093038702622781633 0.019372938602499109 0.092864971628314572 0.019186240101192166 0.0080824722192867089 0.047813523540729465 0.080980840299791135 0.039246696230979927 0.0069627347259589448 0.067064643812027327 0.036610871046071594 0.0051129397118978041 0.029959049561149448 0.011859888947917504 0.055460403794250809 0.07153773714635106 0.027721400664402887 -0.0018074356337962965 -0.0029058654652257027 0.0033386214247030999 0.057165747885427928
leaf_weight=19915 1082 161 1539 1181 3782 114 1387 62 54 967 1573 56 620 111 146 108 531 1071 552 243 819 1631 606 64 134 51 1740 2264 280 67
leaf_count=19915 1082 161 1539 1181 3782 114 1387 62 54 967 1573 56 620 111 146 108 531 1071 552 243 819 1631 606 64 134 51 1740 2264 280 67
internal_value=-0.000135426 0.0215596 0.017842 0.0234552 -0.0132039 0.0421238 0.0184839 0.0522473 0.047144 0.00994006 0.0119755 0.0363941 0.0348857 0.0271218 0.0171799 0.0807789 0.0319513 0.0151597 0.0616876 0.0400464 -0.00597656 0.0242958 0.00494134 0.0161056 0.0479218 0.0641964 0.00219031 -0.00747985 0.0146459 0.0271139
internal_weight=42911 16131 13663 7987 26780 2468 5772 1472 1251 5676 2754 2215 2159 996 2299 221 645 2153 606 488 6865 3018 3377 670 377 159 2707 6046 508 228
internal_count=42911 16131 13663 7987 26780 2468 5772 1472 1251 5676 2754 2215 2159 996 2299 221 645 2153 606 488 6865 3018 3377 670 377 159 2707 6046 508 228
cat_boundaries=0 1 2 3 4 5 6 7 8 9 10
cat_threshold=1 201691 86671 3048564 7212932 2493420 4358274 4575363 5121100 3217602
is_linear=0
shrinkage=0.03


Tree=26
num_leaves=31
num_cat=11
split_feature=39 7 39 34 31 2 3 15 2 3 2 16 3 17 14 14 36 38 30 29 3 3 7 4 34 39 2 22 39 3
split_gain=12736.2 1117.78 910.159 561.898 443.564 299.798 294.664 281.592 278.803 264.773 231.503 217.703 208.549 189.466 165.706 163.647 155.503 150.097 146.749 142.644 138.146 124.954 131.166 123.391 119.223 91.767 110.146 99.8882 89.3147 88.4916
threshold=37.019719696651642 3.5500000000000003 12.292110643587092 0.49182408764005586 32.100000000000009 0 1 0.4233683333333334 2 3 4 0.69444200000000023 5 0.51225000000000009 0.2600900000000001 0.073475000000000013 1.0592711917930564 0.10151912100660283 8.1666666666666696 32.500000000000007 6 7 5.7750000000000012 8 0.21685726953525467 19.02318375994642 9 8.5500000000000025 3.320801342114343 10
decision_type=2 2 2 2 2 1 1 2 1 1 1 2 1 2 2 2 2 2 2 2 1 1 2 1 2 2 1 2 2 1
left_child=2 3 28 5 8 6 18 -8 12 -7 11 19 14 -14 -3 -11 24 -4 -2 -6 -18 22 -12 29 -10 -19 27 -27 -1 -5
right_child=1 4 17 23 10 9 7 -9 16 15 21 -13 13 -15 -16 -17 20 25 -20 -21 -22 -23 -24 -25 -26 26 -28 -29 -30 -31
leaf_value=-0.01568575083251136 0.012751617121322891 0.018770933944607285 -0.008900349316947399 -0.0091878813538655239 0.092526726889610278 0.004707598517432657 0.034481396201916557 0.10020648175038276 0.031165263849702817 0.016205997653313452 0.028492625761893577 0.11481864832162857 0.069489743563321826 0.040251613421591545 0.051406181099462815 0.033640925303339779 0.028739935064077408 -0.0041083373730618749 0.031962410331543144 0.044967956610589416 0.0098796381186208489 0.015944006825585263 0.076034641239975304 0.0116695233122128 0.070910338234984216 0.0097114943862035667 0.00073510123110111301 0.038816859475246837 -0.011352540871611515 0.0064872319115613537
leaf_weight=16780 1150 507 1697 567 89 1296 1826 60 462 1454 95 99 338 505 194 730 643 1564 521 167 838 179 121 1860 80 751 1792 123 5775 727
leaf_count=16780 1150 507 1697 567 89 1296 1826 60 462 1454 95 99 338 505 194 730 643 1564 521 167 838 179 121 1860 80 751 1792 123 5775 727
internal_value=-0.000173925 0.0227042 -0.0118279 0.0172809 0.0354991 0.0219968 0.0281616 0.0364328 0.0310712 0.0155629 0.0564844 0.0747811 0.0408316 0.0514372 0.0274759 0.0219473 0.0232871 -0.00136549 0.0186471 0.0618094 0.0183446 0.0370613 0.0529274 0.00675457 0.037157 0.00165804 0.00504227 0.0136942 -0.014577 -0.000398481
internal_weight=42990 14508 28482 10191 4317 7037 3557 1886 3567 3480 750 355 1544 843 701 2184 2023 5927 1671 256 1481 395 216 3154 542 4230 2666 874 22555 1294
internal_count=42990 14508 28482 10191 4317 7037 3557 1886 3567 3480 750 355 1544 843 701 2184 2023 5927 1671 256 1481 395 216 3154 542 4230 2666 874 22555 1294
cat_boundaries=0 1 2 3 4 5 6 7 8 9 10 11
cat_threshold=3067236 5127260 7114084 1728738 5671698 4007778 1089883 1085459 1 6300185 3935088
is_linear=0
shrinkage=0.03


Tree=27
num_leaves=31
num_cat=13
split_feature=39 0 39 0 39 34 37 28 3 39 2 3 3 2 22 2 2 1 0 2 39 6 3 15 36 3 16 4 24 3
split_gain=12361.4 1256.01 1024.59 557.896 447.735 404.598 390.025 312.292 278.442 275.424 277.079 273.922 252.598 209.558 298.461 184.137 174.088 170.759 139.601 136.611 119.793 119.102 117.266 145.247 202.747 114.794 229.331 110.077 105.639 90.5673
threshold=39.999768200964162 5.3500000000000005 14.178227264086004 11.100000000000003 59.944667804669379 0.35356127005809629 0.33897530673554371 12.510000000000003 0 71.230197990120374 1 2 3 4 17.100000000000005 5 6 7 5.4500000000000011 8 62.579940443425009 1.0000000180025095e-35 9 0.090000000000000108 1.1846203082812112 10 0.13605600000000004 11 36.683333333333344 12
decision_type=2 2 2 2 2 2 2 2 1 2 1 1 1 1 2 1 1 1 2 1 2 2 1 2 2 1 2 1 2 1
left_child=2 5 21 4 19 9 16 -5 13 25 12 -8 -11 14 -7 27 -6 -9 -4 -3 -17 -1 23 -20 -25 -2 -27 -10 -15 -12
right_child=1 3 18 7 6 8 11 17 15 10 29 -13 -14 28 -16 20 -18 -19 22 -21 -22 -23 -24 24 -26 26 -28 -29 -30 -31
leaf_value=-0.014581684620211352 0.0071253759612213688 0.036215011258003353 -0.0021028934109419977 0.15055911718681456 0.022543649747437628 0.025604596297702176 0.073239529264012754 0.098930783030967556 -0.0091920280148055523 0.05982627212661968 0.002032636601133907 0.041401712397760117 0.029755917844688409 0.01252184812157362 0.081197065265050952 0.00024986380181531707 0.042059586224756161 0.030517954181074294 0.012225883903856757 0.013014356357612781 0.017644249631573326 -0.007425092347704612 0.0025798399806798941 0.096253231374656453 0.012126401009917671 0.014895535420063064 0.054147943460418561 0.0064521667002973267 0.056625402202501021 0.023742872882651835
leaf_weight=21017 867 307 4498 50 1147 398 411 61 786 426 253 1000 845 1266 111 493 761 73 296 1006 1288 2330 800 50 53 614 171 812 50 630
leaf_count=21017 867 307 4498 50 1147 398 411 61 786 426 253 1000 845 1266 111 493 761 73 296 1006 1288 2330 800 50 53 614 171 812 50 630
internal_value=2.99567e-05 0.0233775 -0.0110846 0.0357455 0.0336945 0.016763 0.0395629 0.0869003 0.0113217 0.0241973 0.0312668 0.0515349 0.0402638 0.0207366 0.037141 0.00615161 0.0306855 0.0621855 0.000321545 0.0188394 0.0127622 -0.0138679 0.0094134 0.022441 0.0535264 0.0149645 0.0232126 -0.00125103 0.0141342 0.0176273
internal_weight=42870 13826 29044 4816 4632 9010 3319 184 5204 3806 2154 1411 1271 1825 509 3379 1908 134 5697 1313 1781 23347 1199 399 103 1652 785 1598 1316 883
internal_count=42870 13826 29044 4816 4632 9010 3319 184 5204 3806 2154 1411 1271 1825 509 3379 1908 134 5697 1313 1781 23347 1199 399 103 1652 785 1598 1316 883
cat_boundaries=0 1 2 3 4 5 6 7 8 9 10 11 12 13
cat_threshold=74523 3049252 32787 4244384 6294736 3293845 6378059 2 6553860 1262094 1629254 1 148168
is_linear=0
shrinkage=0.03


Tree=28
num_leaves=31
num_cat=14
split_feature=40 0 27 0 36 28 2 4 2 3 3 0 38 3 0 2 3 14 23 29 3 4 3 26 2 2 3 0 10 29
split_gain=11027.1 1178.4 1064.66 466.528 404.251 379.553 448.765 291.005 236.262 288.909 243.957 227.528 227.378 202.33 185.989 182.77 142.355 132.777 128.595 141.748 126.794 118.48 117.261 108.112 121.195 119.771 105.917 97.2392 95.8116 91.6984
threshold=1.0000000180025095e-35 5.3500000000000005 0.033333333333333617 11.100000000000003 1.9453959874516269 16.345000000000002 0 1 2 3 4 5.6500000000000012 0.37628453210840196 5 6.4500000000000011 6 7 0.052180000000000011 8.5000000000000018 53.500000000000007 8 9 10 0.25000000000000006 11 12 13 4.6500000000000012 0.094060000000000032 10.500000000000002
decision_type=2 2 2 2 2 2 1 1 1 1 1 2 2 1 2 1 1 2 2 2 1 1 1 2 1 1 1 2 2 2
left_child=2 4 27 5 7 15 14 12 9 -9 -10 17 22 -8 -7 20 -17 -4 -5 -20 -3 -6 -2 24 28 -25 -23 -1 -13 -27
right_child=1 3 11 18 21 6 13 8 10 -11 -12 23 -14 -15 -16 16 -18 -19 19 -21 -22 26 -24 25 -26 29 -28 -29 -30 -31
leaf_value=-0.014071200524099345 0.042192258647799179 0.0011899111897200924 -0.0036048283533284585 0.12349382503593669 0.012307967009676962 0.066312914504645104 0.057830385291629108 0.048066115481590926 0.021595007404876482 0.017903008919637513 0.0072849700285869913 0.0067832992117319779 0.094220899857972801 0.032111645929315702 0.13571337224046387 0.040074367338283609 0.020179161656243491 0.0092415914149265015 0.041326299984267977 0.10484393674472593 0.023912987524878419 0.0078200828669788801 0.018569066197979898 0.0062459051144502023 -0.0072063168029238055 0.050989027550007615 -0.011766595993711049 -0.0096167261643167433 0.047922450028635842 0.012304045677005526
leaf_weight=16976 490 376 5284 50 855 75 420 457 2039 864 2329 139 56 1284 71 932 624 838 85 52 557 445 406 221 330 174 537 5980 80 82
leaf_count=16976 490 376 5284 50 855 75 420 457 2039 864 2329 139 56 1284 71 932 624 838 85 52 557 445 406 221 330 174 537 5980 80 82
internal_value=0.000208939 0.0232938 -0.00976336 0.0356542 0.0166914 0.0336379 0.0439382 0.0201365 0.0174536 0.028651 0.0140031 0.000346702 0.0355745 0.0387828 0.0943576 0.0259663 0.0322954 -0.00184466 0.0819946 0.066042 0.0148793 0.00423099 0.0322014 0.0134142 0.00431641 0.023848 -0.00289943 -0.0129114 0.021019 0.0372559
internal_weight=43108 13004 30104 4526 8478 4339 1850 6641 5689 1321 4368 7148 952 1704 146 2489 1556 6122 187 137 933 1837 896 1026 549 477 982 22956 219 256
internal_count=43108 13004 30104 4526 8478 4339 1850 6641 5689 1321 4368 7148 952 1704 146 2489 1556 6122 187 137 933 1837 896 1026 549 477 982 22956 219 256
cat_boundaries=0 1 2 3 4 5 6 7 8 9 10 11 12 13 14
cat_threshold=264224 6 803140 6324235 330583 139 613395 3758093 24000 12 4303691 974870 1629385 2753722
is_linear=0
shrinkage=0.03


Tree=29
num_leaves=31
num_cat=11
split_feature=39 0 39 22 39 2 0 2 12 39 3 3 2 3 36 2 37 34 30 35 36 8 1 18 36 3 2 17 3 12
split_gain=10983.9 1323.6 577.708 531.02 491.803 342.105 296.194 273.537 269.575 258.612 250.611 227.593 225.61 207.759 180.414 180.355 180.028 168.045 159.435 154.069 118.437 109.563 102.022 126.475 120.466 101.96 90.1746 89.7319 86.9975 82.6729
threshold=30.010767099544015 5.4500000000000011 58.201312415578698 16.900000000000002 8.1788506348415009 0 9.1500000000000004 1 0.22825500000000004 62.579940443425009 2 3 4 5 1.3792359604955113 6 0.14098802411420072 0.17018166255042402 19.166666666666668 1.287774910996228 0.69899366165907983 0.05945000000000001 7 0.81251666666666678 1.0881880682017655 8 9 0.030150000000000003 10 0.1574033333333334
decision_type=2 2 2 2 2 1 2 1 2 2 1 1 1 1 2 1 2 2 2 2 2 2 1 2 2 1 1 2 1 2
left_child=4 3 12 9 -1 8 20 13 10 21 -4 -9 22 19 -13 -15 26 -8 -18 -5 -7 25 24 -24 -3 -2 -11 -6 -14 -23
right_child=1 2 5 7 27 6 17 11 -10 16 -12 14 28 15 -16 -17 18 -19 -20 -21 -22 29 23 -25 -26 -27 -28 -29 -30 -31
leaf_value=-0.013877021363561226 0.0075982363992555535 0.035261174612290863 0.079734749659247289 0.074951942290739815 -0.0062561260078363105 0.053222406314789417 0.10241387517802855 0.0003858180636818371 0.11026520679924974 -0.0056032536301223951 0.034776804731321581 0.046704442462929575 -0.0020133708441186973 0.0013118425591467967 0.012839607978399916 0.035699793653758319 0.016652678676798375 0.045599199572100055 0.039574827806726436 0.040741329617674231 0.029772858846210361 0.012202684336013597 0.029768776096897886 -0.021831832273934895 0.081137287843369821 -0.0032866862837926379 0.011838390443397788 0.0023310187761899069 0.016119554717135512 0.049528917140487967
leaf_weight=20575 1601 232 213 156 5147 215 84 506 87 453 365 264 380 236 307 346 3395 112 297 522 2122 711 243 51 67 1483 624 1390 635 57
leaf_count=20575 1601 232 213 156 5147 215 84 506 87 453 365 264 380 236 307 346 3395 112 297 522 2122 711 243 51 67 1483 624 1390 635 57
internal_value=-2.12558e-05 0.0198911 0.0330171 0.0141315 -0.0115995 0.0403938 0.0348155 0.0268147 0.0601272 0.0106902 0.0534364 0.0151992 0.0183285 0.0363124 0.0280658 0.0220436 0.0153598 0.0703598 0.0185077 0.048009 0.0319533 0.0049058 0.0328883 0.0207638 0.0457873 0.00237765 0.00455888 -0.00442966 0.00937915 0.0150377
internal_weight=42876 15764 4806 10958 27112 3198 2533 2337 665 8621 578 1077 1608 1260 571 582 4769 196 3692 678 2337 3852 593 294 299 3084 1077 6537 1015 768
internal_count=42876 15764 4806 10958 27112 3198 2533 2337 665 8621 578 1077 1608 1260 571 582 4769 196 3692 678 2337 3852 593 294 299 3084 1077 6537 1015 768
cat_boundaries=0 1 2 3 4 5 6 7 8 9 10 11
cat_threshold=4492320 6983632 2196113 2976364 7217444 129803 2512 2 203485 1065162 37190
is_linear=0
shrinkage=0.03


Tree=30
num_leaves=31
num_cat=13
split_feature=39 7 31 2 6 15 2 0 14 17 2 39 28 3 31 36 0 0 36 2 3 3 3 3 39 4 3 3 2 0
split_gain=10194.7 1108.4 640.46 452.891 363.02 239.223 235.28 248.528 232.616 446.367 230.461 214.446 181.346 181.328 159.614 137.183 135.63 127.361 110.111 124.649 106.61 105.534 104.402 97.3289 82.3147 81.5349 104.167 76.4701 91.1633 72.3973
threshold=27.78039189847232 2.3666666666666671 30.900000000000002 0 1.0000000180025095e-35 0.24000000000000007 1 9.8500000000000032 0.19021500000000002 0.40105000000000007 2 63.411469877615808 35.050000000000011 3 49.70000000000001 0.71728040636872958 9.4500000000000011 5.4500000000000011 1.0416177471094739 4 5 6 7 8 69.540775477258578 9 10 11 12 4.7500000000000009
decision_type=2 2 2 1 2 2 1 2 2 2 1 2 2 1 2 2 2 2 2 1 1 1 1 1 2 1 1 1 1 2
left_child=4 10 3 8 -1 13 14 12 20 -10 15 17 -8 -5 24 -2 -7 21 19 -13 -3 -12 -20 -19 -4 26 -17 28 -6 -29
right_child=1 2 6 5 27 16 7 -9 9 -11 11 18 -14 -15 -16 25 -18 23 22 -21 -22 -23 -24 -25 -26 -27 -28 29 -30 -31
leaf_value=-0.013298651563421792 0.052789463838705648 0.012163559667782904 0.010325558980875837 0.032022500600553686 0.012654272539073901 0.027557005693316029 0.047867760261133568 0.10958167556978084 0.12974279240098258 0.043438083802834759 0.012060555101129918 0.047580019953268868 0.10717919322623397 0.012660605450565139 -0.011533204566066463 -0.012868464024040373 0.074955365241946362 0.031939752860080162 0.025933173749076818 0.017485066707684276 0.035271355246612943 -0.0010878574787665689 0.0099704036478117878 0.0098268591356422148 0.047467193725669904 0.007634643898052091 0.004601338712646898 -0.010887244045834681 -0.0035184579319944157 -0.0025534765098388706
leaf_weight=21357 51 266 72 504 436 1417 441 87 63 362 1159 279 52 3463 71 492 56 338 752 295 982 1039 809 437 221 1856 780 1896 1042 1860
leaf_count=21357 51 266 72 504 436 1417 441 87 63 362 1159 279 52 3463 71 492 56 338 752 295 982 1039 809 437 221 1856 780 1896 1042 1860
internal_value=-0.000102632 0.0185428 0.0264661 0.0233777 -0.0115633 0.0190482 0.0496839 0.0617381 0.0370988 0.0565131 0.0108369 0.0147772 0.0543341 0.0152413 0.0278962 0.00444162 0.0294106 0.00959012 0.0220601 0.0333072 0.030742 0.00589613 0.0179038 0.0200418 0.0384166 0.00364995 -0.00220591 -0.00448073 0.00130861 -0.00674492
internal_weight=42935 16344 8057 7113 26591 5440 944 580 1673 425 8287 5108 493 3967 364 3179 1473 2973 2135 574 1248 2198 1561 775 293 3128 1272 5234 1478 3756
internal_count=42935 16344 8057 7113 26591 5440 944 580 1673 425 8287 5108 493 3967 364 3179 1473 2973 2135 574 1248 2198 1561 775 293 3128 1272 5234 1478 3756
cat_boundaries=0 1 2 3 4 5 6 7 8 9 10 11 12 13
cat_threshold=790052 2646637 1167381 6145 7080320 1456192 86783 7410446 4411017 1 5067333 58900 434444
is_linear=0
shrinkage=0.03


Tree=31
num_leaves=31
num_cat=8
split_feature=40 34 27 16 2 3 35 7 2 3 1 33 22 3 38 17 2 36 26 27 36 29 37 38 16 31 20 3 13 15
split_gain=9443.79 916.111 814.021 583.424 325.439 508.888 473.37 326.08 316.223 334.562 258.35 193.764 186.59 180.17 189.61 188.6 184.439 321.969 166.565 153.832 149.942 142.589 131.771 126.895 122.976 120.076 103.085 98.3541 88.5435 78.4901
threshold=1.0000000180025095e-35 0.22191477147072966 0.16666666666666677 0.21049100000000007 0 1 2.2211842616679305 7.7750000000000012 2 3 4 0.23011101256970332 13.550000000000002 5 0.39070142570006683 0.88110000000000011 6 1.5434839881349653 28.350000000000005 22.583333333333339 2.5587135167589561 1.5000000000000002 0.38819207120841798 0.001644317900470871 0.29017500000000007 18.100000000000005 1.0000000180025095e-35 7 0.019160000000000003 0.049155000000000004
decision_type=2 2 2 2 1 1 2 2 1 1 1 2 2 1 2 2 1 2 2 2 2 2 2 2 2 2 2 1 2 2
left_child=2 4 26 8 5 6 10 19 9 11 -2 -3 -8 14 15 -5 17 -15 -7 22 27 -4 -6 -11 -20 -21 -1 -10 -18 -23
right_child=1 3 21 13 7 18 12 -9 20 23 -12 -13 -14 16 -16 -17 28 -19 24 25 -22 29 -24 -25 -26 -27 -28 -29 -30 -31
leaf_value=-0.012023169337993052 0.069181227066461473 -0.012249409834742545 -0.0023679943349702859 0.059900623050260254 0.039339387796243977 0.021691151268497445 0.013844256300396388 0.088320114222012067 0.014533705703388317 0.035257821530247507 0.12343390958919188 0.030731390831801472 0.063280794893840794 0.077414556752813266 0.092320927432992236 0.02732081093152823 -0.012358834827750374 0.0075306911839391382 0.096675301401054153 0.025739083195755783 -0.01700492970222818 0.001299974317618517 0.016202353080843893 0.0066471629855086424 0.029496866364689435 0.059225435864019224 -0.00094238915732873041 0.0049286001085354914 0.020190759233268064 0.013808569857972412
leaf_weight=23061 190 99 4356 248 271 549 134 75 1637 154 143 1802 142 144 65 459 81 101 50 208 211 890 1223 1414 50 184 782 2394 937 917
leaf_count=23061 190 99 4356 248 271 549 134 75 1637 154 143 1802 142 144 65 459 81 101 50 208 211 890 1223 1414 50 184 782 2394 937 917
internal_value=9.67049e-05 0.0214914 -0.00914783 0.0169047 0.0353679 0.0475092 0.0676052 0.0271767 0.0131302 0.0198441 0.0927877 0.0283372 0.0394265 0.0311919 0.0428889 0.0388218 0.0234865 0.0468603 0.0278347 0.0248422 0.00757108 0.000570602 0.0204247 0.00941969 0.0637404 0.0415755 -0.0116599 0.00888091 0.0174174 0.00765351
internal_weight=42971 12965 30006 9746 3219 1258 609 1961 7711 3469 333 1901 276 2035 772 707 1263 245 649 1886 4242 6163 1494 1568 100 392 23843 4031 1018 1807
internal_count=42971 12965 30006 9746 3219 1258 609 1961 7711 3469 333 1901 276 2035 772 707 1263 245 649 1886 4242 6163 1494 1568 100 392 23843 4031 1018 1807
cat_boundaries=0 1 2 3 4 5 6 7 8
cat_threshold=7605316 2134291 2625528 1147806 2 1187994 230432 2208389
is_linear=0
shrinkage=0.03


Tree=32
num_leaves=31
num_cat=10
split_feature=40 37 5 31 28 3 28 38 2 30 3 2 28 29 3 3 38 15 20 2 2 7 20 37 31 2 28 16 2 17
split_gain=8921.29 896.24 812.094 390.318 322.276 262.642 245.954 313.242 244.06 258.639 241.837 216.265 201.179 174.554 160.091 156.93 149.073 146.828 146.189 141.17 134.573 130.279 129.108 145.596 114.788 110.233 97.893 97.5426 94.4206 78.0891
threshold=1.0000000180025095e-35 0.35928538382566361 1.0000000180025095e-35 17.900000000000002 32.763333333333343 0 13.545000000000003 0.001644317900470871 1 14.833333333333334 2 3 0.18000000000000024 7.5000000000000009 4 5 0.39070142570006683 0.073333333333333403 31.500000000000004 6 7 5.9000000000000012 42.500000000000007 0.37500850548546893 27.100000000000005 8 36.430000000000014 0.5279100000000001 9 1.5027500000000003
decision_type=2 2 2 2 2 1 2 2 1 2 1 1 2 2 1 1 2 2 2 1 1 2 2 2 2 1 2 2 1 2
left_child=2 3 12 6 8 25 7 20 9 10 -3 16 -1 -6 28 -9 -7 -4 -11 -16 -2 -13 23 -10 -14 29 -15 -28 -8 -5
right_child=1 4 17 5 13 11 14 15 22 18 -12 21 24 26 19 -17 -18 -19 -20 -21 -22 -23 -24 -25 -26 -27 27 -29 -30 -31
leaf_value=-0.011996162644633065 0.042620419115452605 0.056670258505309233 0.000413258651247086 -0.016969811388599883 0.10771241208604153 0.045153948971785908 -0.0073145606345200731 0.013595823285334393 0.047690828363754885 0.075426018967048106 0.020425977519178098 0.015736502118311419 -0.0054253610675239396 0.087266264428648183 0.044467699939680527 0.0033282806772260008 0.091085031156755383 0.013799643868340018 0.021138935511665683 0.021640131708078165 0.015630866412523134 0.048843294851002951 0.062230638803277588 0.01988831794160921 0.034455253739925952 0.021956440209009581 0.019566830939054491 0.067740901630199871 0.019777060290716915 0.022345851835096252
leaf_weight=21930 343 273 2991 156 67 531 209 2529 190 265 511 464 4088 52 383 2886 73 978 55 924 399 139 78 1577 65 324 94 64 240 63
leaf_count=21930 343 273 2991 156 67 531 209 2529 190 265 511 464 4088 52 383 2886 73 978 55 924 399 139 78 1577 65 324 94 64 240 63
internal_value=2.92927e-05 0.0209082 -0.00892576 0.0163337 0.0346 0.0291553 0.0134945 0.0106659 0.0316714 0.0430608 0.0340888 0.0368857 -0.0108495 0.0655416 0.0233988 0.00815702 0.0500247 0.00371519 0.0661997 0.028647 0.0289358 0.0230595 0.0244693 0.0229048 -0.00479231 0.0110492 0.0516262 0.0394026 0.00728661 -0.00535272
internal_weight=42941 12889 30052 9663 3226 1750 7913 6157 2949 1104 784 1207 26083 277 1756 5415 604 3969 320 1307 742 603 1845 1767 4153 543 210 158 449 219
internal_count=42941 12889 30052 9663 3226 1750 7913 6157 2949 1104 784 1207 26083 277 1756 5415 604 3969 320 1307 742 603 1845 1767 4153 543 210 158 449 219
cat_boundaries=0 1 2 3 4 5 6 7 8 9 10
cat_threshold=6835552 5507652 2134017 3251500 4739172 627534 4883600 2661328 4200990 6309021
is_linear=0
shrinkage=0.03


Tree=33
num_leaves=31
num_cat=5
split_feature=39 7 37 38 39 3 39 18 28 3 39 34 30 29 37 39 3 26 18 38 3 38 17 31 25 3 34 32 27 24
split_gain=8626.73 1025.11 497.174 374.766 294.82 280.297 228.258 223.023 185.051 182.396 176.931 152.896 148.294 205.087 132.157 130.107 129.427 128.315 98.5397 95.1335 93.1099 86.4228 86.1819 83.1297 78.3902 75.4476 76.1049 74.867 74.1938 65.4093
threshold=26.836014312181817 3.3666666666666671 0.35928538382566361 0.31227269088436965 7.2491626553119071 0 53.415450854807226 1.354166666666667 24.629999999999999 1 58.201312415578698 0.81524587728262843 13.833333333333334 7.5000000000000009 0.38819207120841798 74.899661392702555 2 39.350000000000009 0.95666666666666689 0.36074471701805494 3 0.094022017383592185 2.5250000000000004 38.900000000000006 23.980000000000008 4 0.31252375556270445 0.10116947951651588 1.6333333333333335 28.066666666666674
decision_type=2 2 2 2 2 1 2 2 2 1 2 2 2 2 2 2 1 2 2 2 1 2 2 2 2 1 2 2 2 2
left_child=4 2 6 9 -1 7 21 28 22 15 24 16 29 -14 -9 20 -8 -17 -10 -6 -3 -2 -7 27 -5 -21 -27 -11 -4 -12
right_child=1 3 5 10 19 8 11 14 18 23 12 -13 13 -15 -16 17 -18 -19 -20 25 -22 -23 -24 -25 -26 26 -28 -29 -30 -31
leaf_value=-0.012363137349175893 -0.0047073649742817815 -0.0028863480429439613 0.016710078586550322 0.029354254097610034 -0.0062998197954232324 0.015087306576121949 0.024530543881644946 0.11707983328975165 0.027244959369301793 -0.011714129214844432 0.013698830126189731 -0.017217100670869578 0.093304473234320937 0.046549716068615257 0.048370948763869027 0.030898386421463954 0.011384737005926753 0.059549469323497028 0.087425430807997209 -0.003615848993990933 0.024744763757955684 0.0057886940599098814 0.051996422622921104 0.052977300913894881 -0.0075225551932265877 0.0091843342884814234 0.046780544359489522 0.015690861694443212 0.042500075109327025 0.052592171309748671
leaf_weight=20014 992 162 152 164 5686 1875 807 51 50 95 161 150 94 882 54 1289 4666 159 50 410 348 2441 58 50 75 278 58 1405 309 51
leaf_count=20014 992 162 152 164 5686 1875 807 51 50 95 161 150 94 882 54 1289 4666 159 50 410 348 2441 58 50 75 278 58 1405 309 51
internal_value=7.07226e-05 0.0170286 0.0121738 0.0284888 -0.0105674 0.0237388 0.00885218 0.0424423 0.0182137 0.0232019 0.041458 0.0125734 0.0461988 0.0511467 0.0825618 0.0293417 0.0133934 0.0340855 0.0579326 -0.00497806 0.0164012 0.00275439 0.0162226 0.0151433 0.0177864 0.00508729 0.0153472 0.0139466 0.0340577 0.0232723
internal_weight=43036 16590 11655 4935 26446 2599 9056 566 2033 3508 1427 5623 1188 976 105 1958 5473 1448 100 6432 510 3433 1933 1550 239 746 336 1500 461 212
internal_count=43036 16590 11655 4935 26446 2599 9056 566 2033 3508 1427 5623 1188 976 105 1958 5473 1448 100 6432 510 3433 1933 1550 239 746 336 1500 461 212
cat_boundaries=0 1 2 3 4 5
cat_threshold=6293667 242075 66056 102656 5411971
is_linear=0
shrinkage=0.03


Tree=34
num_leaves=31
num_cat=6
split_feature=40 6 7 37 2 2 1 12 9 30 38 8 27 2 2 6 2 20 35 21 12 20 23 5 27 33 37 19 32 7
split_gain=7921.83 723.845 719.91 325.349 305.748 256.059 258.292 264.87 241.707 182.141 177.904 176.808 159.743 142.54 127.258 154.712 123.624 217.992 109.188 102.257 101.237 97.514 177.344 114.755 87.9468 87.7104 86.2242 81.2731 80.8646 79.5691
threshold=1.0000000180025095e-35 1.0000000180025095e-35 3.5500000000000003 0.34812096817858107 0 1 2 0.22825500000000004 0.82666666666666677 2.5833333333333335 0.002349584021178353 0.05945000000000001 15.150000000000002 3 4 4.8333333333333348 5 3.5000000000000004 0.92111792923789382 15.41666666666667 0.090153333333333363 3.5000000000000004 2.5000000000000004 1.5000000000000002 12.516666666666667 0.12562602989009833 0.26124730774831145 1.5385600000000004 0.35133378567494683 2.7750000000000004
decision_type=2 2 2 2 1 1 1 2 2 2 2 2 2 1 1 2 1 2 2 2 2 2 2 2 2 2 2 2 2 2
left_child=1 -1 4 5 11 21 7 -7 16 -3 19 25 28 -14 -11 24 20 -18 -13 -6 -5 22 -4 -23 -16 -2 -8 -21 -12 -20
right_child=2 9 3 8 10 6 26 -9 -10 14 12 18 13 -15 15 -17 17 -19 29 27 -22 23 -24 -25 -26 -27 -28 -29 -30 -31
leaf_value=-0.01114830746159203 -0.019842838550184635 -0.0040637803168418864 0.020227310312144895 0.01878934901417233 0.024152542315526469 0.023184074716352698 0.010184053237028763 0.084426286047324536 0.1043714922126734 -0.0014596992706885088 0.0094409864174998855 0.0050553116691078237 0.039956471959501499 0.017242447182368573 0.0067975043749391086 0.060635753707587718 -0.0054966229211328727 0.053622603180160613 0.019261728729392292 0.072494273713284305 0.042074760171671194 0.00074056693567245294 0.098233364798716805 0.034807210965717934 0.029415158052359308 0.0045568293100251255 -0.01187160542474083 0.030833793277352878 0.018196020309579196 0.04408048640647199
leaf_weight=22198 140 4914 50 407 207 563 718 71 52 1332 1560 321 484 631 1356 54 61 666 372 104 290 98 56 992 174 2219 204 75 2449 171
leaf_count=22198 140 4914 50 407 207 563 718 71 52 1332 1560 321 484 631 1356 54 61 666 372 104 290 98 56 992 174 2219 204 75 2449 171
internal_value=7.8645e-05 -0.00838207 0.0196798 0.029842 0.0147566 0.023729 0.0153454 0.0301693 0.0412139 -0.000539015 0.0190478 0.00733414 0.0175951 0.0276444 0.0053992 0.0111052 0.0388339 0.0479979 0.0189599 0.0387209 0.0281254 0.0341978 0.061999 0.0317506 0.0093892 0.00309971 0.00529323 0.0553237 0.0147932 0.0271498
internal_weight=42989 30028 12961 4228 8733 2752 1556 634 1476 7830 5510 3223 5124 1115 2916 1584 1424 727 864 386 697 1196 106 1090 1530 2359 922 179 4009 543
internal_count=42989 30028 12961 4228 8733 2752 1556 634 1476 7830 5510 3223 5124 1115 2916 1584 1424 727 864 386 697 1196 106 1090 1530 2359 922 179 4009 543
cat_boundaries=0 1 2 3 4 5 6
cat_threshold=1142803 3673588 2 918572 1136867 2176444
is_linear=0
shrinkage=0.03


Tree=35
num_leaves=31
num_cat=10
split_feature=23 0 21 17 28 2 3 2 0 3 0 2 22 11 0 19 3 12 23 2 31 2 3 7 12 28 3 27 12 19
split_gain=6742.12 1011.71 459.713 452.738 401.131 480.495 248.526 235.94 227.112 222.109 220.425 163.494 156.238 144.738 134.112 201.37 156.247 125.439 125.255 117.996 109.568 140.421 108.505 103.66 99.3431 93.1864 86.2121 84.5635 79.0473 74.57
threshold=0.3000000000000001 5.3500000000000005 8.5833333333333339 0.061800000000000008 17.263333333333339 0 1 2 9.4500000000000011 3 5.9500000000000011 4 18.550000000000004 0.017125000000000005 8.6500000000000004 0.45093000000000005 5 0.11000000000000003 43.900000000000006 6 3.1000000000000005 7 8 1.0000000180025095e-35 0.21677166666666672 0.14000000000000024 9 10.183333333333337 0.014130000000000002 0.81420000000000015
decision_type=2 2 2 2 2 1 1 1 2 1 2 1 2 2 2 2 1 2 2 1 2 1 1 2 2 2 1 2 2 2
left_child=3 2 20 10 8 9 7 -4 19 13 23 18 27 -6 16 -16 -7 -9 -8 -3 -2 26 -21 -1 -11 -13 -22 -5 -12 -30
right_child=1 4 6 12 5 14 11 17 -10 24 28 25 -14 -15 15 -17 -18 -19 -20 22 21 -23 -24 -25 -26 -27 -28 -29 29 -31
leaf_value=-0.011305355781367115 -0.001886576691664785 0.0061740407788824971 0.010880721739327241 0.0038718722461702796 0.050505907193063047 0.040164156926498461 0.015771821092780646 0.024928904124725437 0.068325114449180047 0.032860283293880875 -0.00072495824834671412 0.020489957680751882 0.060301323585626156 0.10731336260184367 0.012936343421041965 0.085569934640611911 0.016136403344701039 0.046497219863896697 0.050664033435801469 0.029565381588202093 0.0076633345854455878 0.0028571874738890527 0.015711918750583066 -0.0066993921885151412 0.071963068938836819 0.0024875142211323959 0.035527848327884588 0.027439431187713689 0.033516005371120712 -0.0065435112842491695
leaf_weight=19644 2207 552 1234 814 58 393 1168 1731 86 221 1151 298 53 160 59 83 766 284 100 1014 208 1172 1237 5678 81 1932 227 164 125 62
leaf_count=19644 2207 552 1234 814 58 393 1168 1731 86 221 1151 298 53 160 59 83 766 284 100 1014 208 1172 1237 5678 81 1932 227 164 125 62
internal_value=-6.58954e-05 0.0159368 0.0107779 -0.00889143 0.027499 0.0385305 0.0154834 0.0214666 0.0205337 0.0630174 -0.00964592 0.00983134 0.010606 0.0884729 0.028001 0.0557137 0.0247994 0.0278537 0.0184186 0.0190424 0.00245122 0.00840793 0.0220672 -0.010273 0.0421692 0.0048808 0.0227285 0.00785095 0.00221779 0.0202541
internal_weight=42962 15271 10561 27691 4710 1821 6747 3249 2889 520 26660 3498 1031 218 1301 142 1159 2015 1268 2803 3814 1607 2251 25322 302 2230 435 978 1338 187
internal_count=42962 15271 10561 27691 4710 1821 6747 3249 2889 520 26660 3498 1031 218 1301 142 1159 2015 1268 2803 3814 1607 2251 25322 302 2230 435 978 1338 187
cat_boundaries=0 1 2 3 4 5 6 7 8 9 10
cat_threshold=5016612 123787 5271563 2196113 7079500 4325585 529411 786535 71823 468392
is_linear=0
shrinkage=0.03


Tree=36
num_leaves=31
num_cat=16
split_feature=39 0 39 0 37 39 2 4 2 2 28 1 3 39 3 28 3 3 2 18 39 2 0 11 2 4 3 3 3 25
split_gain=7514.95 821.469 539.992 430.315 302.398 299.276 298.334 284.968 271.898 187.138 181.879 206.353 179.26 171.697 155.435 155.177 143.733 124.513 123.934 122.766 95.1139 94.3099 88.1671 96.1353 86.4515 86.4374 84.527 81.2798 75.6575 75.6563
threshold=37.823873480816751 5.3500000000000005 16.657263029366618 11.100000000000003 0.14098802411420072 72.511101486736052 0 1 2 3 12.510000000000003 4 5 86.657536924762425 6 17.710000000000004 7 8 9 1.8900000000000003 3.320801342114343 10 6.0500000000000007 0.0099350000000000011 11 12 13 14 15 2.2450000000000006
decision_type=2 2 2 2 2 2 1 1 1 1 2 1 1 2 1 2 1 1 1 2 2 1 2 2 1 1 1 1 1 2
left_child=2 4 20 5 16 9 14 21 17 27 -5 -12 -10 -8 -7 -11 18 -9 19 -2 -1 -6 24 -24 26 -18 29 -3 -23 -4
right_child=1 3 22 10 7 6 13 8 12 15 11 -13 -14 -15 -16 -17 25 -19 -20 -21 -22 28 23 -25 -26 -27 -28 -29 -30 -31
leaf_value=-0.011727248426928235 0.018784035106645707 0.018052426876973605 0.034462043714709581 0.1156887456537619 0.014031645044192274 0.030664669121845151 0.028029996671649099 0.044255346178625629 0.0025772808100071598 0.020078807522524608 0.087896995786683904 0.014208820861318836 0.014256354450400082 -0.0021212585085646852 0.056558773969497461 0.04287253508373963 0.0037419246961581079 0.017290959705795104 0.0038753686255033654 0.070495668400289882 -0.0076367651732610793 0.046486333095081718 0.0079248850039467973 0.048118557884579617 -0.0039916549201832619 -0.013020817836488625 0.00079093761147535735 -0.00050988711149648315 0.023976429824316567 0.0074766895703119113
leaf_weight=16730 195 352 143 58 288 488 1034 332 1718 1332 69 68 3921 203 593 338 522 373 635 52 7390 379 364 62 2434 573 1155 518 355 270
leaf_count=16730 195 352 143 58 288 488 1034 332 1718 1332 69 68 3921 203 593 338 522 373 635 52 7390 379 364 62 2434 573 1155 518 355 270
internal_value=0.000204997 0.0178769 -0.0087067 0.0276218 0.0126039 0.0258557 0.0336544 0.0153997 0.0129568 0.0187269 0.0712492 0.0517116 0.0107106 0.0228969 0.0452987 0.0245698 0.00218287 0.0304781 0.0111169 0.0287633 -0.0104745 0.0301128 0.000922196 0.0138807 -0.000459567 -0.00506936 0.0050139 0.0071286 0.0361182 0.0164899
internal_weight=42944 14396 28548 5053 9343 4858 2318 7366 6344 2540 195 137 5639 1237 1081 1670 1977 705 882 247 24120 1022 4428 426 4002 1095 1568 870 734 413
internal_count=42944 14396 28548 5053 9343 4858 2318 7366 6344 2540 195 137 5639 1237 1081 1670 1977 705 882 247 24120 1022 4428 426 4002 1095 1568 870 734 413
cat_boundaries=0 1 2 3 4 5 6 7 8 9 10 11 12 13 14 15 16
cat_threshold=1371500 6 802880 614489 2 3822624 6310742 140730 7537706 65553 1159209 6594842 12 1049113 3802778 6327242
is_linear=0
shrinkage=0.03


Tree=37
num_leaves=31
num_cat=12
split_feature=40 0 6 2 12 38 34 24 3 3 38 3 0 12 38 38 3 2 17 18 2 38 15 3 36 17 2 2 2 3
split_gain=6619.69 679.658 604.122 282.98 251.313 242.643 221.755 217.72 216.571 182.041 190.488 172.145 163.086 155.848 260.473 131.161 123.701 160.746 123.098 119.881 113.984 113.503 172.899 108.895 105.229 100.585 95.0739 94.0254 87.0048 158.149
threshold=1.0000000180025095e-35 5.3500000000000005 1.0000000180025095e-35 0 0.21677166666666672 0.002349584021178353 0.35356127005809629 11.533333333333337 1 2 0.37628453210840196 3 5.4500000000000011 0.21361500000000005 0.27858107925371656 0.5167585614828093 4 5 1.4554500000000001 0.99628333333333352 6 0.36074471701805494 0.043333333333333356 7 1.9453959874516269 0.60360000000000003 8 9 10 11
decision_type=2 2 2 1 2 2 2 2 1 1 2 1 2 2 2 2 1 1 2 2 1 2 2 1 2 2 1 1 1 1
left_child=2 5 -1 4 8 26 9 16 25 10 -7 24 28 15 -15 -9 17 -5 -11 -10 -13 27 -23 -24 -8 -3 -2 -14 29 -4
right_child=1 3 12 7 -6 6 11 13 19 18 -12 20 21 14 -16 -17 -18 -19 -20 -21 -22 22 23 -25 -26 -27 -28 -29 -30 -31
leaf_value=-0.010197266516025106 0.0089789398184459551 0.10871653358474577 0.04182478656931906 0.044380758120187581 0.11012782523192857 0.021964992758390658 0.020444619980808047 0.02487817415033225 0.011790531622087385 0.0037308403481803778 0.068205707967807269 -0.0029530831024766327 -0.0083775430979946396 0.018251162273249601 0.062495302924892568 0.070757961327916591 0.0073178747314802334 0.0072720363704611851 0.021904142204234485 0.050938449862658199 0.0096083027458559907 0.0016940028491299346 0.011410984887182712 0.055495679038482335 0.0046941839399474968 0.050915763198915456 0.032378704699532856 0.010746867982456004 -0.0033328806317406037 -0.0019472431991714983
leaf_weight=22253 234 63 100 230 56 1529 1014 2150 187 1031 84 1621 389 202 298 57 832 214 497 113 1071 220 109 132 614 53 732 540 6099 229
leaf_count=22253 234 63 100 230 56 1529 1014 2150 187 1031 84 1621 389 202 298 57 832 214 497 113 1071 220 109 132 614 53 732 540 6099 229
internal_value=3.12696e-05 0.0180244 -0.00767699 0.0275023 0.0497313 0.0130109 0.0111756 0.0246687 0.0425418 0.0172411 0.0242653 0.00676185 -0.000502571 0.0295484 0.0446988 0.026096 0.0144925 0.0271098 0.00959161 0.025809 0.00206206 0.00881099 0.0209644 0.0384636 0.0144242 0.0764591 0.0271564 0.00276076 -0.00251807 0.0122712
internal_weight=42953 12882 30071 4455 472 8427 7461 3983 416 3141 1613 4320 7818 2707 500 2207 1276 444 1528 300 2692 1390 461 241 1628 116 966 929 6428 329
internal_count=42953 12882 30071 4455 472 8427 7461 3983 416 3141 1613 4320 7818 2707 500 2207 1276 444 1528 300 2692 1390 461 241 1628 116 966 929 6428 329
cat_boundaries=0 1 2 3 4 5 6 7 8 9 10 11 12
cat_threshold=265248 1114753 4424621 205339 2756637 7869324 3232149 3149904 1336360 1606893 270336 262732
is_linear=0
shrinkage=0.03


Tree=38
num_leaves=31
num_cat=10
split_feature=20 6 31 0 2 20 37 31 0 19 3 17 2 3 29 32 1 12 31 0 7 2 3 8 29 3 9 3 15 2
split_gain=5572.17 820.08 478.162 301.291 278.694 270.423 282.754 242.203 213.098 179.203 176.84 169.663 160.074 247.018 183.116 153.342 142.596 137.929 131.064 127.226 126.947 102.836 106.849 102.654 93.1774 92.2993 92.2946 88.0301 82.2467 79.0435
threshold=1.0000000180025095e-35 2.8333333333333335 26.225000000000005 11.100000000000003 0 4.5000000000000009 0.21328500558634997 35.63333333333334 5.4500000000000011 1.2020200000000003 1 2.1701000000000001 2 3 27.500000000000004 0.1926412490998817 4 0.11000000000000003 2.7750000000000004 5.1500000000000012 5.9000000000000012 5 6 0.05945000000000001 6.5000000000000009 7 0.14673333333333338 8 0.27376333333333341 9
decision_type=2 2 2 2 1 2 2 2 2 2 1 2 1 1 2 2 1 2 2 2 2 1 1 2 2 1 2 1 2 1
left_child=2 5 8 4 10 18 19 17 24 28 11 -3 13 -8 -14 -12 -5 -6 -2 27 -9 22 -20 -10 -1 -23 -25 -7 -4 -21
right_child=1 3 9 16 7 6 12 20 23 -11 15 -13 14 -15 -16 -17 -18 -19 21 29 -22 25 -24 26 -26 -27 -28 -29 -30 -31
leaf_value=-0.0096908475206260395 -0.0038338880801304684 0.011662811165839957 0.038046312191118689 0.091355116515079646 0.010768236554195842 0.0098785506225640123 0.0093675497886703037 0.021257715324522884 -0.0018003723795985286 0.087109098492299808 0.086776019414265951 0.048954168090869894 0.0095533611593020384 0.033591914284920942 0.049253578305244447 0.034931569650762891 0.032271212639103472 0.024304105059420759 0.0039258479033358017 0.005293084578251275 0.061927185136824839 -0.0057375687614475424 0.033143645964384627 0.053887386732587694 0.012221458290682429 0.010891773521336712 0.0052989578193773142 -0.0019379238036503919 -0.0095535489618778224 0.029451618866073455
leaf_weight=24089 1771 639 91 81 2577 887 632 130 2287 50 53 132 1843 1053 110 1357 70 921 223 243 151 559 245 56 175 627 93 1536 50 274
leaf_count=24089 1771 639 91 81 2577 887 632 130 2287 50 53 132 1843 1053 110 1357 70 921 223 243 151 559 245 56 175 627 93 1536 50 274
internal_value=1.51989e-05 0.0139648 -0.00834399 0.0226234 0.0215544 0.00867314 0.0122321 0.0164579 -0.00868301 0.0388312 0.0301583 0.0178748 0.0178229 0.0246274 0.0117549 0.0366826 0.0643775 0.0143389 0.00183547 0.00530912 0.0432649 0.00790632 0.0196376 -0.000223048 -0.00953219 0.00307062 0.0238179 0.0024216 0.0211974 0.0188053
internal_weight=43005 16114 26891 6111 5960 10003 6578 3779 26700 191 2181 771 3638 1685 1953 1410 151 3498 3425 2940 281 1654 468 2436 24264 1186 149 2423 141 517
internal_count=43005 16114 26891 6111 5960 10003 6578 3779 26700 191 2181 771 3638 1685 1953 1410 151 3498 3425 2940 281 1654 468 2436 24264 1186 149 2423 141 517
cat_boundaries=0 1 2 3 4 5 6 7 8 9 10
cat_threshold=7081540 8135108 822756 5123160 2 2499152 3073234 2116558 2729482 114821
is_linear=0
shrinkage=0.03


Tree=39
num_leaves=31
num_cat=14
split_feature=40 0 6 4 0 26 3 2 0 2 38 38 14 3 2 2 12 12 2 3 2 3 2 30 7 14 17 3 23 2
split_gain=6011.02 660.23 557.8 323.3 318.94 281.898 254.953 373.172 218.756 197.546 196.975 187.936 182.87 197.993 140.207 136.941 159.76 144.944 134.515 129.461 146.389 110.882 139.783 128.059 103.778 103.151 119.302 93.1029 81.6195 73.9824
threshold=1.0000000180025095e-35 5.3500000000000005 1.0000000180025095e-35 0 10.550000000000002 46.750000000000007 1 2 5.4500000000000011 3 0.063205443369156081 0.37628453210840196 0.059245000000000013 4 5 6 0.22343833333333338 0.17666666666666672 7 8 9 10 11 13.833333333333334 1.5500000000000003 0.49080500000000005 0.030150000000000003 12 15.300000000000002 13
decision_type=2 2 2 1 2 2 1 1 2 1 2 2 2 1 1 1 2 2 1 1 1 1 1 2 2 2 2 1 2 1
left_child=2 3 -1 11 5 6 7 -3 28 -8 19 14 13 -12 27 16 -7 -17 -14 20 -5 22 23 -10 -16 26 -6 -2 29 -4
right_child=1 4 8 10 25 15 9 -9 21 -11 12 -13 18 -15 24 17 -18 -19 -20 -21 -22 -23 -24 -25 -26 -27 -28 -29 -30 -31
leaf_value=-0.009617587786358843 0.01224787950203754 0.050772234972185581 0.00086057309604402148 0.02833927118425136 0.052656539644065657 0.047074167087387583 0.024833558597350806 0.020225282510682924 0.027880928000884837 0.0071456169181001372 0.015267660256848099 0.077553007858174455 0.0028869318295793416 0.00070774040290835728 -0.01095024661060112 0.065186333095485507 0.12178841173335127 0.016779953075787772 0.021612312670413716 -0.0096693675221478682 -0.00089728627578655545 0.0043486409719844937 0.0050703757247582328 0.081197138398471799 0.020587234619128425 0.038829316895022718 0.11799686324596405 0.049653765093103021 0.014188722739621996 -0.0058491025786875485
leaf_weight=22174 109 598 2393 219 56 51 1146 1020 173 1175 1606 61 434 1766 107 87 56 155 2043 675 473 918 227 53 729 83 50 260 249 3864
leaf_count=22174 109 598 2393 219 56 51 1146 1020 173 1175 1606 61 434 1766 107 87 56 155 2043 675 473 918 227 53 729 83 50 260 249 3864
internal_value=0.000183219 0.0172612 -0.00718161 0.0123385 0.0265821 0.024888 0.022586 0.0317836 -0.000323522 0.0159563 0.00983512 0.0263009 0.0122446 0.00769299 0.0238598 0.0507225 0.0796 0.0330319 0.018434 -0.000401638 0.00864971 0.0105624 0.0225187 0.0389828 0.0163436 0.064668 0.0843202 0.0392866 -0.00261922 -0.00329074
internal_weight=43010 12959 30051 8482 4477 4288 3939 1618 7877 2321 7216 1266 5849 3372 1205 349 107 242 2477 1367 692 1371 453 226 836 189 106 369 6506 6257
internal_count=43010 12959 30051 8482 4477 4288 3939 1618 7877 2321 7216 1266 5849 3372 1205 349 107 242 2477 1367 692 1371 453 226 836 189 106 369 6506 6257
cat_boundaries=0 1 2 3 4 5 6 7 8 9 10 11 12 13 14
cat_threshold=6 2195613 7638028 420838 2213919 6819600 2523680 155904 730762 98512 215690 2941334 1836448 402156
is_linear=0
shrinkage=0.03


Tree=40
num_leaves=31
num_cat=5
split_feature=39 31 39 37 2 39 0 21 35 32 4 2 17 34 32 14 14 23 34 22 23 4 2 21 17 18 15 39 5 20
split_gain=5687.08 814.398 384.079 281.202 267.937 231.998 229.69 249.344 186.169 161.331 156.683 147.933 213.223 167.133 128.509 115.73 106.694 153.035 91.7897 98.3731 108.442 80.9006 98.9282 70.9367 66.1254 66.8179 77.2577 58.444 58.183 73.6845
threshold=29.203460637221855 17.900000000000002 62.579940443425009 0.35928538382566361 0 12.292110643587092 9.2500000000000018 17.166666666666668 1.4675431907211987 0.079975369096573309 1 2 0.74750000000000016 0.21857197635051973 0.41326361233531828 0.52002000000000004 0.91011500000000012 14.300000000000002 0.22191477147072966 0.77500000000000013 16.700000000000006 3 4 18.583333333333339 0.030150000000000003 0.54021666666666679 0.020000000000000021 43.520617582455422 1.5000000000000002 26.500000000000004
decision_type=2 2 2 2 1 2 2 2 2 2 1 1 2 2 2 2 2 2 2 2 2 1 1 2 2 2 2 2 2 2
left_child=5 2 18 9 8 -1 16 -8 28 -4 -11 12 -5 -13 -10 -16 17 -6 19 27 -21 23 -23 -20 -7 26 -26 -2 -3 -30
right_child=1 4 3 11 6 24 7 -9 14 10 -12 13 -14 -15 15 -17 -18 -19 21 20 -22 22 -24 -25 25 -27 -28 -29 29 -31
leaf_value=-0.0097168923953694537 0.01577200119780334 -0.0038624442817897283 -0.0090790526973581233 0.064360365151691787 0.011295366319088677 -0.0043811746501389252 0.0038491201882178971 0.086691392269066483 0.093557804720269311 0.02453196963053339 0.010994196534594981 0.016211182678582781 0.02504610270912851 0.055002512560801749 0.036717943099271948 0.062129556881180222 -0.0059192802387307269 0.031707114138352421 0.004962475201413641 0.0035994031257889861 0.028115541211551593 0.011191506589924221 -0.0075999004882145154 0.04037084297076441 0.00055873441735608249 -0.0099760802050014256 0.018366291988803716 0.046269488894606678 0.035674704242162229 -0.0037756235851492321
leaf_weight=22583 130 65 305 200 771 3245 51 91 53 936 4755 1136 332 109 503 244 158 581 2583 929 196 318 1079 51 548 243 365 102 210 53
leaf_count=22583 130 65 305 200 771 3245 51 91 53 936 4755 1136 332 109 503 244 158 581 2583 929 196 318 1079 51 548 243 365 102 210 53
internal_value=-9.59533e-05 0.0141106 0.0109922 0.015259 0.0288632 -0.0084889 0.020694 0.0571941 0.0402557 0.0121481 0.0132876 0.0257414 0.0391893 0.0194947 0.0484216 0.0450944 0.017361 0.0200862 0.00483458 0.0115811 0.0078945 0.00256038 -0.00326625 0.00564284 -0.0021862 0.00397117 0.00769344 0.0293343 0.0214667 0.0277291
internal_weight=42925 15941 13161 7773 2780 26984 1652 142 1128 5996 5691 1777 532 1245 800 747 1510 1352 5388 1357 1125 4031 1397 2634 4401 1156 913 232 328 263
internal_count=42925 15941 13161 7773 2780 26984 1652 142 1128 5996 5691 1777 532 1245 800 747 1510 1352 5388 1357 1125 4031 1397 2634 4401 1156 913 232 328 263
cat_boundaries=0 1 2 3 4 5
cat_threshold=8170532 6 4458564 10 4457794
is_linear=0
shrinkage=0.03


Tree=41
num_leaves=31
num_cat=14
split_feature=39 0 39 2 0 28 3 39 14 1 2 28 1 39 3 27 2 3 1 21 39 3 2 39 28 39 3 0 3 2
split_gain=5399.21 737.394 465.799 302.417 293.248 413.093 230.162 208.941 204.78 181.239 179.344 154.495 155.091 153.861 151.81 139.112 137.03 123.307 108.828 95.7124 139.066 93.8755 93.2478 177.058 110.994 74.6214 68.5321 63.586 54.9756 54.6251
threshold=27.78039189847232 6.2500000000000009 71.230197990120374 0 11.100000000000003 12.510000000000003 1 5.4916333980049101 0.033305000000000008 2 3 19.850000000000005 4 74.899661392702555 5 0.43333333333333351 6 7 8 28.833333333333339 83.019575584404336 9 10 56.236432930216424 0.86000000000000043 84.145288358644436 11 4.5500000000000007 12 13
decision_type=2 2 2 1 2 2 1 2 2 1 1 2 1 2 1 2 1 1 1 2 2 1 1 2 2 2 1 2 1 1
left_child=7 2 8 9 13 -6 15 -1 16 14 -8 21 -13 22 -4 -5 26 -11 -7 20 -15 -10 23 -3 -24 -21 -2 -9 -18 -29
right_child=1 4 3 6 5 18 10 27 11 17 -12 12 -14 19 -16 -17 28 -19 -20 25 -22 -23 24 -25 -26 -27 -28 29 -30 -31
leaf_value=-0.01001079875676018 -0.001248476580210807 0.014491845699437842 -0.0042433086539839064 0.029780550570103776 0.13695376964945061 0.061169150393375241 0.045293700053196509 -0.0070118346654445378 0.016373217506420245 -0.01256225782318935 0.022549049517761981 0.05709253543334511 0.012901938053994888 0.049864257210380507 0.022626832107613043 0.0046143901861950736 0.0037284091618909158 0.0075739239967754562 0.00499651554021342 -0.01389111156463623 0.024453642200161781 0.0044017261082574186 0.041821739467154992 0.051958551588683163 0.010306815732068281 0.034970508650226412 0.013365392944006797 0.0055484743987652 -0.0048418680282902036 -0.0032450906305768489
leaf_weight=19143 406 253 251 248 51 68 373 3597 1036 478 2836 129 161 454 777 964 996 611 57 59 345 1412 113 207 874 52 1020 783 2033 3192
leaf_count=19143 406 253 251 248 51 68 373 3597 1036 478 2836 129 161 454 777 964 996 611 57 59 345 1412 113 207 874 52 1020 783 2033 3192
internal_value=-4.56112e-05 0.0135815 0.0108361 0.0166315 0.0284529 0.0657518 0.0210892 -0.00834207 0.00556636 0.00718197 0.0253394 0.0120217 0.0326981 0.0256398 0.0162441 0.00970666 0.00159646 -0.00131098 0.0358212 0.0353152 0.0389402 0.00955876 0.0195328 0.0307671 0.0138168 0.00908009 0.00922485 -0.00412216 -0.0020195 -0.00150542
internal_weight=42979 16264 13731 6538 2533 176 4421 26715 7193 2117 3209 2738 290 2357 1028 1212 4455 1089 125 910 799 2448 1447 460 987 111 1426 7572 3029 3975
internal_count=42979 16264 13731 6538 2533 176 4421 26715 7193 2117 3209 2738 290 2357 1028 1212 4455 1089 125 910 799 2448 1447 460 987 111 1426 7572 3029 3975
cat_boundaries=0 1 2 3 4 5 6 7 8 9 10 11 12 13 14
cat_threshold=1142787 7081056 2 527360 2 1836088 4982212 5817220 2 6497512 5639204 833824 4278794 270872
is_linear=0
shrinkage=0.03


Tree=42
num_leaves=31
num_cat=15
split_feature=39 31 37 3 5 2 3 13 2 36 3 30 39 2 2 1 39 4 35 10 39 2 3 3 2 3 2 25 35 19
split_gain=5104.99 756.878 403.051 262.203 251.287 245.712 250.454 236.111 209.735 211.517 225.454 225.457 195.635 180.857 164.018 368.496 147.221 139.737 134.692 134.352 122.112 114.118 97.3795 94.0243 121.327 91.0028 85.7644 82.1363 97.33 88.8404
threshold=27.78039189847232 30.633333333333336 0.35928538382566361 0 1.5000000000000002 1 2 0.11633000000000002 3 0.95872527477505187 4 30.416666666666668 9.9162845234424477 5 6 7 69.540775477258578 8 1.9997705366382792 0.42400000000000004 83.870907579820212 9 10 11 12 13 14 1.6800000000000008 2.2343804474568585 0.21402000000000007
decision_type=2 2 2 1 2 1 1 2 1 2 1 2 2 1 1 1 2 1 2 2 2 1 1 1 1 1 1 2 2 2
left_child=12 2 4 14 23 17 -7 13 9 19 -11 -12 -1 -5 15 -4 -10 -6 -16 -3 22 -9 -18 -2 -25 26 27 29 -29 -14
right_child=1 8 3 7 5 6 -8 21 16 10 11 -13 25 -15 18 -17 20 -19 -20 -21 -22 -23 -24 24 -26 -27 -28 28 -30 -31
leaf_value=-0.0094020371028481695 -0.0023586819515515004 0.059512521714777555 0.031137955415597617 -0.0018690605410263165 -0.0026442297514967668 0.032904003576858187 0.013443511819003795 0.015417572371611321 -0.0060892622517579684 0.006402266341444857 0.11620128704432178 0.045113397037794309 0.016658741000067631 0.016727116319707802 0.037630147452795949 0.093630217518112277 0.065441610782837653 0.010907743030047103 0.0061576552149436251 0.12449278622378523 0.0083778944835066777 0.047538690927867951 0.022907238793884774 0.015850289531513261 0.0032349997417874528 -0.0049538853807098507 -0.0035126464827284023 -0.0023186080251812011 0.03963167156772688 0.063342954396763282
leaf_weight=21302 1543 73 281 657 955 839 2217 211 117 130 50 206 136 1676 244 122 108 2407 246 51 131 266 155 918 2700 4190 555 291 59 50
leaf_count=21302 1543 73 281 657 955 839 2217 211 117 130 50 206 136 1676 244 122 108 2407 246 51 131 266 155 918 2700 4190 555 291 59 50
internal_value=-1.48617e-05 0.0132015 0.0115287 0.0201441 0.00877174 0.0127347 0.0188861 0.0154428 0.0382001 0.0519328 0.0417919 0.0571825 -0.00812058 0.011554 0.0343437 0.0490348 0.0229512 0.00706125 0.0214438 0.0870444 0.0321571 0.0347153 0.0439135 0.00384146 0.00647506 -0.00295018 0.00474178 0.0131931 0.00483723 0.0294959
internal_weight=42886 16303 15282 3703 11579 6418 3056 2810 1021 510 386 256 26583 2333 893 403 511 3362 490 124 394 477 263 5161 3618 5281 1091 536 350 186
internal_count=42886 16303 15282 3703 11579 6418 3056 2810 1021 510 386 256 26583 2333 893 403 511 3362 490 124 394 477 263 5161 3618 5281 1091 536 350 186
cat_boundaries=0 1 2 3 4 5 6 7 8 9 10 11 12 13 14 15
cat_threshold=6424707 5460355 70344 5611026 5296448 99483 4459700 2 1 4917848 1163344 2943009 655810 123392 4763608
is_linear=0
shrinkage=0.03


Tree=43
num_leaves=31
num_cat=12
split_feature=39 39 35 16 2 36 3 17 39 29 4 2 17 2 38 3 3 7 16 33 2 34 3 3 37 11 21 3 2 36
split_gain=4935.31 574.878 480.193 342.397 325.68 263.19 306.387 210.538 182.616 177.959 136.168 138.992 148.892 130.557 127.198 194.05 116.061 115.365 131.613 99.1409 87.5412 151.808 126.288 80.6195 67.9982 67.222 61.1386 60.4005 59.9137 56.9932
threshold=29.203460637221855 58.201312415578698 1.1969023224751212 0.26640100000000005 0 0.59562523147306623 1 0.36065000000000008 6.9072513083498466 48.500000000000007 2 3 2.4350000000000005 4 0.31058198202561521 5 6 4.7750000000000012 0.18600800000000003 0.26963590404721688 7 0.20124009207108451 8 9 0.47944054289990079 0.19964000000000004 11.16666666666667 10 11 0.99576419314283571
decision_type=2 2 2 2 1 2 1 2 2 2 1 1 2 1 2 1 1 2 2 2 1 2 1 1 2 2 2 1 1 2
left_child=8 14 10 5 7 -4 -7 -5 -1 -6 13 12 -12 19 20 17 -13 18 -16 -3 21 24 -23 -15 -2 26 -17 28 -22 -10
right_child=1 2 3 4 9 6 -8 -9 29 -11 11 16 -14 23 15 25 -18 -19 -20 -21 27 22 -24 -25 -26 -27 -28 -29 -30 -31
leaf_value=-0.00927311758179423 0.049393747410307137 0.0075389122390084797 0.083803204225342376 0.10601343486905097 0.028473654245030341 0.026069271638630053 0.011413426165925224 0.046405073041051341 0.0015914684375751584 -0.0072368946535622362 0.0202758588280906 0.017471149891916813 0.063753875980818914 -0.014088792376829818 0.02093979967503622 0.0051983488285827833 0.0020796517756554145 -0.015543908858464824 0.054111565639210088 0.040060585541633241 0.011345322765347205 0.012561284546181445 -0.0043973178943242028 0.0027209422208498623 0.0090426054054596368 0.034625214910712736 -0.015885008451108837 -0.0062564393771681352 -0.0041284716749534506 -0.0050378650689687715
leaf_weight=19863 103 404 54 59 709 2294 3051 558 1477 152 473 809 83 429 374 647 979 53 152 106 464 803 762 613 60 57 152 1205 422 5544
leaf_count=19863 103 404 54 59 709 2294 3051 558 1477 152 473 809 83 429 374 647 979 53 152 106 464 803 762 613 60 57 152 1205 422 5544
internal_value=5.23229e-05 0.0132289 0.0171967 0.0219641 0.0347622 0.0184542 0.0177779 0.0514399 -0.00780301 0.0219106 0.00877722 0.0133165 0.0264005 0.001818 0.00509084 0.012703 0.00910962 0.0259189 0.0306157 0.0140936 0.00222719 0.00719799 0.00435681 -0.0042718 0.0347046 0.00339837 0.0011689 -0.00190601 0.00401159 -0.0036428
internal_weight=42911 16027 10773 6877 1478 5399 5345 617 26884 861 3896 2344 556 1552 5254 1435 1788 579 526 510 3819 1728 1565 1042 163 856 799 2091 886 7021
internal_count=42911 16027 10773 6877 1478 5399 5345 617 26884 861 3896 2344 556 1552 5254 1435 1788 579 526 510 3819 1728 1565 1042 163 856 799 2091 886 7021
cat_boundaries=0 1 2 3 4 5 6 7 8 9 10 11 12
cat_threshold=5082658 2198433 1 1183376 4292812 215599 2795610 7131464 4798168 1871412 1188693 134307
is_linear=0
shrinkage=0.03


Tree=44
num_leaves=31
num_cat=12
split_feature=39 0 39 34 38 2 3 29 3 37 2 39 2 7 3 28 2 3 32 1 3 2 2 33 0 28 17 38 24 33
split_gain=4651.26 581.785 355.364 342.861 237.526 224.932 184.427 183.474 180.041 180.207 230.167 175.204 163.732 145.914 141.718 133.595 132.402 127.273 140.28 116.153 104.784 104.249 98.7862 89.5422 87.5969 138.355 115.913 87.2571 82.0229 80.5432
threshold=27.78039189847232 5.3500000000000005 74.899661392702555 0.35567847310323281 0.081351624829595695 0 1 1.5000000000000002 2 0.14290759972032921 3 5.0880056035684724 4 6.5500000000000007 5 19.850000000000005 6 7 0.36815948437041507 8 9 10 11 0.26455254525307031 6.2500000000000009 10.622500000000002 2.2650000000000001 0.11492583290689536 35.166666666666679 0.27907686550752536
decision_type=2 2 2 2 2 1 1 2 1 2 1 2 1 2 1 2 1 1 2 1 1 1 1 2 2 2 2 2 2 2
left_child=11 3 12 4 17 6 23 21 9 -5 -11 -1 27 20 -9 -8 29 18 -2 -18 -14 -6 -19 -4 26 -26 -7 -3 -29 -10
right_child=1 2 5 8 7 24 15 14 16 10 -12 -13 13 -15 -16 -17 19 22 -20 -21 -22 -23 -24 -25 25 -27 -28 28 -30 -31
leaf_value=-0.009182584202356783 0.089860760180093355 -0.027785810952498154 0.014415606916564834 -0.00088533684865117767 0.010900607817272966 0.012890760173726937 0.046537992335342122 0.025943772114919841 -0.0071090002321076559 0.0019396350503690523 0.030491266879979433 -0.003865728237213067 0.024465296985075234 0.06274839646531187 0.010737363494692332 0.086337162349818447 0.013667067762676894 0.032876098267600407 0.037265118641422339 0.00039182352339327221 0.010163851432824169 -0.00414631930368834 0.0027680563194786797 0.056114054908355075 0.061761724554714945 0.025941877274330189 0.046977850931850307 0.0059176533824726934 0.04379503462546401 0.010603886585118936
leaf_weight=18802 59 65 181 587 955 720 173 1012 1756 422 666 7937 1101 68 1326 143 972 212 208 1521 883 720 193 62 114 660 102 1124 53 265
leaf_count=18802 59 65 181 587 955 720 173 1012 1756 422 666 7937 1101 68 1326 143 972 212 208 1521 883 720 193 62 114 660 102 1124 53 265
internal_value=9.86387e-05 0.0127175 0.0207184 0.00870638 0.0148285 0.0301916 0.0468386 0.0120574 0.00406986 0.0124329 0.0197295 -0.00760469 0.0145126 0.0196934 0.0174858 0.0627925 0.000934261 0.03133 0.0474211 0.00555008 0.0182846 0.00447257 0.0189881 0.0242592 0.0238906 0.0312944 0.0171761 0.00573697 0.00766154 -0.00475732
internal_weight=43062 16323 5449 10874 4685 2155 559 4013 6189 1675 1088 26739 3294 2052 2338 316 4514 672 267 2493 1984 1675 405 243 1596 774 822 1242 1177 2021
internal_count=43062 16323 5449 10874 4685 2155 559 4013 6189 1675 1088 26739 3294 2052 2338 316 4514 672 267 2493 1984 1675 405 243 1596 774 822 1242 1177 2021
cat_boundaries=0 1 2 3 4 5 6 7 8 9 10 11 12
cat_threshold=1313896 6472516 74315 2560525 1163353 213929 1065877 7897352 2 3297931 7145348 4984454
is_linear=0
shrinkage=0.03


Tree=45
num_leaves=31
num_cat=11
split_feature=39 0 39 28 2 0 2 3 3 2 39 3 23 5 7 38 19 23 2 39 2 33 2 14 3 38 14 34 3 0
split_gain=4311.8 599.91 357.043 299.187 251.978 235.276 231.141 184.041 182.374 266.78 163.627 156.254 201.784 113.01 109.366 107.974 241.259 111.448 104.394 94.7419 176.676 93.2241 86.7553 83.7693 78.8878 76.2325 69.4534 68.9193 66.5141 52.4399
threshold=27.78039189847232 5.3500000000000005 62.579940443425009 17.263333333333339 0 10.550000000000002 1 2 3 4 6.0540295260674233 5 25.500000000000004 3.5000000000000004 3.4500000000000006 0.31679779674129577 1.0880200000000002 56.900000000000006 6 71.230197990120374 7 0.14917557362086348 8 0.84385500000000013 9 0.2590801065853362 0.38333500000000004 0.81524587728262843 10 4.5500000000000007
decision_type=2 2 2 2 1 2 1 1 1 1 2 1 2 2 2 2 2 2 1 2 1 2 1 2 1 2 2 2 1 2
left_child=10 2 13 5 7 19 11 25 14 -10 -1 12 -5 22 -6 17 -17 -8 -15 23 -21 -13 28 -3 -24 -4 -20 -9 -2 -12
right_child=1 3 4 6 8 -7 15 27 9 -11 29 21 -14 18 -16 16 -18 -19 26 20 -22 -23 24 -25 -26 -27 -28 -29 -30 -31
leaf_value=-0.0088602496189930675 0.012234430766792332 0.011470569698553911 0.01047102098722557 0.089753028282111402 0.019719905008318956 0.063265426552027798 0.018856124219933802 -0.00014511487077808154 0.024281083448277001 0.00079490535977484972 -0.0062500836609580123 0.066036159067010547 0.033430287694092842 -0.00017346497320610543 0.035763660850736734 0.018386007118381419 0.059395498561216759 -0.0250156978951501 0.020808085333533035 -0.00066995215865763588 0.027389817317110085 0.021794815284851939 0.0019032719078109479 -0.018219450255730345 -0.010280865747896091 0.030355452766290352 0.059855176356103684 -0.026484231637907214 0.00017163391739361176 -0.0011478428387497218
leaf_weight=19354 608 2225 1559 151 1172 88 767 1306 761 1012 3465 52 95 219 573 366 200 55 182 271 864 239 857 88 1070 195 53 95 1240 3806
leaf_count=19354 608 2225 1559 151 1172 88 767 1306 761 1012 3465 52 95 219 573 366 200 55 182 271 864 239 857 88 1070 195 53 95 1240 3806
internal_value=2.96101e-05 0.0121489 0.00808169 0.0202649 0.0124032 0.0150748 0.0297841 0.00617477 0.0179164 0.0109648 -0.00741864 0.0466997 0.0655828 0.00126062 0.0248649 0.0227089 0.0329615 0.0158902 0.015385 0.0138261 0.020928 0.0289194 -0.000440876 0.0103323 -0.00488059 0.0126275 0.0286303 -0.00193708 0.00419087 -0.00358026
internal_weight=42988 16363 10902 5461 6673 3536 1925 3155 3518 1773 26625 537 246 4229 1745 1388 566 822 454 3448 1135 291 3775 2313 1927 1754 235 1401 1848 7271
internal_count=42988 16363 10902 5461 6673 3536 1925 3155 3518 1773 26625 537 246 4229 1745 1388 566 822 454 3448 1135 291 3775 2313 1927 1754 235 1401 1848 7271
cat_boundaries=0 1 2 3 4 5 6 7 8 9 10 11
cat_threshold=1110047 5016612 2204619 125719 2884192 3244681 1173953 594081 5023055 4279181 1114143
is_linear=0
shrinkage=0.03


Tree=46
num_leaves=31
num_cat=13
split_feature=39 0 4 34 0 3 2 2 29 2 3 2 3 2 36 39 31 26 3 21 38 26 14 15 3 35 2 31 20 2
split_gain=4093.42 452.771 307.549 270.681 246.857 274.865 227.402 167.563 166.842 171.195 270.651 158.891 176.566 154.978 141.114 137.483 111.547 142.584 110.191 93.65 76.4798 66.714 102.908 65.1596 59.3267 53.6302 48.2803 34.747 34.493 40.3496
threshold=26.836014312181817 5.3500000000000005 0 0.038837365746655729 10.250000000000002 1 2 3 1.5000000000000002 4 5 6 7 8 0.69899366165907983 6.9072513083498466 11.450000000000001 7.1500000000000012 9 13.833333333333334 0.36074471701805494 15.250000000000002 0.49080500000000005 0.044911666666666676 10 1.6186049045143409 11 5.1000000000000005 2.5000000000000004 12
decision_type=2 2 1 2 2 1 1 1 2 1 1 1 1 1 2 2 2 2 1 2 2 2 2 2 1 2 1 2 2 1
left_child=15 2 7 -3 5 6 -5 19 11 10 -10 12 -4 -7 -11 -1 18 -18 -9 -2 28 -6 -23 -13 27 -21 -26 -22 -17 -30
right_child=1 3 8 4 21 13 -8 16 9 14 -12 23 -14 -15 -16 20 17 -19 -20 25 24 22 -24 -25 26 -27 -28 -29 29 -31
leaf_value=-0.0084510451040457485 -0.0054777929382782203 0.082855561848666701 -0.00058163898887207417 0.037772197323758396 0.069581604760140178 -0.0012003819652227454 0.017925784459131754 0.03762471441283053 0.027816971198052824 0.043036066797561945 0.0055928429006592058 0.00032824054392262264 0.021262280396111534 0.014739129373258752 0.0045292630948288977 -0.0058104665677983555 0.019815269038802191 0.081894693064944526 0.013673588713783451 0.022891172804932396 0.045425886320936332 0.063051559540960533 0.0037801404094920973 -0.010076972713629694 -0.0074545694528746287 -0.010368556110517065 0.0085032296813031486 0.010699989362919169 0.0059454224617815285 -0.0051060733305821381
leaf_weight=19923 254 58 688 756 93 801 1930 338 987 87 1012 1902 641 1759 3271 4588 61 75 432 311 50 53 52 756 283 50 397 55 537 639
leaf_count=19923 254 58 688 756 93 801 1930 338 987 87 1012 1902 641 1759 3271 4588 61 75 432 311 50 53 52 756 283 50 397 55 537 639
internal_value=8.02724e-05 0.0118737 0.00832118 0.0188857 0.0181885 0.0169395 0.0236441 0.0207986 0.00625885 0.00972354 0.0166596 0.00161731 0.0100399 0.00976684 0.00552387 -0.00721139 0.0290621 0.05442 0.0248916 0.00832334 -0.00343901 0.0510141 0.034039 -0.00262294 0.00533918 0.0182604 0.00184468 0.0251631 -0.00463575 -4.91556e-05
internal_weight=42839 16367 10865 5502 5444 5246 2686 1521 9344 5357 1999 3987 1329 2560 3358 26472 906 136 770 615 6549 198 105 2658 785 361 680 105 5764 1176
internal_count=42839 16367 10865 5502 5444 5246 2686 1521 9344 5357 1999 3987 1329 2560 3358 26472 906 136 770 615 6549 198 105 2658 785 361 680 105 5764 1176
cat_boundaries=0 1 2 3 4 5 6 7 8 9 10 11 12 13
cat_threshold=6 3867803 7081000 1102025 2887288 213819 5015692 5436770 4739097 6392611 66060 2754738 2536788
is_linear=0
shrinkage=0.03


Tree=47
num_leaves=31
num_cat=10
split_feature=39 0 39 2 34 3 2 3 2 27 15 27 3 36 32 30 14 2 38 3 30 20 12 11 32 25 27 2 33 3
split_gain=3668.55 458.417 358.754 249.116 219.396 211.066 202.549 181.237 259.362 196.001 166.56 177.327 163.306 177.444 226.556 154.276 129.984 194.774 119.876 113.317 192.484 106.269 90.8777 88.5687 87.2799 89.6604 85.1493 82.6547 109.662 75.7167
threshold=40.819612838863939 5.3500000000000005 15.075682371542884 0 0.35356127005809629 1 2 3 4 11.633333333333338 0.63833333333333353 30.283333333333339 5 1.9649925170231219 0.19518782161325779 27.416666666666668 0.023290000000000002 6 0.13075798777237294 7 24.166666666666668 23.500000000000004 0.20005500000000007 0.26002000000000008 0.76171926623294206 4.4450000000000012 0.53333333333333377 8 0.27551078989889782 9
decision_type=2 2 2 1 2 1 1 1 1 2 2 2 1 2 2 2 2 1 2 1 2 2 2 2 2 2 2 1 2 1
left_child=2 4 -1 19 5 6 -2 8 15 -10 23 -12 13 14 -6 -5 26 -18 -8 20 -3 24 -21 -9 -4 -26 -7 29 -29 -14
right_child=1 3 21 7 12 16 18 10 9 -11 11 -13 27 -15 -16 -17 17 -19 -20 22 -22 -23 -24 -25 25 -27 -28 28 -30 -31
leaf_value=-0.007674664536260139 -0.014809244896719854 0.0053914157409709618 -0.00044130820121588218 0.024486039331239412 0.068788186384435707 0.014006893008763082 0.030551941908959587 0.017280750575611677 0.025086524802611858 0.051729803487027062 0.025691854503904953 0.093323254533550309 0.0093859920437966721 -0.0012529658122158603 0.015907924826646488 -0.010299061933093391 0.035971762856887489 0.0063548606639090123 0.013873117366197956 -0.003592468004946591 0.047943474115048706 0.034085096805937146 0.029290010402455581 -0.0058469293937087052 -0.0037710766040879055 0.03766642137445711 -0.0053020562559571464 0.0030050874736156272 0.025685749980617893 -0.0059128451957726367
leaf_weight=23605 124 272 5280 427 78 282 1075 1663 416 631 115 50 347 540 978 156 278 699 612 627 147 84 85 163 81 110 750 1420 221 1571
leaf_count=23605 124 272 5280 427 78 282 1075 1663 416 631 115 50 347 540 978 156 278 699 612 627 147 84 85 163 81 110 750 1420 221 1571
internal_value=-4.03931e-05 0.0127473 -0.00606048 0.0202817 0.00875586 0.0142043 0.021613 0.0241086 0.0317004 0.0407914 0.0177518 0.046643 0.00471583 0.0126511 0.0198781 0.0149159 0.00737272 0.0152462 0.0243705 0.00773499 0.0199314 0.000798313 0.000359434 0.0152125 0.000280555 0.0201497 -1.44177e-05 0.00111527 0.00603842 -0.00310572
internal_weight=42887 13727 29160 4752 8975 3820 1811 3621 1630 1047 1991 165 5155 1596 1056 583 2009 977 1687 1131 419 5555 712 1826 5471 191 1032 3559 1641 1918
internal_count=42887 13727 29160 4752 8975 3820 1811 3621 1630 1047 1991 165 5155 1596 1056 583 2009 977 1687 1131 419 5555 712 1826 5471 191 1032 3559 1641 1918
cat_boundaries=0 1 2 3 4 5 6 7 8 9 10
cat_threshold=86033 6392737 12288 1773713 140098 74331 2630224 3179539 7488405 2099456
is_linear=0
shrinkage=0.03


Tree=48
num_leaves=31
num_cat=7
split_feature=39 0 7 38 39 1 2 2 35 2 21 25 9 33 5 23 17 2 31 2 0 29 33 13 25 24 27 2 36 31
split_gain=3697.64 516.422 344.178 215.015 196.493 179.424 244.69 205.857 159.351 158.58 157.1 189.874 185.233 142.087 140.137 137.301 115.214 110.646 171.067 106.915 89.935 83.662 82.7128 82.1379 132.31 79.2904 93.4733 62.2384 104.562 55.8767
threshold=25.971731138513196 6.0500000000000007 3.2916666666666674 0.002349584021178353 75.925881975443488 0 1 2 2.0413276727446359 3 5.166666666666667 21.245000000000005 0.38335000000000002 0.20908747834465119 1.0000000180025095e-35 6.3000000000000016 0.18070000000000003 4 12.900000000000002 5 4.5500000000000007 41.500000000000007 0.23717782310077848 0.19900000000000007 22.420000000000005 35.683333333333344 0.70000000000000051 6 0.79298760006032654 7.9000000000000012
decision_type=2 2 2 2 2 1 1 1 2 1 2 2 2 2 2 2 2 1 2 1 2 2 2 2 2 2 2 1 2 2
left_child=14 2 3 19 9 7 16 22 -8 23 -6 15 -13 -9 -1 -12 -7 18 -5 -2 -21 -19 -4 24 -3 26 -11 28 -16 -30
right_child=1 4 5 17 10 6 8 13 -10 25 11 12 -14 -15 27 -17 -18 21 -20 20 -22 -23 -24 -25 -26 -27 -28 -29 29 -31
leaf_value=-0.0074493680510011161 0.0088861089122648246 0.028739973086193936 -0.0045494830266173394 0.012437107142939052 -0.015668258307011504 0.0053056491231347602 -0.00053193937687319697 0.015109596793579965 0.041604637773900201 0.030593217839624307 0.018176911287582836 0.015089468143830588 0.048329439672743127 0.038112756919016368 0.043623536436697065 0.063985912430531047 0.035300678758543945 0.0037957336867090684 0.066643199998699124 0.022086445035774588 0.053521496733570734 0.024802621002887087 0.018404546005556549 0.057118343499898916 -0.011287147525128195 0.040710131602361803 0.0023783316876563542 -0.0029526815596134701 0.0014488054944308054 0.032740366655745
leaf_weight=24480 316 608 244 423 56 162 1127 347 86 121 77 448 228 814 68 267 404 9066 59 205 139 173 333 74 84 63 794 1164 523 56
leaf_count=24480 316 608 244 423 56 162 1127 347 86 121 77 448 228 814 68 267 404 9066 59 205 139 173 333 74 84 63 794 1164 523 56
internal_value=0.000160638 0.0111913 0.00881472 0.00606531 0.0228959 0.0169252 0.0102158 0.0237812 0.00246452 0.016656 0.0329819 0.0356686 0.0263598 0.0309924 -0.00685364 0.0538233 0.0262818 0.00493854 0.0188132 0.0226242 0.0339319 0.00418752 0.00855356 0.0268045 0.0238676 0.00832618 0.00614208 0.00119702 0.00857355 0.00453168
internal_weight=43009 16718 13898 10381 2820 3517 1779 1738 1213 1744 1076 1020 676 1161 26291 344 566 9721 482 660 344 9239 577 766 692 978 915 1811 647 579
internal_count=43009 16718 13898 10381 2820 3517 1779 1738 1213 1744 1076 1020 676 1161 26291 344 566 9721 482 660 344 9239 577 766 692 978 915 1811 647 579
cat_boundaries=0 1 2 3 4 5 6 7
cat_threshold=2 528324 1055521 3546916 786432 1408015 4498128
is_linear=0
shrinkage=0.03


Tree=49
num_leaves=31
num_cat=6
split_feature=40 36 5 0 31 29 31 22 7 28 2 28 38 33 35 2 23 26 16 2 2 2 29 29 34 38 0 26 0 2
split_gain=3033.99 379.399 284.695 246.345 238.552 167.283 158.002 154.636 149.877 144.369 139.964 164.745 136.988 135.456 161.628 157.425 116.444 120.404 113.869 133.804 110.974 109.305 101.28 100.139 98.235 87.9449 76.2833 70.3419 65.7665 63.5978
threshold=1.0000000180025095e-35 1.093948175193997 1.0000000180025095e-35 7.8500000000000005 38.900000000000006 50.500000000000007 45.45000000000001 16.900000000000002 2.4500000000000006 13.545000000000003 0 22.970000000000002 0.0015925730699536957 0.19840296104715208 2.528279717258465 1 4.5000000000000009 36.250000000000007 0.19502700000000003 2 3 4 16.500000000000004 4.5000000000000009 0.26986642939850441 0.088707807122299767 4.6500000000000012 25.350000000000005 4.5500000000000007 5
decision_type=2 2 2 2 2 2 2 2 2 2 1 2 2 2 2 1 2 2 2 1 1 1 2 2 2 2 2 2 2 1
left_child=2 3 26 7 9 6 -6 10 -5 12 11 -2 20 14 -9 -15 -10 -18 28 -20 -3 24 -14 -21 -11 -12 -1 -23 -4 -30
right_child=1 4 18 8 5 -7 -8 13 16 21 25 -13 22 15 -16 -17 17 -19 19 23 -22 27 -24 -25 -26 -27 -28 -29 29 -31
leaf_value=-0.0076678279757694213 0.017527176125298357 0.0009747350064589857 -0.004469967209400046 0.08482811905514627 0.092417630634877984 0.011882820247789892 0.024585343309630778 0.0047804218095755489 -0.0075370377332258679 -0.025462461239633125 0.032471003169363195 0.066231744037357279 0.0017288537142021191 0.049855337801778851 0.045637014568184635 0.019805447266254456 0.056498579882730479 0.015789869381712292 -0.0063106170099897262 0.063487739715438626 0.026121971446370598 0.015092903683745015 0.011411971083240099 0.016228682943973047 0.010121780113965846 0.0029425101848041596 -0.0041121227320272133 0.030996245384829979 0.0103768613583132 -2.2072835370472078e-05
leaf_weight=18377 985 249 1398 62 68 118 58 395 51 73 98 66 4469 319 111 402 178 105 106 77 466 633 1242 86 1240 1102 7720 419 825 1451
leaf_count=18377 985 249 1398 62 68 118 58 395 51 73 98 66 4469 319 111 402 178 105 106 77 466 633 1242 86 1240 1102 7720 419 825 1451
internal_value=-0.000254081 0.0119087 -0.00548108 0.0197631 0.00853877 0.0377445 0.0616563 0.0171994 0.0421718 0.0077236 0.0125171 0.0204542 0.00538909 0.0257698 0.0138213 0.0341204 0.0340151 0.041514 0.00203141 0.0208355 0.0177606 0.0140605 0.00383684 0.0365916 0.00806186 0.00533709 -0.00661629 0.0212515 0.000648517 0.00379437
internal_weight=42949 12909 30040 3874 9035 244 126 3478 396 8791 2251 1051 6426 1227 506 721 334 283 3943 269 715 2365 5711 163 1313 1200 26097 1052 3674 2276
internal_count=42949 12909 30040 3874 9035 244 126 3478 396 8791 2251 1051 6426 1227 506 721 334 283 3943 269 715 2365 5711 163 1313 1200 26097 1052 3674 2276
cat_boundaries=0 1 2 3 4 5 6
cat_threshold=4991330 2166534 1278072 5391365 2184089 369464
is_linear=0
shrinkage=0.03


Tree=50
num_leaves=31
num_cat=14
split_feature=39 0 39 3 2 2 39 34 32 0 3 23 19 7 19 2 39 3 2 3 39 2 3 1 2 1 1 28 32 39
split_gain=3089.01 435.777 301.013 226.812 210.477 172.57 191.417 158.823 370.936 150.351 196.966 142.499 131.927 120.929 117.15 106.636 111.645 105.788 99.8965 97.6608 93.2319 92.5356 84.121 141.595 95.3183 82.5061 75.681 63.0473 58.8677 57.6154
threshold=26.836014312181817 5.3500000000000005 74.361337499014894 0 1 2 86.657536924762425 0.2130921371379538 0.56683479620509214 8.2500000000000018 3 34.900000000000006 0.38606000000000007 1.0000000180025095e-35 1.4322000000000001 4 71.230197990120374 5 6 7 70.687269199479502 8 9 10 11 12 13 2.5633333333333339 0.44601431060117308 58.201312415578698
decision_type=2 2 2 1 1 1 2 2 2 2 1 2 2 2 2 1 2 1 1 1 2 1 1 1 1 1 1 2 2 2
left_child=13 3 7 5 9 26 20 8 12 10 -4 18 -3 -1 -8 16 -9 -17 -5 -10 -7 27 23 -6 -24 -20 29 -13 -28 -2
right_child=1 2 4 11 22 6 14 15 19 -11 -12 21 -14 -15 -16 17 -18 -19 25 -21 -22 -23 24 -25 -26 -27 28 -29 -30 -31
leaf_value=-0.007630745598767032 -0.0022773879068093252 0.036922907495498654 0.068552263906097588 -0.003021179017663952 0.026127655233619578 0.0075747391459573968 0.020146429942084512 0.01304365690466674 0.0048190854829187179 0.088480546373333177 0.020519200310969193 0.013866251897185723 0.10299588615118951 -0.0029968817061305345 0.054009958347700678 0.010608672213378108 0.056723426841325676 -0.0049194887698543049 0.0093045514254485543 0.02356941313655311 0.019180325030353159 0.006705141723299256 0.0020487337748129521 -0.011407555771377443 0.026550220904635227 0.00043929322059407875 -0.0008948814910110525 0.046130968425477294 -0.031308949938132651 0.015817406372396311
leaf_weight=19618 230 54 120 2350 176 1266 195 509 515 61 269 93 58 6840 177 716 58 855 1882 513 1232 340 175 184 1288 1898 634 136 62 504
leaf_count=19618 230 54 120 2350 176 1266 195 509 515 61 269 93 58 6840 177 716 58 855 1882 513 1232 340 175 184 1288 1898 634 136 62 504
internal_value=-7.42468e-05 0.010091 0.0169433 0.00663123 0.0253331 0.0120002 0.0162506 0.0111189 0.0201593 0.0438558 0.037766 0.00316059 0.0717745 -0.00643306 0.0363686 0.00628994 0.0173044 0.0021803 0.00183032 0.0144686 0.0133051 0.0175138 0.0203855 0.00676873 0.0236586 0.00484244 0.00340874 0.0317765 -0.00364952 0.0101479
internal_weight=43008 16550 5551 10999 2273 4300 2870 3278 1140 450 389 6699 112 26458 372 2138 567 1571 6130 1028 2498 569 1823 360 1463 3780 1430 229 696 734
internal_count=43008 16550 5551 10999 2273 4300 2870 3278 1140 450 389 6699 112 26458 372 2138 567 1571 6130 1028 2498 569 1823 360 1463 3780 1430 229 696 734
cat_boundaries=0 1 2 3 4 5 6 7 8 9 10 11 12 13 14
cat_threshold=99211 298024 1142787 69776 134540 3312792 1071385 1151040 7155740 66114 2 4097 2 2
is_linear=0
shrinkage=0.03


Tree=51
num_leaves=31
num_cat=13
split_feature=39 0 0 2 13 3 17 4 39 2 3 39 33 31 2 3 39 39 2 3 13 31 14 2 3 3 0 17 33 3
split_gain=3255.66 463.566 333.276 275.015 257.814 222.312 216.429 205.964 199.301 156.51 178.616 155.123 214.505 141.155 145.522 171.711 136.489 147.034 123.586 130.796 120.825 116.281 77.5714 75.1153 102.249 74.8042 72.4406 77.1813 61.2873 72.0995
threshold=35.094677006940024 5.3500000000000005 11.100000000000003 0 0.11633000000000002 1 0.94030000000000014 2 12.292110643587092 3 4 85.497417687953444 0.22801659942645738 3.5500000000000003 5 6 73.116330820421055 85.860650735796057 7 8 0.019160000000000003 5.1000000000000005 0.0027850000000000006 9 10 11 4.4500000000000011 0.061800000000000008 0.15246314704353273 12
decision_type=2 2 2 1 2 1 2 1 2 1 1 2 2 2 1 1 2 2 1 1 2 2 2 1 1 1 2 2 2 1
left_child=8 7 3 4 5 -3 -6 9 -1 10 -2 12 -4 14 25 -16 21 -18 19 -15 -12 -5 -20 -10 26 -9 -25 -28 -11 -30
right_child=1 2 11 16 6 -7 -8 13 23 28 20 -13 -14 18 15 -17 17 -19 22 -21 -22 -23 -24 24 -26 -27 27 -29 29 -31
leaf_value=-0.007033811335756349 0.0054513093205834067 0.057214892558378271 0.10531494751177638 0.019845958935060033 0.086675118403722995 0.014144741783782406 0.031689188647018356 0.0029338530792677371 -0.0047419925787869858 -0.014246017881193319 0.034184532940769057 0.014985936175151303 0.025907421967562506 0.025029529857232672 0.015549970823892315 -0.0020833582501381459 0.02450225828235212 0.0032716018738299609 -0.0015562882053022661 0.007112059359729756 0.078534668000584298 0.0043664495606231665 0.0088677397105139579 -0.003574571943476833 -0.00070112291062700088 -0.010224035626787205 0.011015014411642651 0.036735249954949506 0.025633037860159129 0.004306567168174044
leaf_weight=22587 213 128 82 606 121 610 141 629 2361 91 380 54 50 776 1006 973 1376 374 891 741 65 1563 2296 198 2445 1000 420 140 215 428
leaf_count=22587 213 128 82 606 121 610 141 629 2361 91 380 54 50 776 1006 973 1376 374 891 741 65 1563 2296 198 2445 1000 420 140 215 428
internal_value=0.000208848 0.011595 0.018913 0.0174134 0.0314738 0.0226519 0.0573279 0.0077434 -0.00578101 0.0183968 0.0290504 0.0582494 0.0756798 0.00592767 0.00146923 0.00691522 0.0137026 0.0199711 0.00935824 0.0163937 0.0399355 0.00869983 0.00593433 -0.000694396 0.00229642 -0.005156 0.0118409 0.0175044 0.00855438 0.0119358
internal_weight=42960 14809 5105 4919 1000 738 262 9704 28151 1392 658 186 132 8312 3608 1979 3919 1750 4704 1517 445 2169 3187 5564 3203 1629 758 560 734 643
internal_count=42960 14809 5105 4919 1000 738 262 9704 28151 1392 658 186 132 8312 3608 1979 3919 1750 4704 1517 445 2169 3187 5564 3203 1629 758 560 734 643
cat_boundaries=0 1 2 3 4 5 6 7 8 9 10 11 12 13
cat_threshold=298020 65665 6 6950678 918565 3303961 6394255 2886764 1213087 3169443 90720 1142595 205097
is_linear=0
shrinkage=0.03


Tree=52
num_leaves=31
num_cat=11
split_feature=40 31 28 31 2 2 14 38 7 38 3 36 28 1 3 3 1 36 2 17 6 38 38 2 3 23 8 28 2 20
split_gain=2603.76 419.148 265.734 247.893 228.917 212.075 264.31 184.136 174.768 176.178 160.106 133.908 125.886 116.21 169.609 133.09 111.781 111.617 103.632 99.4494 97.3874 128.95 96.6006 91.671 86.1564 83.3234 82.0477 80.4683 79.1724 71.9068
threshold=1.0000000180025095e-35 34.45000000000001 15.670000000000003 1.2250000000000003 0 1 0.36015000000000008 0.002349584021178353 5.9000000000000012 0.39070142570006683 2 2.5587135167589561 10.070000000000004 3 4 5 6 1.122543313396388 7 1.1515500000000001 4.8333333333333348 0.26252550526928037 0.34512059500702746 8 9 17.300000000000001 0.31940000000000007 13.245000000000003 10 11.500000000000002
decision_type=2 2 2 2 1 1 2 2 2 2 1 2 2 1 1 1 1 2 1 2 2 2 2 1 1 2 2 2 1 2
left_child=3 2 7 29 8 6 10 17 16 -10 -4 18 -6 15 -15 -7 -3 25 -9 26 24 -22 -21 -19 -5 -2 -14 -18 -26 -1
right_child=1 4 5 20 12 13 -8 11 9 -11 -12 -13 19 14 -16 -17 27 23 -20 22 21 -23 -24 -25 28 -27 -28 -29 -30 -31
leaf_value=-0.0061331909350201873 0.014608060079566929 0.056238542600985493 0.051366107174328393 -0.0044141018006525028 0.053126176282304982 0.034623059439825243 0.08563565794470604 0.010325896150915115 0.10169248456143316 0.037102634113953072 0.0037175843938507813 -0.019429499808350285 0.0087386570132883465 -0.002921318412343023 0.019287097481811795 0.013475326058510836 0.037426407204393081 0.023996029568632362 0.0035003082265757644 -0.00024805820847933113 -0.0023106468790455867 0.062884983228624999 0.056521824591253933 0.0033951035452733369 0.010158605057588022 0.048422349045752953 -0.032765518259914486 -0.015378139561077333 6.556097313803e-05 0.023092021679995876
leaf_weight=25062 108 92 108 1848 64 433 88 3666 93 67 154 181 115 620 607 816 50 373 4483 51 56 52 56 421 1102 172 67 52 1895 75
leaf_count=25062 108 92 108 1848 64 433 88 3666 93 67 154 181 115 620 607 816 50 373 4483 51 56 52 56 421 1102 172 67 52 1895 75
internal_value=2.66632e-06 0.0112572 0.0099567 -0.00483627 0.0337043 0.0180235 0.0397605 0.00753057 0.0504437 0.0750626 0.0255854 0.00602119 0.0149661 0.0147148 0.00820283 0.0212158 0.0324302 0.0192181 0.00658917 0.00686715 0.00129731 0.0293413 0.0296837 0.0134392 0.000665636 0.0354888 -0.00661951 0.0105894 0.00380136 -0.00604496
internal_weight=43027 12937 12230 30090 707 2826 350 9404 354 160 262 8330 353 2476 1227 1249 194 1074 8149 289 4953 108 107 794 4845 280 182 102 2997 25137
internal_count=43027 12937 12230 30090 707 2826 350 9404 354 160 262 8330 353 2476 1227 1249 194 1074 8149 289 4953 108 107 794 4845 280 182 102 2997 25137
cat_boundaries=0 1 2 3 4 5 6 7 8 9 10 11
cat_threshold=5283634 2362368 201361 2 6509106 2306562 2 5065068 2661328 3018064 795533
is_linear=0
shrinkage=0.03


Tree=53
num_leaves=31
num_cat=8
split_feature=39 31 34 2 3 15 25 3 2 25 3 15 2 3 38 17 38 4 26 5 21 22 8 20 17 26 33 24 33 23
split_gain=2614.16 390.039 266.021 201.88 230.312 209.521 194.655 174.821 233.932 181.465 157.632 243.008 156.528 252.709 200.861 163.485 196.164 138.39 128.057 119.48 98.3319 169.918 87.4652 146.317 112.638 86.1622 85.1721 74.3602 72.6553 66.4445
threshold=26.836014312181817 19.450000000000003 0.22455900190374226 0 1 0.34704000000000007 22.053333333333338 2 3 25.290000000000003 4 0.73115500000000011 5 6 0.37949048339791591 1.1217500000000002 0.13075798777237294 7 30.950000000000006 1.0000000180025095e-35 12.41666666666667 6.7750000000000012 0.42200000000000004 34.500000000000007 1.0011000000000003 25.050000000000004 0.23593127080213219 20.683333333333341 0.2744860065137123 27.700000000000006
decision_type=2 2 2 1 1 2 2 1 1 2 1 2 1 1 2 2 2 1 2 2 2 2 2 2 2 2 2 2 2 2
left_child=19 2 12 4 5 -3 -7 8 9 -4 11 18 15 -14 -15 26 -17 28 -5 -1 21 -6 23 -12 -24 -19 -2 -22 -9 -10
right_child=1 3 7 10 20 6 -8 17 29 -11 22 -13 13 14 -16 16 -18 25 -20 -21 27 -23 24 -25 -26 -27 -28 -29 -30 -31
leaf_value=-0.006398341256756368 -0.0037555580128211786 0.030715955934621866 0.014962825356341768 0.028750679339868999 -0.0062126451179385185 0.1236292298734188 0.052981416141632758 -0.0064435157684650454 0.0021608597114708391 0.047723863101497815 0.0091173581830932635 0.078985986684436252 0.0017903521244276176 0.034934441090133384 0.0088471364867911354 0.043446150252012372 0.0020940049598132497 0.0038374277001314763 -0.0087137570259575199 0.0013806568757348476 -0.024478734619342361 0.055033432001448591 -0.02993120974655214 0.060149160106976823 0.0092488890357647728 0.017963835807583244 0.015828151008986463 0.014956196647167207 0.0056579156194683936 0.01511281973860829
leaf_weight=24493 785 172 1660 345 59 56 100 1916 2399 167 816 72 475 965 368 213 200 3134 107 1915 51 129 113 53 156 443 267 249 581 418
leaf_count=24493 785 172 1660 345 59 56 100 1916 2399 167 816 72 475 965 368 213 200 3134 107 1915 51 129 113 53 156 443 267 249 581 418
internal_value=1.55657e-05 0.00939545 0.00745111 0.0203647 0.0326065 0.052265 0.0789872 0.00516384 0.00953774 0.0178857 0.0140559 0.0276124 0.0149364 0.0208287 0.0275404 0.00746033 0.0234816 0.0017995 0.0198756 -0.0058341 0.0185265 0.0358655 0.00760649 0.0122988 -0.00724845 0.00557672 0.00122229 0.00818324 -0.00361097 0.00407402
internal_weight=42877 16469 13991 2478 816 328 156 10718 4644 1827 1662 524 3273 1808 1333 1465 413 6074 452 26408 488 188 1138 869 269 3577 1052 300 2497 2817
internal_count=42877 16469 13991 2478 816 328 156 10718 4644 1827 1662 524 3273 1808 1333 1465 413 6074 452 26408 488 188 1138 869 269 3577 1052 300 2497 2817
cat_boundaries=0 1 2 3 4 5 6 7 8
cat_threshold=8195104 200853 74638 2788784 1097738 1681050 66256 1
is_linear=0
shrinkage=0.03


Tree=54
num_leaves=31
num_cat=3
split_feature=39 31 32 6 2 28 22 33 32 38 18 39 15 18 39 26 2 0 39 19 31 0 31 32 34 2 23 18 0 34
split_gain=2618.55 385.093 243.218 207.303 295.836 172.744 179.459 159.821 143.758 321.021 136.779 124.415 115.236 115.181 113.557 167.035 111.887 116.559 83.3804 88.1129 75.8957 69.4289 66.8409 55.6375 52.2783 36.9555 44.4563 31.6913 30.5673 30.0113
threshold=27.78039189847232 35.63333333333334 0.228017100192455 1.8333333333333337 0 12.345000000000002 19.900000000000002 0.29474065668736632 0.41126355616169702 0.37334731449575081 2.4916666666666676 3.320801342114343 0.10666666666666674 0.29335000000000006 65.556774978402842 11.250000000000002 1 4.5500000000000007 86.657536924762425 1.5267500000000005 45.900000000000006 4.6500000000000012 39.100000000000009 0.20791609728969129 0.37525563076066559 2 2.9000000000000004 0.8505666666666668 4.8500000000000005 0.54560662422169692
decision_type=2 2 2 2 1 2 2 2 2 2 2 2 2 2 2 2 1 2 2 2 2 2 2 2 2 1 2 2 2 2
left_child=11 2 16 10 7 14 20 -5 -8 -10 13 -1 -6 -4 -3 -16 17 29 23 -20 22 -13 -7 -18 25 26 -23 -19 -27 -2
right_child=1 5 3 4 12 6 8 -9 9 -11 -12 21 -14 -15 15 -17 18 27 19 -21 -22 24 -24 -25 -26 28 -28 -29 -30 -31
leaf_value=-0.0071629542630993826 -0.035696642884143419 0.01514672546351657 0.011294940661571098 0.021808292698794862 0.0027801606974320954 -0.0020340739103655021 0.0018918218599713369 -0.008557158173220912 0.11283302001069699 0.02582469744403516 0.051432994414184051 -0.0052285532356689691 0.013653358903216169 0.0016565247009137508 0.09216473522409796 0.027645438291010307 0.0062997633577955995 -0.0037801510853418823 -0.002912718446953083 0.039973094625216796 -0.019312401393940162 0.0050791621216879461 0.042668851175703681 -0.0057521788206481234 -0.0037169210967898996 0.007981989064648632 0.027658947278887912 0.0085942407343277908 -0.0030477302982292614 -0.013315041740528031
leaf_weight=16740 61 50 1841 3335 1845 71 68 163 55 123 58 5318 1674 2834 95 60 2058 366 66 122 90 1051 51 413 2039 288 84 377 1038 458
leaf_count=16740 61 50 1841 3335 1845 71 68 163 55 123 58 5318 1674 2834 95 60 2058 366 66 122 90 1051 51 413 2039 288 84 377 1038 458
internal_value=0.000222691 0.00967423 0.00872515 0.0108841 0.014157 0.0320557 0.0217197 0.0203323 0.039099 0.0532062 0.00602917 -0.00559034 0.0079333 0.00545435 0.0549159 0.0675461 0.00225366 -0.00507972 0.00573346 0.0249658 0.00145023 -0.00290821 0.0168238 0.00428269 -0.000164858 0.00277721 0.00671666 0.00249773 -0.000640835 -0.016015
internal_weight=42892 16334 15671 11750 7017 663 458 3498 246 178 4733 26558 3519 4675 205 155 3921 1262 2659 188 212 9818 122 2471 4500 2461 1135 743 1326 519
internal_count=42892 16334 15671 11750 7017 663 458 3498 246 178 4733 26558 3519 4675 205 155 3921 1262 2659 188 212 9818 122 2471 4500 2461 1135 743 1326 519
cat_boundaries=0 1 2 3
cat_threshold=8277092 3295266 6595736
is_linear=0
shrinkage=0.03


Tree=55
num_leaves=31
num_cat=6
split_feature=23 6 31 13 2 2 0 2 30 33 14 28 0 33 13 0 29 4 37 17 20 1 0 17 8 7 22 24 2 38
split_gain=2328.25 403.874 284.568 257.609 220.732 192.236 270.106 142.861 126.644 126.607 151.318 126.111 101.743 96.8469 92.2133 105.278 96.7793 91.3194 87.942 79.4016 75.3815 77.0384 72.8264 71.0465 56.2793 55.1052 50.1834 49.5272 43.9603 74.3874
threshold=1.0000000180025095e-35 1.8333333333333337 30.900000000000002 0.16019500000000006 0 1 9.4500000000000011 2 31.416666666666668 0.29474065668736632 0.069980000000000014 20.190000000000001 4.6500000000000012 0.29474065668736632 0.030000000000000016 7.5500000000000007 65.500000000000014 3 0.38010462090977026 0.5434500000000001 4.5000000000000009 4 7.2500000000000009 2.7517500000000004 0.069400000000000003 2.5500000000000003 16.100000000000005 16.233333333333345 5 0.13268103248911442
decision_type=2 2 2 2 1 1 2 1 2 2 2 2 2 2 2 2 2 1 2 2 2 1 2 2 2 2 2 2 1 2
left_child=3 7 4 12 13 6 8 11 -4 10 -6 -2 26 19 15 -7 -16 18 25 -3 28 -22 23 -19 -15 -9 -1 -11 29 -14
right_child=1 2 5 -5 9 14 -8 17 -10 27 -12 -13 20 24 16 -17 -18 22 -20 -21 21 -23 -24 -25 -26 -27 -28 -29 -30 -31
leaf_value=-0.0066376786419459176 -0.0033607162690423862 0.024140762592177654 0.067464280273177121 0.043674732806266658 0.0015063628430943238 0.052959101625283556 0.091238292205169089 0.017686889677094048 0.024275569672069765 0.013543048663412344 0.012445416734013795 0.032428855548653268 0.01043279999115139 -0.017859611745509835 0.012213116052873892 0.0025353618247434496 -0.031840218671058351 0.00376625259711147 0.046343152434130508 0.014721159798802111 0.045004660075809812 -0.0014153195838843072 0.040950118304175491 0.023750351786150557 0.019884192034883317 -0.015105220355093476 0.020618437947064146 0.047876384592365338 -0.0048356568308829248 -0.00214567566334195
leaf_weight=18619 2399 1342 75 96 2501 89 85 360 329 66 2089 91 486 107 210 64 56 3090 89 2043 59 69 50 168 52 52 60 92 4858 3225
leaf_count=18619 2399 1342 75 96 2501 89 85 360 329 66 2089 91 486 107 210 64 56 3090 89 2043 59 69 50 168 52 52 60 92 4858 3225
internal_value=0.000117014 0.00941371 0.0134207 -0.00512799 0.0116714 0.0293618 0.0419814 0.00355964 0.0324475 0.00738574 0.00648722 -0.00203089 -0.00530082 0.0173387 0.013247 0.0320397 0.00284298 0.00720105 0.0190533 0.0184625 -0.00261954 0.0201411 0.00534792 0.00480463 -0.00544985 0.0135143 -0.00654887 0.0337289 -0.00296219 -0.000493868
internal_weight=42971 15499 9200 27472 8292 908 489 6299 404 4748 4590 2490 27376 3544 419 153 266 3809 501 3385 8697 128 3308 3258 159 412 18679 158 8569 3711
internal_count=42971 15499 9200 27472 8292 908 489 6299 404 4748 4590 2490 27376 3544 419 153 266 3809 501 3385 8697 128 3308 3258 159 412 18679 158 8569 3711
cat_boundaries=0 1 2 3 4 5 6
cat_threshold=7212644 5344154 3169413 6 2 7083410
is_linear=0
shrinkage=0.03


Tree=56
num_leaves=31
num_cat=6
split_feature=40 36 31 0 3 14 3 32 32 38 37 32 19 12 24 0 3 18 3 3 16 16 37 26 3 20 30 27 36 23
split_gain=2141.79 327.106 211.086 203.195 189.834 160.808 150.157 165.824 195.754 140.666 132.227 205.589 146.13 127.68 158.933 123.758 113.426 107.098 106.194 100.023 95.6537 223.804 92.68 87.2054 86.8578 79.306 75.4061 60.5777 78.4322 57.2923
threshold=1.0000000180025095e-35 1.093948175193997 1.5500000000000003 7.8500000000000005 0 0.095165000000000013 1 0.34955423754866888 0.36733631817831464 0.0015925730699536957 0.47746232902839458 0.63288030305581044 1.0007100000000004 0.21361500000000005 23.766666666666673 5.7500000000000009 2 1.4906333333333337 3 4 0.69444200000000023 0.42774600000000002 0.3275757534446227 4.2500000000000009 5 11.500000000000002 3.8333333333333335 11.400000000000004 1.2503494713729768 10.300000000000002
decision_type=2 2 2 2 1 2 1 2 2 2 2 2 2 2 2 2 1 2 1 1 2 2 2 2 1 2 2 2 2 2
left_child=2 3 25 4 13 9 26 24 -9 16 11 -6 -12 17 -15 -4 -3 -2 -11 -17 21 23 -20 -5 -8 -1 -7 28 -21 -28
right_child=1 5 15 20 10 6 7 8 -10 18 12 -13 -14 14 -16 19 -18 -19 22 27 -22 -23 -24 -25 -26 -27 29 -29 -30 -31
leaf_value=-0.0055833929297883205 0.0018818506549393376 0.04476417687096234 -0.00093747791618473456 0.010190619805279898 0.019865673016794497 -0.019843959112208515 0.020824879074319201 0.066283738097808895 0.021858871784312395 -0.0082989356418877516 0.018995490145327344 0.047125062332232993 -0.022886533270933127 0.0070733400653932499 0.06616071210615336 -0.00031363027931191032 0.011003164041095992 0.026316042566590984 0.0047782369392748263 0.0052086634903246738 0.065886853934736811 -0.0088673244724050155 -0.024429010571613907 0.05518172618790286 0.005368107615702734 0.022785009319109196 0.017041546339368847 0.042111343681752837 0.031908228258794406 -0.00044822616935661524
leaf_weight=25245 1322 101 3818 50 1184 123 495 102 696 709 218 316 113 96 71 389 600 183 4384 262 84 95 99 183 1001 88 252 93 159 504
leaf_count=25245 1322 101 3818 50 1184 123 495 102 696 709 218 316 113 96 71 389 600 183 4384 262 84 95 99 183 1001 88 252 93 159 504
internal_value=0 0.010183 -0.00439849 0.0174298 0.0150762 0.00705164 0.0124963 0.016504 0.0276168 0.00411791 0.0217337 0.0256379 0.00466249 0.00759984 0.0324565 0.00142482 0.016723 0.00487041 0.00241256 0.0114062 0.0373493 0.0298538 0.00411808 0.0456246 0.0106699 -0.00548383 0.00181855 0.0198851 0.0153512 0.00539255
internal_weight=43035 12981 30054 3915 3503 9066 3173 2294 798 5893 1831 1500 331 1672 167 4721 701 1505 5192 903 412 328 4483 233 1496 25333 879 514 421 756
internal_count=43035 12981 30054 3915 3503 9066 3173 2294 798 5893 1831 1500 331 1672 167 4721 701 1505 5192 903 412 328 4483 233 1496 25333 879 514 421 756
cat_boundaries=0 1 2 3 4 5 6
cat_threshold=556106 294161 1052682 1327200 6984976 5800002
is_linear=0
shrinkage=0.03


Tree=57
num_leaves=31
num_cat=14
split_feature=39 34 9 39 2 9 3 39 2 3 0 27 38 1 3 3 18 32 3 38 2 2 32 0 2 2 18 3 3 22
split_gain=2198.34 298.036 234.826 191.556 203.874 262.096 219.57 187.664 168.992 346.414 149.42 142.028 141.476 132.744 172.727 123.238 109.807 91.8999 79.9845 109.262 115.816 94.2379 62.148 60.2965 71.1801 54.2953 51.1678 92.0471 84.6835 47.4426
threshold=39.999768200964162 0.23209103381593549 0.82666666666666677 71.230197990120374 0 0.59833333333333349 1 15.075682371542884 2 3 7.9500000000000011 22.216666666666672 0.13075798777237294 4 5 6 1.5638333333333336 0.59395413418014353 7 0.20757927966456155 8 9 0.40610849300712693 4.4500000000000011 10 11 0.35148333333333343 12 13 9.3666666666666689
decision_type=2 2 2 2 1 2 1 2 1 1 2 2 2 1 1 1 2 2 1 2 1 1 2 2 1 1 2 1 1 2
left_child=7 2 8 18 5 6 -5 -1 9 10 -2 17 -11 14 -6 -15 -13 -10 19 21 -21 -3 25 -9 -25 -20 28 -28 -26 -24
right_child=1 3 -4 4 13 -7 -8 23 11 12 -12 16 -14 15 -16 -17 -18 -19 22 20 -22 -23 29 24 26 -27 27 -29 -30 -31
leaf_value=-0.0057934815709120681 0.0022569659011696993 0.012076658505664214 0.077705467920554314 0.02397965006384499 0.021857693349312497 0.080755379792891047 0.0062266949849591529 -0.0051353334094632304 0.015488046459157027 0.058524656437686146 0.051165353574923106 0.031472502907295877 0.030023092697448968 0.0089516609532318565 0.00016608252670738619 -0.0067435678498265136 -0.009236245218770844 0.0017754380334449151 0.0055785728250923481 0.022373485957914812 0.0038433336903403023 -0.0052691490248633691 -0.0059104133540221569 -0.0034470438810754525 9.2060030660545699e-05 -0.0059346977161432047 -0.010032469286910109 0.008016572228492785 0.013607711672955993 -0.030620833991180867
leaf_weight=23598 525 390 56 1341 775 56 1217 1329 745 234 62 416 490 806 581 992 69 1074 769 550 696 938 198 1333 713 688 465 535 1018 108
leaf_count=23598 525 390 56 1341 775 56 1217 1329 745 234 62 416 490 806 581 992 69 1074 769 550 696 938 198 1333 713 688 465 535 1018 108
internal_value=4.88744e-05 0.0099155 0.0172365 0.00725413 0.0108355 0.0170194 0.0156584 -0.00463965 0.0162778 0.0248973 0.00738057 0.0112066 0.0387723 0.00563386 0.0127351 0.000303896 0.0256677 0.00739872 0.00248897 0.00584684 0.0122468 -0.00011639 -0.00243174 0.000408743 0.00222331 0.000137128 0.00498672 -0.000395012 0.0081247 -0.0147128
internal_weight=42767 13776 3671 10105 5768 2614 2558 28991 3615 1311 587 2304 724 3154 1356 1798 485 1819 4337 2574 1246 1328 1763 5393 4064 1457 2731 1000 1731 306
internal_count=42767 13776 3671 10105 5768 2614 2558 28991 3615 1311 587 2304 724 3154 1356 1798 485 1819 4337 2574 1246 1328 1763 5393 4064 1457 2731 1000 1731 306
cat_boundaries=0 1 2 3 4 5 6 7 8 9 10 11 12 13 14
cat_threshold=1019760 111502 6032453 5399240 2 6525338 3410554 3345055 7543812 4719830 1133665 3459530 411508 2669896
is_linear=0
shrinkage=0.03


Tree=58
num_leaves=31
num_cat=4
split_feature=39 34 16 3 39 36 3 3 30 16 38 21 23 35 33 32 28 38 39 31 21 27 28 10 17 3 35 36 31 32
split_gain=1977.62 342.279 195.673 181.11 174.365 155.452 218.222 189.726 183.949 170.705 110.608 108.142 106.831 132.904 123.214 104.568 137.774 103.285 102.205 97.355 83.5029 92.6073 79.7367 75.5414 74.9032 67.7947 65.2712 57.8581 55.9009 49.944
threshold=29.203460637221855 0.22872030296174956 0.21049100000000007 0 62.579940443425009 0.97272228401477123 1 2 15.41666666666667 0.72450000000000003 0.0018482202439440434 3.8333333333333335 15.900000000000002 2.1568616490869847 0.17055882377786813 0.33022479179946185 13.545000000000003 0.041208262944353265 5.4916333980049101 5.4500000000000011 0.58333333333333337 12.416666666666668 4.6900000000000022 0.075890000000000027 1.5718500000000002 3 2.0980076246512436 0.69899366165907983 24.266666666666669 0.54510066872892127
decision_type=2 2 2 1 2 2 1 1 2 2 2 2 2 2 2 2 2 2 2 2 2 2 2 2 2 1 2 2 2 2
left_child=18 4 3 15 12 7 29 26 -8 -9 25 -4 20 22 -15 23 -17 -12 -1 -13 27 -22 -14 -3 -21 -5 -6 -2 -20 -7
right_child=1 2 11 10 5 6 8 9 -10 -11 17 19 13 14 -16 16 -18 -19 28 24 21 -23 -24 -25 -26 -27 -28 -29 -30 -31
leaf_value=-0.0061455641774117884 -0.0057717682731337847 0.0090004489423042913 -0.0095887552772894406 0.024400422837256651 -0.0084527523719301143 0.020712402823898527 0.037022177796576815 0.019741988259166069 0.090802434612198599 0.062050813009614472 -0.017608124181434346 -0.015325775138773888 0.072076381285674868 0.036456063695085632 -0.022025791327868187 0.014450876409075464 0.046989980961296626 0.001356224300683221 -0.0022888815834491089 0.021764310424134407 -0.00381981866042118 0.016218420435107597 0.026871257230639458 -0.012564480035534294 0.009223840969599325 0.0050041357857223048 0.018780434483869207 0.0279680886200823 0.028337520096864965 -0.019549033328890797
leaf_weight=19066 59 1043 161 276 296 53 190 1623 83 90 268 85 56 55 76 762 138 6594 7802 1219 836 275 98 169 666 417 107 196 53 56
leaf_count=19066 59 1043 161 276 296 53 190 1623 83 90 268 85 56 55 76 762 138 6594 7802 1219 836 275 98 169 666 417 107 196 53 56
internal_value=1.26612e-07 0.00837195 0.00576429 0.00394906 0.0157831 0.0207832 0.0383964 0.0175855 0.0517663 0.0218739 0.00176519 0.0139917 0.00820803 0.0248852 0.0025951 0.0116915 0.0194902 0.000612664 -0.00495904 0.0159243 0.00471068 0.00114757 0.0436878 0.00598311 0.0173424 0.0131811 -0.00115744 0.0201578 -0.00207827 9.79044e-06
internal_weight=42868 15947 11798 9667 4149 2498 382 2116 273 1713 7555 2131 1651 285 131 2112 900 6862 26921 1970 1366 1111 154 1212 1885 693 403 255 7855 109
internal_count=42868 15947 11798 9667 4149 2498 382 2116 273 1713 7555 2131 1651 285 131 2112 900 6862 26921 1970 1366 1111 154 1212 1885 693 403 255 7855 109
cat_boundaries=0 1 2 3 4
cat_threshold=66184 2146448 197192 37222
is_linear=0
shrinkage=0.03


Tree=59
num_leaves=31
num_cat=6
split_feature=40 0 2 38 4 38 29 10 16 14 15 8 2 22 24 37 37 37 2 29 0 0 2 16 32 20 38 2 27 15
split_gain=1911.02 352.25 226.724 271.76 189.086 191.962 170.898 133.896 123.319 137.788 215.685 130.331 121.859 143.129 115.297 139.744 100.106 183.496 126.083 96.4252 90.0533 88.4794 86.4432 78.682 107.136 76.7043 76.1213 75.1846 74.2046 64.3265
threshold=1.0000000180025095e-35 5.3500000000000005 0 0.5167585614828093 1 0.38619433236615724 1.5000000000000002 0.026000000000000002 0.49400000000000005 0.69105000000000016 0.55500000000000016 0.82135000000000014 2 18.225000000000005 11.533333333333337 0.49886447486370927 0.27399732154884099 0.27982627635628432 3 39.500000000000007 5.8500000000000005 7.2500000000000009 4 0.16600400000000001 0.58533660876244953 11.500000000000002 0.23957824607388914 5 17.941666666666674 0.049155000000000004
decision_type=2 2 1 2 1 2 2 2 2 2 2 2 1 2 2 2 2 2 1 2 2 2 1 2 2 2 2 1 2 2
left_child=6 4 8 14 5 22 20 12 19 10 -10 -11 13 -6 27 -16 18 -18 -9 21 25 -3 -2 -22 -25 -1 -14 -4 -21 -8
right_child=1 2 3 -5 7 -7 29 16 9 11 -12 -13 26 -15 15 -17 17 -19 -20 28 23 -23 -24 24 -26 -27 -28 -29 -30 -31
leaf_value=-0.005050468791019138 0.026539147861373534 0.020538004165131039 0.0086678899486157066 0.07870592172558491 0.0071579923873211094 0.071879937320575113 -0.00064393722266028487 0.01385813790913948 0.021985237859300712 -0.012027014696207202 0.095143572274707697 0.047098854241371155 0.0001544356537901661 0.04907277863571443 0.01158640574464913 0.046275617317030469 0.064078824507433976 0.012923615662362458 -0.001594398815539165 0.015870982001781466 -3.5937835220504288e-05 0.039981166017163568 0.0087889599114884896 0.003114001040196707 0.04866273541808129 0.025533972647947233 -0.01274545153289946 -0.0090589058963027238 -0.022031525220017174 0.010299102327249928
leaf_weight=26673 366 1126 445 51 637 54 1001 796 66 60 82 74 2890 82 1616 111 66 1126 1156 124 1180 261 837 123 74 73 479 397 73 933
leaf_count=26673 366 1126 445 51 637 54 1001 796 66 60 82 74 2890 82 1616 111 66 1126 1156 124 1180 261 837 123 74 73 479 397 73 933
internal_value=0.000166269 0.00978816 0.0165877 0.0107462 0.00619308 0.0168909 -0.0039874 0.00430188 0.0245885 0.0430095 0.0629056 0.0207094 0.000726705 0.0118395 0.00940763 0.0138432 0.00896154 0.0158099 0.00477207 0.0214372 -0.00458069 0.0242251 0.0145027 0.00289797 0.0203982 -0.00496593 -0.00167702 0.00030074 0.0017704 0.00463625
internal_weight=43032 12975 4486 2620 8489 1257 30057 7232 1866 282 148 134 4088 719 2569 1727 3144 1192 1952 1584 28123 1387 1203 1377 197 26746 3369 842 197 1934
internal_count=43032 12975 4486 2620 8489 1257 30057 7232 1866 282 148 134 4088 719 2569 1727 3144 1192 1952 1584 28123 1387 1203 1377 197 26746 3369 842 197 1934
cat_boundaries=0 1 2 3 4 5 6
cat_threshold=4492716 6 4718852 589947 4759056 1184322
is_linear=0
shrinkage=0.03


Tree=60
num_leaves=31
num_cat=1
split_feature=39 0 39 4 29 0 13 18 17 38 6 34 32 19 17 21 0 7 25 38 31 6 19 19 39 35 37 11 18 37
split_gain=1732.79 309.603 201.653 135.072 119.635 107.253 136.794 135.293 118.925 163.2 97.4207 94.4678 390.871 183.56 103.023 91.3036 83.0568 78.3996 88.0629 77.0161 78.6878 67.1735 91.1129 86.5783 64.1069 62.1803 60.8715 57.9006 48.3717 36.9009
threshold=20.366532454004062 5.3500000000000005 73.750083440511872 0 1.5000000000000002 8.9500000000000011 0.14401800000000006 0.73048333333333348 1.1217500000000002 0.33318602727270069 6.166666666666667 0.2130921371379538 0.56683479620509214 0.40600000000000019 1.1316000000000004 24.416666666666668 4.0500000000000007 3.7750000000000004 30.020000000000007 0.12914758457520412 5.1000000000000005 1.8333333333333337 0.59466000000000008 0.96000000000000019 2.094307544856219 1.1597781577286834 0.079796322323115884 0.00039500000000000006 0.29335000000000006 0.21394988529334527
decision_type=2 2 2 1 2 2 2 2 2 2 2 2 2 2 2 2 2 2 2 2 2 2 2 2 2 2 2 2 2 2
left_child=24 3 11 21 15 8 7 -7 10 -10 -4 12 13 -3 -14 16 -5 26 -19 -13 -21 25 27 -24 -1 -2 -6 -23 -27 -26
right_child=1 2 5 4 17 6 -8 -9 9 -11 -12 19 14 -15 -16 -17 -18 18 -20 20 -22 22 23 -25 29 28 -28 -29 -30 -31
leaf_value=-0.0062519456603471607 -0.006385926842963025 0.031022081762552261 0.016068873537109195 -0.015722126333997753 -0.015272421121980776 0.044487052045762539 0.06968285943028682 -0.015838391833142798 0.017608089842014962 0.045761386869819655 -0.004620125546105555 -0.018843783669687138 0.013777208809333584 0.10468437581046902 -0.010215175486760696 -0.035097824052198606 0.0011911049397723018 0.017482316517472687 -0.0071742864703493456 0.015727682735708442 0.0027671902830990864 0.024730137135191482 -0.010898212189374621 0.015945644199454233 -0.0051962756597156573 0.02696204837611807 0.0051022556195835381 0.059563204986353716 0.0040154168818094952 -0.0016247910019770609
leaf_weight=14614 268 67 916 277 135 85 84 54 627 264 263 116 884 57 196 66 4352 856 153 569 1625 234 128 671 4626 133 4434 53 218 5965
leaf_count=14614 268 67 916 277 135 85 84 54 627 264 263 116 884 57 196 66 4352 856 153 569 1625 234 128 671 4626 133 4434 53 218 5965
internal_value=9.55039e-05 0.00726547 0.0129501 0.00450844 0.00319774 0.0198709 0.0396331 0.0210841 0.0177224 0.0259951 0.0114512 0.00842877 0.0152404 0.0654736 0.00941484 -0.00032739 0.00017519 0.00617063 0.0137371 0.00487214 0.00613541 0.0123066 0.0168727 0.0116333 -0.00496369 0.00447496 0.00449638 0.0313576 0.0127707 -0.00318539
internal_weight=42990 17785 5807 11978 10273 2293 223 139 2070 891 1179 3514 1204 124 1080 4695 4629 5578 1009 2310 2194 1705 1086 799 25205 619 4569 287 351 10591
internal_count=42990 17785 5807 11978 10273 2293 223 139 2070 891 1179 3514 1204 124 1080 4695 4629 5578 1009 2310 2194 1705 1086 799 25205 619 4569 287 351 10591
cat_boundaries=0 1
cat_threshold=6
is_linear=0
shrinkage=0.03


Tree=61
num_leaves=31
num_cat=7
split_feature=39 39 34 2 13 23 2 17 30 2 17 11 16 2 32 34 1 36 17 34 11 38 2 11 2 13 19 21 17 32
split_gain=1590.58 274.585 247.262 202.172 169.679 226.735 231.725 251.826 208.441 175.758 154.956 149.275 139.209 164.268 135.304 135.782 123.271 110.474 101.205 101.168 88.2285 83.6458 82.5295 89.2474 80.4839 80.0963 79.8215 76.1695 71.1533 68.2069
threshold=58.201312415578698 16.657263029366618 0.22455900190374226 0 0.12283000000000001 8.3000000000000025 1 0.56200000000000017 15.833333333333334 2 1.3450000000000004 0.066885000000000014 0.21049100000000007 3 0.78167577604591798 0.11811810787623887 4 0.95081219959883156 1.1907000000000003 0.04711721058610268 0.044125000000000004 0.13075798777237294 5 0.29248000000000007 6 0.11410900000000003 0.44399999999999995 20.166666666666668 0.35050000000000003 0.50087394422806519
decision_type=2 2 2 1 2 2 1 2 2 1 2 2 2 1 2 2 1 2 2 2 2 2 1 2 1 2 2 2 2 2
left_child=1 -1 4 11 9 8 7 -7 -6 14 -8 27 22 16 15 -2 -14 21 -19 -3 -15 -11 29 -24 25 -21 -26 -4 -16 -5
right_child=2 19 3 12 5 6 10 -9 -10 17 -12 -13 13 20 28 -17 -18 18 -20 24 -22 -23 23 -25 26 -27 -28 -29 -30 -31
leaf_value=-0.0050622404985391917 -0.0021840262665066505 0.03723918232811349 0.014346105232641872 0.00067716419271556276 0.024695999868421088 0.10371318931419116 -0.012218317138313936 0.029158714381607505 0.10611431937469612 0.010074553663934288 0.034501377274747939 0.074881259934843653 0.036777319371181859 0.017248327136664621 0.068641753549246412 0.02390274434227194 0.013589629541999394 0.0031172661826945839 0.043482696018691334 -0.00360452343992164 -0.0026245832289829587 -0.01058537161999515 0.0060711104989403008 0.039150147449076182 0.0072202444286236234 0.016389889544273447 -0.00072080043588083746 0.054093663719324572 0.027045480056450921 -0.022567278681462632
leaf_weight=24182 238 69 250 2132 53 51 190 197 62 303 95 55 352 309 75 726 503 119 105 3216 571 419 3636 74 2504 190 2088 52 77 119
leaf_count=24182 238 69 250 2132 53 51 190 197 62 303 95 55 352 309 75 726 503 119 105 3216 571 419 3636 74 2504 190 2088 52 77 119
internal_value=-0.000130487 -0.0034634 0.00985499 0.00721501 0.0176933 0.0310828 0.022749 0.0431255 0.0691533 0.013471 0.00329538 0.0289869 0.00615538 0.0136407 0.0214593 0.0174635 0.0229037 0.00376494 0.0221611 0.00132901 0.00431282 -0.00190898 0.0039846 0.00672397 0.00101421 -0.00247652 0.00360156 0.0213559 0.0479041 -0.000557331
internal_weight=43012 32249 10763 8053 2710 648 533 248 115 2062 285 357 7696 1735 1116 964 855 946 224 8067 880 722 5961 3710 7998 3406 4592 302 152 2251
internal_count=43012 32249 10763 8053 2710 648 533 248 115 2062 285 357 7696 1735 1116 964 855 946 224 8067 880 722 5961 3710 7998 3406 4592 302 152 2251
cat_boundaries=0 1 2 3 4 5 6 7
cat_threshold=525312 7081256 4623124 5481020 2 4448262 1137841
is_linear=0
shrinkage=0.03


Tree=62
num_leaves=31
num_cat=4
split_feature=39 39 31 1 3 36 26 0 36 27 13 27 33 19 23 0 9 8 38 3 30 3 0 22 38 10 33 25 23 30
split_gain=1671.93 288.853 268.34 260.719 263.164 188.32 163.688 154.765 133.954 141.965 142.076 140.607 118.853 118.474 115.01 112.306 111.953 110.275 144.209 100.927 114.063 88.9455 70.5645 114.496 62.6569 59.2869 50.5883 50.022 55.3176 38.5266
threshold=58.201312415578698 12.292110643587092 22.100000000000005 0 1 1.2000582035765284 28.650000000000002 6.4500000000000011 2.5587135167589561 0.53333333333333377 0.10606500000000003 37.116666666666667 0.2874343898911928 0.81420000000000015 1.5000000000000002 9.8500000000000032 0.21688333333333337 0.32055000000000006 0.35210743791063398 2 28.166666666666668 3 5.4500000000000011 15.633333333333335 0.40066787417185146 0.15403000000000008 0.19621342861292349 11.445000000000002 10.700000000000003 22.833333333333339
decision_type=2 2 2 1 1 2 2 2 2 2 2 2 2 2 2 2 2 2 2 1 2 1 2 2 2 2 2 2 2 2
left_child=1 -1 8 4 5 6 -4 -7 9 12 11 -11 13 -2 -5 21 -12 18 -6 26 -21 22 25 -24 -19 -3 -16 28 -23 -29
right_child=2 15 3 14 17 7 -8 -9 -10 10 16 -13 -14 -15 19 -17 -18 24 -20 20 -22 27 23 -25 -26 -27 -28 29 -30 -31
leaf_value=-0.0052012979515774806 0.026003217374004663 0.0032230649888449307 0.053932286609803919 0.046198962117234871 0.0084401823093217827 0.11831125723729369 0.0012500029935648565 0.04769241226817432 -0.015354183538613831 0.0046835078410749848 0.012097906275273771 0.050848499165661629 0.046433504474863149 0.0079566062112605088 -0.031493370836698696 0.044966434265558533 0.035577948022445814 0.0096645466116887895 0.051478482869625086 0.039129709829631099 0.0060181959330251342 -0.00088524293184824771 0.015575999140339291 -0.024472705572417805 -0.03171073867205311 -0.02077982812052228 -0.00059895705020655008 -0.0086494331198451319 0.0098358951534938659 0.0073937020700473284
leaf_weight=22607 526 2040 182 71 161 60 75 56 210 5988 1154 59 115 870 56 51 217 92 124 135 303 4913 788 69 50 96 294 1076 474 153
leaf_count=22607 526 2040 182 71 161 60 75 56 210 5988 1154 59 115 870 56 51 217 92 124 135 303 4913 788 69 50 96 294 1076 474 153
internal_value=7.35351e-05 -0.0033459 0.0102913 0.02139 0.0337063 0.0518465 0.0386341 0.0849441 0.00827407 0.00883177 0.00712205 0.00514276 0.0172131 0.0147723 0.00989033 0.000996006 0.0158397 0.0161796 0.0272906 0.00656066 0.0159336 0.000757665 0.00503862 0.0123233 -0.00500311 0.00213366 -0.0054704 -0.00118483 5.91994e-05 -0.00664537
internal_weight=43065 32267 10798 1659 800 373 257 116 9139 8929 7418 6047 1511 1396 859 9660 1371 427 285 788 438 9609 2993 857 142 2136 350 6616 5387 1229
internal_count=43065 32267 10798 1659 800 373 257 116 9139 8929 7418 6047 1511 1396 859 9660 1371 427 285 788 438 9609 2993 857 142 2136 350 6616 5387 1229
cat_boundaries=0 1 2 3 4
cat_threshold=2 2224832 2724808 1131019
is_linear=0
shrinkage=0.03


Tree=63
num_leaves=31
num_cat=7
split_feature=23 0 4 37 11 13 33 13 10 2 2 2 38 38 10 0 38 33 21 16 31 2 19 33 20 2 19 2 24 37
split_gain=1396.77 295.36 151.913 148.12 147.795 178.993 167.498 123.905 120.758 114.6 111.71 106.782 106.305 95.5984 93.4698 84.0853 82.6862 74.1242 87.0379 61.4852 57.5632 59.2585 51.8206 49.8265 33.7799 50.4867 38.8551 29.2048 27.6201 25.8625
threshold=1.0000000180025095e-35 5.3500000000000005 0 0.55121796246984844 0.71405500000000011 0.18004900000000004 0.23575591230326173 0.16019500000000006 0.014 1 2 3 0.39697890252812373 0.22662157106006056 0.17613000000000004 5.4500000000000011 0.05319821183723223 0.18182116262849971 16.833333333333339 0.45900000000000002 27.266666666666669 4 0.81420000000000015 0.13042212991810043 1.0000000180025095e-35 5 0.71410000000000029 6 0.20000000000000034 0.50998994717314761
decision_type=2 2 1 2 2 2 2 2 2 1 1 1 2 2 2 2 2 2 2 2 2 1 2 2 2 1 2 1 2 2
left_child=7 2 12 4 5 10 -7 15 9 13 -3 14 17 -4 -10 24 -13 -2 -19 20 21 -17 -9 -11 27 26 -26 28 -1 -29
right_child=1 3 8 -5 -6 6 -8 22 11 23 -12 16 -14 -15 -16 19 -18 18 -20 -21 -22 -23 -24 -25 25 -27 -28 29 -30 -31
leaf_value=-0.0039566951389431587 -0.004306257328331029 0.0031814048009804101 0.014544731280300116 0.061632176732546402 -0.032726881962446941 0.041248689101540781 0.010803589876318716 0.0049185107884307704 0.013678046065073867 -0.019089966503900432 0.014355456339148996 -0.013809032424331404 0.044528973973686659 -0.0048652957768415776 -0.0071662686192624572 0.010125866196033629 0.004135342955063139 0.006840086073508095 0.023203923197165265 -0.029019132804870604 0.029144866265912554 -0.0013693657500355033 0.045344122858274556 -0.0021552929156404875 0.0041180384680212035 -0.0050055971643438056 0.026982330970834575 -0.0057052212729288487 0.0017743639907456541 0.0059548701581066043
leaf_weight=6570 227 1160 717 56 62 373 290 53 1881 163 2798 257 92 334 215 495 2214 637 543 59 66 1986 62 3402 256 476 90 16315 854 172
leaf_count=6570 227 1160 717 56 62 373 290 53 1881 163 2798 257 92 334 215 495 2214 637 543 59 66 1986 62 3402 256 476 90 16315 854 172
internal_value=6.14765e-05 0.00728612 0.00451957 0.0135192 0.0129302 0.0135504 0.0279727 -0.00399664 0.00305963 -0.000358452 0.0111273 0.00652106 0.0133439 0.0082959 0.0114813 -0.00412787 0.00225385 0.0113672 0.014386 0.000996403 0.00170399 0.000961348 0.0269421 -0.00292735 -0.00466793 0.00130741 0.00985078 -0.00487352 -0.00329245 -0.00557966
internal_weight=42875 15421 10682 4739 4683 4621 663 27454 9183 4616 3958 4567 1499 1051 2096 27339 2471 1407 1180 2606 2547 2481 115 3565 24733 822 346 23911 7424 16487
internal_count=42875 15421 10682 4739 4683 4621 663 27454 9183 4616 3958 4567 1499 1051 2096 27339 2471 1407 1180 2606 2547 2481 115 3565 24733 822 346 23911 7424 16487
cat_boundaries=0 1 2 3 4 5 6 7
cat_threshold=6 4760580 77875 790269 558338 3432826 5120416
is_linear=0
shrinkage=0.03


Tree=64
num_leaves=31
num_cat=5
split_feature=39 39 31 37 17 3 38 34 33 4 26 39 3 26 10 13 23 17 20 38 3 38 12 34 39 8 24 36 3 15
split_gain=1336.36 258.844 172.316 135.542 160.827 150.675 120.349 112.018 136.289 109.557 136.852 96.2768 98.4836 114.534 90.6427 90.4534 117.583 110.748 81.3242 79.5443 76.4643 87.5626 54.4794 40.8025 37.066 25.2938 26.4136 31.5084 34.8061 25.2845
threshold=21.9386671124016 71.230197990120374 31.675000000000004 0.35928538382566361 2.4706000000000006 0 0.14586770489794484 0.22191477147072966 0.25253916968929252 1 34.850000000000009 73.750083440511872 2 15.150000000000004 0.54100000000000015 0.086000000000000049 16.300000000000001 1.0750000000000004 11.500000000000002 0.25355957794354866 3 0.29118252724074056 0.24082833333333337 0.20124009207108451 1.9943341956928597 0.069400000000000003 7.7333333333333369 1.4839202801055713 4 0.11820166666666669
decision_type=2 2 2 2 2 1 2 2 2 1 2 2 1 2 2 2 2 2 2 2 1 2 2 2 2 2 2 2 1 2
left_child=24 7 3 9 5 -5 -6 8 15 19 -11 -4 18 -14 20 16 -2 -17 -13 -3 21 -9 -22 -10 -1 26 27 28 -26 -29
right_child=1 2 11 4 6 -7 -8 14 23 10 -12 12 13 -15 -16 17 -18 -19 -20 -21 22 -23 -24 -25 25 -27 -28 29 -30 -31
leaf_value=-0.005616668531869054 2.0209958463776952e-05 0.011759243403319398 0.064437627105151912 0.0012291789855926809 0.06987459040433168 0.020787366163483239 0.0118050498192509 0.0013509283285485525 0.052605339911320936 0.0027109690442305911 0.019977473186147187 -0.014416106863807026 0.047531924938526454 0.01443316571358088 0.040783397516783546 0.028534067287209253 0.018935734848384976 -0.0044208977266804858 0.020200338894425816 0.034210008855909108 -0.0036925020796790848 0.01326160019550727 0.027293767787372834 0.021571205448719766 0.0008682564415387927 0.011938101121531703 -0.011443363975392034 -0.0051469731904666945 -0.0038270156709833214 0.01326836892044829
leaf_weight=14325 1543 861 50 577 83 949 53 3488 68 3992 460 103 195 184 50 308 365 130 147 170 2815 660 51 92 2653 96 359 4992 3044 67
leaf_count=14325 1543 861 50 577 83 949 53 3488 68 3992 460 103 195 184 50 308 365 130 147 170 2815 660 51 92 2653 96 359 4992 3044 67
internal_value=-0.000236697 0.00617628 0.0102236 0.00884795 0.0163527 0.013544 0.0475178 0.00286636 0.0083145 0.00657 0.0044897 0.0246604 0.0213965 0.030742 0.000932265 0.00647745 0.00364834 0.0187583 0.00569875 0.0153449 0.000641981 0.00324172 -0.00311985 0.0350242 -0.00460513 -0.00331196 -0.00344501 -0.00317673 -0.0016454 -0.00489992
internal_weight=42930 17394 7824 7145 1662 1526 136 9570 2506 5483 4452 679 629 379 7064 2346 1908 438 250 1031 7014 4148 2866 160 25536 11211 11115 10756 5697 5059
internal_count=42930 17394 7824 7145 1662 1526 136 9570 2506 5483 4452 679 629 379 7064 2346 1908 438 250 1031 7014 4148 2866 160 25536 11211 11115 10756 5697 5059
cat_boundaries=0 1 2 3 4 5
cat_threshold=70488 6 5284304 6950604 2606892
is_linear=0
shrinkage=0.03


Tree=65
num_leaves=31
num_cat=9
split_feature=39 0 39 2 5 19 23 2 3 6 31 3 29 27 3 3 2 14 30 29 13 19 11 3 30 24 23 2 10 30
split_gain=1245.39 333.089 225.137 155.755 156.778 163.016 301.589 149.858 294.198 126.996 124.415 197.329 116.134 114.191 191.913 112.609 158.096 108.435 108.654 102.537 101.139 100.344 97.1478 94.9103 93.2398 88.0003 81.3128 78.4803 64.7848 115.647
threshold=58.201312415578698 7.4500000000000011 15.075682371542884 0 11.500000000000002 1.0082100000000003 32.900000000000006 1 2 2.1666666666666674 35.63333333333334 3 15.500000000000002 0.46666666666666673 4 5 6 0.19988500000000003 15.41666666666667 47.500000000000007 0.11633000000000002 0.39200000000000013 0.060155000000000007 7 2.4166666666666674 1.0000000180025095e-35 7.5000000000000009 8 0.40665000000000012 24.416666666666668
decision_type=2 2 2 1 2 2 2 1 1 2 2 1 2 2 1 1 1 2 2 2 2 2 2 1 2 2 2 1 2 2
left_child=2 7 -1 12 5 6 -5 8 9 -2 13 19 -3 14 -9 16 -4 23 -19 -12 25 -11 -7 -10 -15 -18 -13 -17 29 -14
right_child=1 3 15 4 -6 22 -8 10 17 21 11 26 28 24 -16 27 20 18 -20 -21 -22 -23 -24 -25 -26 -27 -28 -29 -30 -31
leaf_value=-0.0046571943066616482 0.018604195126780756 -0.015829665460916503 -0.001601991650250852 0.01124426506871163 -0.0078215705159483308 0.040345267462845842 0.084476964107331104 -0.00098335962244924498 -0.022764700978435578 0.030992484294580961 0.091697176237948805 -0.027138013117453629 0.00065821222304853031 -0.0019563492437887605 0.022380091842257609 -0.0051413210066903843 0.03131104245968163 0.0060586887415498497 0.061917776028143953 0.030793086819923841 0.047053658399940468 0.083356864002048961 0.088043682353355371 0.0085204676376830334 0.0058450282666560856 0.0082852714443290166 0.017148709771605274 0.0016536796588081087 -0.0021056956027944882 0.051300511732416329
leaf_weight=23585 80 104 1066 200 58 70 67 519 109 52 51 50 66 1821 817 2515 178 69 57 51 79 99 94 309 5665 917 138 3870 71 105
leaf_count=23585 80 104 1066 200 58 70 67 519 109 52 51 50 66 1821 817 2515 178 69 57 51 79 99 94 309 5665 917 138 3870 71 105
internal_value=-0.000192409 0.0086631 -0.00314048 0.0268492 0.0375554 0.0445421 0.0298788 0.00712434 0.0197295 0.0474844 0.00602161 0.0253338 0.0102667 0.00539046 0.0134679 0.00100666 0.00677588 0.00723086 0.0316405 0.0563937 0.0143298 0.0656664 0.0680707 -5.28514e-06 0.0039469 0.0120562 0.0050082 -0.00102659 0.0219356 0.0318893
internal_weight=42932 10722 32210 835 489 431 267 9887 775 231 9112 290 346 8822 1336 8625 2240 544 126 102 1174 151 164 418 7486 1095 188 6385 242 171
internal_count=42932 10722 32210 835 489 431 267 9887 775 231 9112 290 346 8822 1336 8625 2240 544 126 102 1174 151 164 418 7486 1095 188 6385 242 171
cat_boundaries=0 1 2 3 4 5 6 7 8 9
cat_threshold=5075025 787456 197816 98497 928821 82569 6013963 1585216 1138320
is_linear=0
shrinkage=0.03


Tree=66
num_leaves=31
num_cat=8
split_feature=39 2 3 16 39 9 9 32 3 38 32 27 32 2 14 33 30 17 37 22 3 2 22 27 3 28 18 0 2 18
split_gain=1201.23 199.203 249.839 199.565 183.704 171.348 222.949 170.039 168.482 138.346 136.332 116.809 110.269 102.56 221.784 172.193 100.638 92.6455 170.091 99.8615 91.5359 94.1679 97.7205 90.3587 83.1809 78.047 76.8489 74.9508 70.0965 73.7916
threshold=54.346686730293591 0 1 0.47352500000000003 17.143838901030033 0.066550000000000012 0.13675000000000007 0.18329589012778594 2 0.5167585614828093 0.21169376971851103 16.283333333333339 0.23827080806673442 3 0.56132500000000018 0.20605488075495668 13.833333333333334 2.4706000000000006 0.39482121798844078 29.100000000000005 4 5 11.100000000000001 14.316666666666666 6 16.345000000000002 0.76333333333333353 6.4500000000000011 7 1.3137166666666671
decision_type=2 1 1 2 2 2 2 2 1 2 2 2 2 1 2 2 2 2 2 2 1 1 2 2 1 2 2 2 1 2
left_child=4 2 3 7 -1 11 16 -2 10 17 28 24 -9 14 -12 -15 -7 19 -19 -10 21 22 27 26 -4 -25 -23 -6 29 -3
right_child=1 8 5 -5 20 6 -8 12 9 -11 13 -13 -14 15 -16 -17 -18 18 -20 -21 -22 23 -24 25 -26 -27 -28 -29 -30 -31
leaf_value=-0.0043324076515617255 0.070070958576814432 0.00042682271936851342 0.014617897486899581 0.086903924999868168 5.7201329796087168e-06 0.03377060773024957 0.0061588747124306032 -0.011101333085547333 0.00088427142452197763 0.050518663569827968 0.017790677922971392 0.023204696483169959 0.025401324135177396 0.032854839893647056 0.070730796863883727 0.0081080683301803201 0.086790900512108637 0.007606681155763761 0.062372368798444149 -0.031254463517661681 -0.0016342168313475838 0.011576124783824953 -0.020482925694736722 0.054299677864975623 -0.011605365370674917 0.008035507196774247 -0.0047141824910566874 0.027078962423455189 -0.0043097787342364262 0.028875074536435497
leaf_weight=24382 70 195 129 50 944 89 235 83 3894 52 669 150 676 280 79 2573 52 495 56 88 4325 1162 194 73 501 60 335 101 720 141
leaf_count=24382 70 195 129 50 944 89 235 83 3894 52 669 150 676 280 79 2573 52 495 56 88 4325 1162 194 73 501 60 335 101 720 141
internal_value=-8.77286e-05 0.00831653 0.0168072 0.0288476 -0.00308948 0.00746378 0.0241347 0.0255894 0.00641989 0.0023225 0.0104383 -0.000493639 0.0213963 0.0132398 0.0231637 0.0105117 0.0538188 0.00176306 0.013281 0.000165601 0.00112269 0.00526621 -0.000976569 0.00998806 -0.00616869 0.0336667 0.00792795 0.00264862 0.000977738 0.012066
internal_weight=42853 11277 2035 879 31576 1156 376 829 9242 4585 4657 780 759 3601 748 2853 141 4533 551 3982 7194 2869 1239 1630 630 133 1497 1045 1056 336
internal_count=42853 11277 2035 879 31576 1156 376 829 9242 4585 4657 780 759 3601 748 2853 141 4533 551 3982 7194 2869 1239 1630 630 133 1497 1045 1056 336
cat_boundaries=0 1 2 3 4 5 6 7 8
cat_threshold=789600 722107 2206665 2146306 1143430 1285441 32772 69904
is_linear=0
shrinkage=0.03


Tree=67
num_leaves=31
num_cat=4
split_feature=39 35 2 28 37 22 37 17 17 2 35 18 35 39 2 35 29 8 24 24 14 26 2 6 37 22 35 35 38 39
split_gain=1172.79 204.98 141.829 174.162 131.3 201.66 105.788 146.697 281.306 172.057 112.075 252.03 159.016 104.268 103.219 113.041 92.2578 159.357 87.6513 86.6005 106.565 102.956 71.8163 55.1824 59.0887 78.3456 50.052 63.7703 99.034 60.4594
threshold=37.823873480816751 1.0399660479218833 0 22.590000000000007 0.29094240808521027 19.100000000000005 0.35928538382566361 0.55125000000000013 1.4921500000000003 1 1.6186049045143409 1.9616666666666669 1.558876633118621 16.657263029366618 2 1.0030833513140556 40.500000000000007 0.12860000000000002 2.6000000000000019 22.766666666666673 0.2600900000000001 3.7500000000000004 3 4.166666666666667 0.49615293095991897 3.3666666666666671 1.0030833513140556 0.77956085091706828 0.041208262944353265 73.750083440511872
decision_type=2 2 1 2 2 2 2 2 2 1 2 2 2 2 1 2 2 2 2 2 2 2 1 2 2 2 2 2 2 2
left_child=13 14 3 4 5 -3 10 9 -9 -8 12 -12 -4 -1 26 19 17 -5 -6 20 -16 -21 -15 24 -24 -26 27 28 -2 -28
right_child=1 2 6 16 18 -7 7 8 -10 -11 11 -13 -14 22 15 -17 -18 -19 -20 21 -22 -23 23 -25 25 -27 29 -29 -30 -31
leaf_value=-0.0042944942609757049 -0.015491117146217901 0.016712254673976957 0.0057542143575854045 0.03231816872498125 0.033948703158484854 0.065549817084053219 0.0082883026786671754 -0.0029859362574259319 0.02376378422597451 0.031320589597113542 -0.0063200361218006713 0.036317439743682095 0.027036165463679762 -0.0054403731545230594 0.00123883071713603 -0.016539619046958193 0.0018963301098852787 0.092073361785906666 0.0033115807154562985 0.038645558646394428 0.025997336739922564 0.0062788528512726172 0.0014540812794511528 0.028877620712943274 -0.0034195220145396888 0.036138389291528329 -0.0094250774673133517 -0.011829062374368175 0.0084627016163426119 0.034100407127645754
leaf_weight=24194 232 680 4046 177 91 85 612 1040 535 597 1300 137 342 1222 1200 188 52 52 981 162 179 195 2943 72 79 103 52 829 465 62
leaf_count=24194 232 680 4046 177 91 85 612 1040 535 597 1300 137 342 1222 1200 188 52 52 981 162 179 195 2943 72 79 103 52 829 465 62
internal_value=-1.51293e-05 0.00700283 0.00907367 0.0160379 0.0127326 0.0222211 0.00733117 0.0121503 0.00610789 0.0200079 0.0050383 -0.00223057 0.00741939 -0.00352053 0.000768335 0.00546628 0.0380817 0.0462414 0.00594432 0.00789075 0.00447127 0.0210416 0.000716229 0.00307878 0.00248421 0.0190264 -0.00474569 -0.00621083 0.000474482 0.0143113
internal_weight=42904 14291 10727 2118 1837 765 8609 2784 1575 1209 5825 1437 4388 28613 3564 1924 281 229 1072 1736 1379 357 4419 3197 3125 182 1640 1526 697 114
internal_count=42904 14291 10727 2118 1837 765 8609 2784 1575 1209 5825 1437 4388 28613 3564 1924 281 229 1072 1736 1379 357 4419 3197 3125 182 1640 1526 697 114
cat_boundaries=0 1 2 3 4
cat_threshold=805890 107416 6310699 1727488
is_linear=0
shrinkage=0.03


Tree=68
num_leaves=31
num_cat=9
split_feature=23 0 2 3 24 35 3 2 2 25 32 5 3 3 29 12 12 32 3 33 33 2 13 28 31 20 31 8 32 15
split_gain=995.431 299.73 148.831 345.142 256.519 270.621 116.027 169.197 134.218 154.823 193.253 108.118 124.98 101.391 120.56 96.514 177.603 90.5033 89.5278 88.7167 210.963 95.277 84.9078 84.7891 105.921 92.313 83.9329 81.5836 74.7664 72.8044
threshold=0.3000000000000001 5.3500000000000005 0 1 13.66666666666667 2.2211842616679305 2 3 4 17.445000000000004 0.6031621175593701 5.5000000000000009 5 6 81.500000000000014 0.21361500000000005 0.28833333333333339 0.86418676033892272 7 0.20446641663459192 0.20023524652996239 8 0.16435700000000006 17.490000000000006 4.366666666666668 11.500000000000002 39.100000000000009 0.069400000000000003 0.12549391655922051 0.073333333333333403
decision_type=2 2 1 1 2 2 1 1 1 2 2 2 1 1 2 2 2 2 1 2 2 1 2 2 2 2 2 2 2 2
left_child=22 6 3 23 29 -6 8 11 9 18 -11 28 -13 15 17 26 -17 -15 -2 20 -10 -21 -1 24 -3 -25 -4 -9 -8 -5
right_child=1 2 13 4 5 -7 7 27 19 10 -12 12 -14 14 -16 16 -18 -19 -20 21 -22 -23 -24 25 -26 -27 -28 -29 -30 -31
leaf_value=-0.0034567604542895202 0.029093720027899488 0.029017313112121291 0.01186875084707663 -0.004375257160898643 0.08559953181160862 0.027679393819097776 0.033878450672248643 -0.0078243186881097829 0.006742760309975491 0.027517447852766296 -0.018930040459092298 0.044765253929727113 0.0042662514550611368 0.0047983840720966153 0.050948076981637211 0.075446460209348615 0.0064665116370819951 0.0437164966350252 0.0039445427851723096 0.0050978540098547253 0.063102396566535407 -0.0057342346947688166 0.023317480492953943 0.052232718991225259 -0.019765430629631896 -0.00062524229039748506 0.044668685078667628 0.0056242023683054157 0.0021609111894405498 0.031874498194065487
leaf_weight=27635 130 50 970 96 156 138 69 2103 752 719 90 123 161 2510 53 67 67 54 1467 1558 64 1357 106 50 186 71 75 502 1521 102
leaf_count=27635 130 50 970 96 156 138 69 2103 752 719 90 123 161 2510 53 67 67 54 1467 1558 64 1357 106 50 186 71 75 502 1521 102
internal_value=3.18153e-05 0.00618557 0.012541 0.0238963 0.0400561 0.0586087 0.00340356 -0.000272974 0.00607746 0.011595 0.0223295 0.00657917 0.0236328 0.00990591 0.00654884 0.0172256 0.0412821 0.00563593 0.0062173 0.00249494 0.0112386 5.18175e-05 -0.00335351 0.00108587 -0.00933862 0.0214414 0.0142661 -0.00521039 0.00355965 0.0143501
internal_weight=43002 15261 4645 849 492 294 10616 4479 6137 2406 809 1874 284 3796 2617 1179 134 2564 1597 3731 816 2915 27741 357 236 121 1045 2605 1590 198
internal_count=43002 15261 4645 849 492 294 10616 4479 6137 2406 809 1874 284 3796 2617 1179 134 2564 1597 3731 816 2915 27741 357 236 121 1045 2605 1590 198
cat_boundaries=0 1 2 3 4 5 6 7 8 9
cat_threshold=5015552 7867210 6398923 5178572 2658160 1181712 5769610 65536 1196170
is_linear=0
shrinkage=0.03


Tree=69
num_leaves=31
num_cat=11
split_feature=39 36 0 9 36 33 3 2 2 3 2 2 20 3 2 2 0 11 39 18 16 33 3 18 39 13 5 12 2 39
split_gain=984.569 197.819 129.292 128.3 121.71 125.529 257.56 362.776 278.934 133.893 155.992 121.72 121.686 116.233 316.033 251.747 61.1157 71.2116 59.4166 90.7334 107.833 101.724 59.0733 40.4831 33.0155 69.1004 23.1984 41.9146 21.3752 23.6276
threshold=47.14029837691303 1.093948175193997 5.8500000000000005 0.82666666666666677 1.1113443261236033 0.26673979580708229 0 1 2 3 4 5 52.500000000000007 6 7 8 4.5500000000000007 0.19000500000000003 25.971731138513196 0.93333333333333357 0.19502700000000003 0.2349585035062213 9 0.44583333333333336 7.2491626553119071 0.014962000000000001 1.5000000000000002 0.02650166666666667 10 6.9072513083498466
decision_type=2 2 2 2 2 2 1 1 1 1 1 1 2 1 1 1 2 2 2 2 2 2 1 2 2 2 2 2 1 2
left_child=2 3 16 12 26 9 7 -7 -8 11 -11 -6 13 14 -2 -15 -1 24 23 20 22 -22 -20 28 -18 -26 -3 -28 -4 -30
right_child=1 4 18 -5 5 6 8 -9 -10 10 -12 -13 -14 15 -16 -17 17 -19 19 -21 21 -23 -24 -25 25 -27 27 -29 29 -31
leaf_value=-0.004640786455037565 0.036598202409704836 -0.037955097819177004 -0.0052658874317631126 0.056470748776601534 -0.0050939177936989433 0.03220653879152624 0.016439769621445412 0.0012882887468421496 -0.009223748882754795 -0.010207354846005641 0.0029042176913830126 0.015438436115640629 -0.030919775111190342 0.020376334261792625 0.0078734150244715306 -0.0004291212218852699 -0.0038209885411504187 0.025989459428173232 0.025716147386335899 -0.017285943873314294 0.058020429810384903 0.0068768781859711824 0.0012723565159180948 0.021217050552941284 0.0022912565013329307 -0.005464362590932764 0.0069262400935677917 -0.029706262418201991 -0.0032774595615805168 0.0098426930230781449
leaf_weight=19619 563 51 539 58 345 801 635 603 919 1091 3143 1025 58 869 913 1299 4320 82 115 84 89 58 322 77 3223 1521 50 62 243 249
leaf_count=19619 563 51 539 58 345 801 635 603 919 1091 3143 1025 58 869 913 1299 4320 82 115 84 89 58 322 77 3223 1521 50 62 243 249
internal_value=-0.000309842 0.0067876 -0.00321146 0.0125397 0.00430724 0.00479737 0.00979646 0.0190429 0.00130288 0.00215686 -0.000491308 0.0102663 0.0118356 0.0125252 0.0190218 0.00796972 -0.00369656 -0.00167051 0.00464145 0.0117013 0.0158983 0.0380444 0.00837198 0.000375712 -0.00192391 -0.000195311 -0.0212922 -0.0134093 -0.00119696 0.00329617
internal_weight=43026 12485 30541 3760 8725 8562 2958 1404 1554 5604 4234 1370 3702 3644 1476 2168 28765 9146 1776 668 584 147 437 1108 9064 4744 163 112 1031 492
internal_count=43026 12485 30541 3760 8725 8562 2958 1404 1554 5604 4234 1370 3702 3644 1476 2168 28765 9146 1776 668 584 147 437 1108 9064 4744 163 112 1031 492
cat_boundaries=0 1 2 3 4 5 6 7 8 9 10 11
cat_threshold=5347598 1148889 6815878 13417 2310528 2101249 2195889 5508118 3810113 1054210 5679462
is_linear=0
shrinkage=0.03


Tree=70
num_leaves=31
num_cat=9
split_feature=39 39 36 2 3 18 0 39 38 2 35 35 3 35 15 14 3 2 36 14 4 36 2 24 14 22 2 33 31 38
split_gain=1113.04 192.328 170.603 137.985 148.186 176.309 135.745 155.311 147.332 135.516 133.424 119.351 259.251 193.139 179.039 115.784 108.527 179.532 184.29 104.112 95.8394 95.6362 93.5449 92.2142 130.202 83.8424 79.8685 113.708 89.4575 71.565
threshold=58.201312415578698 19.02318375994642 1.093948175193997 0 1 1.3137166666666671 8.0500000000000025 82.145818938448699 0.1268657089710736 2 0.63771447128538472 1.6128507971055033 3 1.558876633118621 0.27376333333333341 0.2896800000000001 4 5 0.98280806891928774 0.069980000000000014 6 0.90274028540019746 7 0.66666666666666685 0.029980000000000003 5.366666666666668 8 0.24860360014737826 17.900000000000002 0.31462404774378849
decision_type=2 2 2 1 1 2 2 2 2 1 2 2 1 2 2 2 1 1 2 2 1 2 1 2 2 2 1 2 2 2
left_child=1 -1 3 16 6 25 8 -8 -5 21 -4 13 15 22 -15 -13 17 18 -2 -7 -11 26 -12 29 -25 -6 27 -3 -28 -23
right_child=2 9 10 4 5 19 7 -9 -10 20 11 12 -14 14 -16 -17 -18 -19 -20 -21 -22 23 -24 24 -26 -27 28 -29 -30 -31
leaf_value=-0.0039379758081539203 0.021238411095907104 -0.002183160239870413 -0.014878367317791439 0.038435264313692083 0.035342479641838322 0.010633915729850061 0.08773512066494335 0.017900228948947394 0.014417146758856553 0.0011447114704294975 0.0031851488267630049 0.01322079288947289 -0.011531983267159766 0.019548714475355288 0.077896389633296953 0.065915548979694191 0.00082724760626658265 -0.010405498611521633 0.084427413468690288 0.048695679572638539 -0.0086289274374477965 0.0088470675765409453 0.01067283099189262 -0.0055041041925988025 0.010066496238906601 -0.0025286964884541217 0.017871569409795549 0.044577114814685452 0.056793878856618872 0.038089824375781144
leaf_weight=24833 158 350 265 358 57 126 65 52 647 2676 2918 121 716 206 61 54 918 108 56 134 1351 321 3154 1286 773 565 439 53 60 98
leaf_count=24833 158 350 265 358 57 126 65 52 647 2676 2918 121 716 206 61 54 918 108 56 134 1351 321 3154 1286 773 565 439 53 60 98
internal_value=0.000113772 -0.00267251 0.00847833 0.014226 0.0190759 0.00957004 0.0263802 0.0571375 0.0230055 0.0015697 0.00598864 0.00675584 -0.00351957 0.00820094 0.0331312 0.028179 0.00617308 0.0208739 0.0364101 0.0303733 -0.00214803 0.00598795 0.00709893 0.00295697 0.000342081 0.000988157 0.0143652 0.00395622 0.0222175 0.0157682
internal_weight=42979 32240 10739 3244 2004 882 1122 117 1005 7407 7495 7230 891 6339 267 175 1240 322 214 260 4027 3380 6072 2478 2059 622 902 403 499 419
internal_count=42979 32240 10739 3244 2004 882 1122 117 1005 7407 7495 7230 891 6339 267 175 1240 322 214 260 4027 3380 6072 2478 2059 622 902 403 499 419
cat_boundaries=0 1 2 3 4 5 6 7 8 9
cat_threshold=1257784 2212113 7217510 65924 5278272 139520 10 4370583 393474
is_linear=0
shrinkage=0.03


Tree=71
num_leaves=31
num_cat=4
split_feature=39 13 2 17 38 39 38 24 18 38 17 1 13 17 2 6 19 13 39 34 25 21 34 21 38 2 10 16 34 39
split_gain=971.055 172.778 230.35 176.041 163.973 157.856 152.697 140.703 155.824 126.455 121.97 109.506 104.124 86.7324 81.2239 95.5086 67.5443 65.5438 54.4682 51.3028 49.1789 44.9685 36.185 35.8185 33.2957 37.4063 40.3008 29.0394 27.0077 43.8835
threshold=27.78039189847232 0.11633000000000002 0 0.69500000000000006 0.002349584021178353 87.641239609583209 0.5167585614828093 24.433333333333341 0.50708333333333344 0.041208262944353265 0.12325000000000001 1 0.12003300000000004 2.0808500000000003 2 1.8333333333333337 0.82238000000000011 5.8000000000000007e-05 3.320801342114343 0.26698947691778901 16.72666666666667 12.833333333333334 0.24510686158407055 15.833333333333334 0.3497138157144945 3 0.058000000000000031 0.023305666666666672 0.10763394729265301 13.054856008791438
decision_type=2 2 1 2 2 2 2 2 2 2 2 1 2 2 1 2 2 2 2 2 2 2 2 2 2 1 2 2 2 2
left_child=18 4 3 -3 14 7 9 12 -9 -6 -8 -11 -4 22 16 21 20 -18 -1 -17 -2 -16 -7 -5 28 26 27 -26 29 -20
right_child=1 2 5 23 6 13 10 8 -10 11 -12 -13 -14 -15 15 19 17 -19 24 -21 -22 -23 -24 -25 25 -27 -28 -29 -30 -31
leaf_value=-0.0044345049750330852 0.056355276803117853 0.092995284929871552 0.047649737381596453 0.044391821137245963 -0.013350254783150918 -0.049202146710718382 0.07067862103879452 0.074544181854679023 0.020277647180547118 0.0066806313699792966 0.010967176340721748 0.0010545422150158208 0.0053712684771936529 0.016819161530364959 -0.021748933095975143 0.032321258661709727 0.0054014003324038516 0.034430353454322417 -0.0026139064126557881 0.009526492389355554 0.024939144015312196 0.0098516145258077548 -0.0160160408567049 0.0085403220750964615 0.0098868032608576736 -0.00099338856351546974 0.027086553791322205 -0.0092830894717827739 -0.0026418184730452174 0.020775966493917976
leaf_weight=16797 85 56 54 50 392 50 53 51 603 6375 73 6089 1145 50 113 119 186 112 185 351 101 62 75 51 291 867 94 93 8233 117
leaf_count=16797 85 56 54 50 392 50 53 51 603 6375 73 6089 1145 50 113 119 186 112 185 351 101 62 75 51 291 867 94 93 8233 117
internal_value=0.000129778 0.00589961 0.013749 0.0477072 0.00468308 0.010808 0.00372837 0.0134354 0.0246214 0.00340447 0.0364663 0.00393268 0.00731601 -0.0162997 0.0156453 0.00819535 0.0248486 0.0164003 -0.00339477 0.0153607 0.0395366 -0.0105439 -0.0295994 0.0265792 -0.00162656 0.00275807 0.00938151 0.00522425 -0.00231811 0.00647649
internal_weight=42973 16296 2185 157 14111 2028 12982 1853 654 12856 126 12464 1199 175 1129 645 484 298 26677 470 186 175 125 101 9880 1345 478 384 8535 302
internal_count=42973 16296 2185 157 14111 2028 12982 1853 654 12856 126 12464 1199 175 1129 645 484 298 26677 470 186 175 125 101 9880 1345 478 384 8535 302
cat_boundaries=0 1 2 3 4
cat_threshold=3104 2 6818800 5546184
is_linear=0
shrinkage=0.03


Tree=72
num_leaves=31
num_cat=4
split_feature=20 14 0 3 31 29 32 7 35 25 28 26 34 4 3 38 19 28 3 7 28 16 0 10 5 26 24 22 37 19
split_gain=938.914 247.573 204.258 186.595 178.943 121.952 123.457 117.161 111.509 116.218 207.028 97.4315 86.2505 88.1382 94.1011 87.8226 82.8219 102.203 78.2477 209.159 76.9461 71.4904 67.6777 59.14 52.2101 102.04 44.0548 82.63 43.796 37.487
threshold=4.5000000000000009 0.059245000000000013 7.4500000000000011 0 10.450000000000001 41.500000000000007 0.61009470169127533 7.9000000000000012 1.558876633118621 17.820000000000007 14.210000000000001 58.100000000000009 0.038837365746655729 1 2 0.29820580402240204 2.0238000000000005 24.150000000000002 3 4.2250000000000005 13.245000000000003 0.40876300000000004 6.0500000000000007 0.31100000000000011 1.5000000000000002 2.9500000000000006 7.3333333333333348 7.2250000000000005 0.4270665813120787 2.3650000000000007
decision_type=2 2 2 1 2 2 2 2 2 2 2 2 2 1 1 2 2 2 1 2 2 2 2 2 2 2 2 2 2 2
left_child=1 22 3 7 -4 6 18 16 20 10 -10 -11 -5 14 -14 -15 17 -2 19 -3 -6 -20 -1 26 25 -8 27 -24 -28 -18
right_child=2 5 4 12 8 -7 24 -9 9 11 -12 -13 13 15 -16 -17 29 -19 21 -21 -22 -23 23 -25 -26 -27 28 -29 -30 -31
leaf_value=-0.0034798639451485368 0.0089844321006479939 0.006083499431805149 0.064311375746639754 0.041222220997599993 0.026343128945867891 0.043862375050698496 0.013606672939740947 0.043887516213969871 0.0030063976575346553 0.022540754114130927 0.082372042307706728 -0.022238012004136928 -0.0067437379624034404 0.0020603387402631053 0.015131429944768876 -0.0093286922123696076 -0.014467391132899039 0.022820804697189355 0.00045520891962660867 0.068954030369336783 -0.01481801026877492 -0.028614077547667444 0.0019839340090567416 0.030628020993141988 0.0079234263406772372 0.072080717130331318 -0.016891208749962968 0.031632323428289963 0.009089495282088007 0.0096653446428916039
leaf_weight=27931 4881 572 81 50 58 87 53 90 50 310 72 50 226 3847 761 723 181 533 465 51 132 90 1059 66 56 55 191 91 83 84
leaf_count=27931 4881 572 81 50 58 87 53 90 50 310 72 50 226 3847 761 723 181 533 465 51 132 90 1059 66 56 55 191 91 83 84
internal_value=0.00022523 -0.002555 0.0072966 0.00629334 0.0224211 0.00963462 0.00738244 0.0100755 0.0172793 0.024939 0.0501584 0.0162688 0.00237802 0.0020249 0.0101004 0.000255667 0.00954926 0.0103511 0.00397176 0.0111584 -0.00216519 -0.00422041 -0.00314747 0.00307956 0.0316904 0.0438007 0.00178003 0.00435807 -0.0090058 -0.00679891
internal_weight=42979 30850 12129 11376 753 1429 1342 5769 672 482 122 360 5607 5557 987 4570 5679 5414 1178 623 190 555 29421 1490 164 108 1424 1150 274 265
internal_count=42979 30850 12129 11376 753 1429 1342 5769 672 482 122 360 5607 5557 987 4570 5679 5414 1178 623 190 555 29421 1490 164 108 1424 1150 274 265
cat_boundaries=0 1 2 3 4
cat_threshold=2163675 6 281600 7319844
is_linear=0
shrinkage=0.03


Tree=73
num_leaves=31
num_cat=13
split_feature=39 16 2 22 17 2 3 3 1 2 1 3 22 39 3 2 2 20 17 20 31 26 34 12 24 27 38 2 35 2
split_gain=860.904 210.801 316.502 194.275 183.347 173.057 218.217 155.657 143.302 197.645 143.186 209.889 144.737 136.504 123.877 139.715 121.785 114.467 120.334 112.562 120.186 109.861 138.093 109.326 148.547 143.846 86.5694 84.9186 58.5488 73.3143
threshold=58.201312415578698 0.31010100000000013 0 14.366666666666669 1.3127000000000002 1 2 3 4 5 6 7 25.450000000000003 3.320801342114343 8 9 10 5.5000000000000009 0.47730000000000006 27.500000000000004 38.900000000000006 28.350000000000005 0.17269501440694965 0.10682000000000003 18.233333333333341 1.4333333333333342 0.002349584021178353 11 1.6915887160125902 12
decision_type=2 2 1 2 2 1 1 1 1 1 1 1 2 2 1 1 1 2 2 2 2 2 2 2 2 2 2 1 2 1
left_child=13 5 3 4 -3 6 8 21 26 -10 11 16 -13 -1 27 -16 -7 -5 -19 20 -9 22 -4 25 -25 -8 -2 -12 -15 -30
right_child=1 2 7 17 -6 10 23 19 9 -11 14 12 -14 28 15 -17 -18 18 -20 -21 -22 -23 -24 24 -26 -27 -28 -29 29 -31
leaf_value=-0.0043085891503428352 0.041945720037817956 0.092808859354450116 0.037118844548432998 0.062984044023713132 0.025917818245562638 0.0082381555745869618 0.015465070490422657 0.019037836484173034 0.045851052244226337 0.013986308242329236 0.029215812707785518 0.011875980829293227 0.06048796284826178 -0.0016357539118591145 0.0012642385536156262 -0.017012824705689954 -0.012007361733029409 0.056138532060889472 0.0099276873498370787 -0.0043209064935043357 0.064058381131099115 -0.025532774481714142 -0.0070974494256710596 0.055548791290765787 0.0017973048841615894 -0.0044677835913185231 0.0068319213087922976 0.0019719415269817782 -0.0027489206246017511 0.0050388929423617803
leaf_weight=16695 69 88 86 60 65 458 459 403 333 424 101 1781 56 10623 730 771 614 61 284 156 61 160 235 82 105 1116 663 1348 1654 3142
leaf_count=16695 69 88 86 60 65 458 459 403 333 424 101 1781 56 10623 730 771 614 61 284 156 61 160 235 82 105 1116 663 1348 1654 3142
internal_value=3.24476e-05 0.00737245 0.0172064 0.0353859 0.0647634 0.00557959 0.0111186 0.00757652 0.0195589 0.0288388 0.00248104 0.00720718 0.0133192 -0.00242898 -0.00217085 -0.0081774 -0.0033591 0.0250197 0.0182456 0.0174081 0.025088 -0.00519601 0.00481783 0.00390721 0.0255535 0.00134544 0.0101986 0.00407879 -0.000393487 0.00235724
internal_weight=42883 10769 1659 558 153 9110 3251 1101 1489 757 5859 2909 1837 32114 2950 1501 1072 405 345 620 464 481 321 1762 187 1575 732 1449 15419 4796
internal_count=42883 10769 1659 558 153 9110 3251 1101 1489 757 5859 2909 1837 32114 2950 1501 1072 405 345 620 464 481 321 1762 187 1575 732 1449 15419 4796
cat_boundaries=0 1 2 3 4 5 6 7 8 9 10 11 12 13
cat_threshold=2460728 4984768 117309 2194020 2 4459008 2 1838693 3944697 1278001 2252824 4 1739282
is_linear=0
shrinkage=0.03


Tree=74
num_leaves=31
num_cat=11
split_feature=39 0 2 3 26 25 29 39 22 2 24 25 3 39 34 3 37 2 3 34 3 2 17 2 29 26 23 23 2 0
split_gain=754.868 132.478 184.364 217.934 190.228 142.599 114.571 109.132 106.757 125.042 97.9103 107.241 164.537 87.5951 85.0687 171.249 213.54 153.31 189.47 153.035 119.642 151.754 106.86 97.4486 81.0917 80.1218 79.0961 167.847 105.955 77.6617
threshold=58.201312415578698 5.3500000000000005 0 1 2.4500000000000006 22.420000000000005 29.500000000000004 19.02318375994642 0.45000000000000007 2 11.533333333333337 11.090000000000003 3 43.520617582455422 0.35356127005809629 4 0.29094240808521027 5 6 0.16210155753867703 7 8 1.9950000000000003 9 51.500000000000007 42.250000000000007 44.300000000000004 28.900000000000002 10 4.7500000000000009
decision_type=2 2 1 1 2 2 2 2 2 1 2 2 1 2 2 1 2 1 1 2 1 1 2 1 2 2 2 2 1 2
left_child=7 14 3 4 -3 -5 -6 -1 9 -9 11 12 -4 -11 15 16 29 18 -17 -18 21 22 -16 -22 -10 -19 27 -12 -28 -2
right_child=1 2 10 5 6 -7 -8 8 24 13 26 -13 -14 -15 20 17 19 25 -20 -21 23 -23 -24 -25 -26 -27 28 -29 -30 -31
leaf_value=-0.0035582724314665872 0.059701001672412851 -0.0044849646916271932 -0.013747615445662754 0.01923064975276453 0.06230937843659036 -0.024186426050156695 0.024594939493175063 0.021828378361622984 -0.0011917248317249232 -0.0049852733335341327 0.0080154285839902483 -0.017458864710626323 0.020522217570370462 0.025031255031439745 0.02971430569271508 0.047291801006070756 0.047187538225756408 0.00036566263497866025 0.0053575843818357465 0.0053576997815360941 0.0041936313419062912 0.0014239673113630707 -0.0025147976984338061 -0.0074605237054126052 0.031745903255965782 -0.033370539062402463 0.021901870554685593 0.028764734524826412 -0.012043903184531446 0.021913325073311059
leaf_weight=24746 131 70 206 217 221 98 111 423 6248 479 1276 251 294 106 379 134 90 1579 323 588 1122 1040 122 1495 67 65 109 484 256 81
leaf_count=24746 131 70 206 217 221 98 111 423 6248 479 1276 251 294 106 379 134 90 1579 323 588 1122 1040 122 1495 67 65 109 484 256 81
internal_value=-0.000300617 0.00658196 0.0112814 0.0248169 0.039392 0.0055056 0.0498208 -0.00260627 0.000610399 0.00967188 0.00778507 -0.00149414 0.00653302 0.000473847 0.00421843 0.00807627 0.0190191 0.00332625 0.0184824 0.0109761 0.00144134 0.0080404 0.0214436 -0.0024662 -0.000836822 -0.000979884 0.0111016 0.0137363 -0.00159699 0.045448
internal_weight=42811 10742 3593 717 402 315 332 32069 7323 1008 2876 751 500 585 7149 2991 890 2101 457 678 4158 1541 501 2617 6315 1644 2125 1760 365 212
internal_count=42811 10742 3593 717 402 315 332 32069 7323 1008 2876 751 500 585 7149 2991 890 2101 457 678 4158 1541 501 2617 6315 1644 2125 1760 365 212
cat_boundaries=0 1 2 3 4 5 6 7 8 9 10 11
cat_threshold=5508128 3741329 435626 115458 6326688 1606224 81932 205339 2165968 113450 692736
is_linear=0
shrinkage=0.03


Tree=75
num_leaves=31
num_cat=9
split_feature=39 28 2 32 36 0 2 13 2 4 2 17 2 30 1 0 2 14 26 18 32 31 15 22 15 1 0 14 33 37
split_gain=745.994 189.384 195.207 143.207 248.852 127.418 161.245 131.607 177.702 115.857 107.677 111.272 100.129 86.6007 85.5366 137.22 119.289 99.2288 133.134 123.567 82.9654 80.8206 89.0871 78.2452 60.8831 56.3519 41.6435 34.5465 40.0578 25.0032
threshold=25.171036722044338 15.670000000000003 0 0.55950343953213644 0.79298760006032654 6.2500000000000009 1 0.060000000000000005 2 3 4 3.3350000000000004 5 13.41666666666667 6 11.100000000000003 7 0.0098000000000000014 46.750000000000007 0.4229666666666666 0.52353900972885292 15.900000000000002 0.43905000000000005 18.633333333333336 0.073333333333333403 8 4.6500000000000012 0.059245000000000013 0.25626487432840395 0.35182819752935607
decision_type=2 2 1 2 2 2 1 2 1 1 1 2 1 2 1 2 1 2 2 2 2 2 2 2 2 1 2 2 2 2
left_child=26 5 3 -3 -5 9 21 20 -9 12 11 -11 23 -14 15 16 -4 18 -16 -19 -8 24 -23 -2 -7 -12 -1 29 -29 -28
right_child=1 2 14 4 -6 6 7 8 -10 10 25 -13 13 -15 17 -17 -18 19 -20 -21 -22 22 -24 -25 -26 -27 27 28 -30 -31
leaf_value=-0.0039695395405182935 -0.0016864771544988994 0.010208955424562306 0.0027303372596354241 0.018736013634587233 0.11162476485995751 -0.00061135528302894756 0.017826437039522303 -0.025742985417219724 0.023898745638504627 0.0050678593090823232 0.0010175878462131067 -0.027262226893423998 0.01119390884139914 0.033361133873057558 -0.014733561105141416 0.060128536124174535 0.019718361852436885 0.048203547276556492 0.034993938728634801 0.0066102420435927818 0.039972673017616298 -0.022650675681880811 0.012354789299890399 0.015867794688392774 0.027847485778737913 -0.0051331506297665102 -0.0026015751442718662 0.026137663839596086 -0.0068752732239663605 0.001406286539034963
leaf_weight=18473 919 70 656 52 52 168 369 110 129 4275 2725 97 782 199 359 56 893 67 55 1201 263 205 95 303 112 2636 5677 85 53 1858
leaf_count=18473 919 70 656 52 52 168 369 110 129 4275 2725 97 782 199 359 56 893 67 55 1201 263 205 95 303 112 2636 5677 85 53 1858
internal_value=-2.56506e-05 0.00489693 0.0111519 0.0412971 0.0658297 0.00327887 0.0116708 0.019708 0.00094968 0.00225757 0.00084496 0.0043339 0.00845181 0.0155646 0.00938896 0.014371 0.0126771 0.00468326 -0.00805162 0.00884661 0.0270957 -0.000733558 -0.0115514 0.00265146 0.0108201 -0.00200282 -0.00319785 -0.00133931 0.013479 -0.00161285
internal_weight=42994 16848 3461 174 104 13387 1451 871 239 11936 9733 4372 2203 981 3287 1605 1549 1682 414 1268 632 580 300 1222 280 5361 26146 7673 138 7535
internal_count=42994 16848 3461 174 104 13387 1451 871 239 11936 9733 4372 2203 981 3287 1605 1549 1682 414 1268 632 580 300 1222 280 5361 26146 7673 138 7535
cat_boundaries=0 1 2 3 4 5 6 7 8 9
cat_threshold=264192 5161041 2107406 6 2917868 1103099 2 1119121 2
is_linear=0
shrinkage=0.03


Tree=76
num_leaves=31
num_cat=13
split_feature=39 2 3 1 13 17 1 3 3 35 2 2 22 7 2 2 17 2 2 17 17 30 39 0 12 28 16 38 3 19
split_gain=717.297 159.759 287.5 255.051 268.274 147.795 118.613 310.221 217.494 394.481 214.697 191.224 165.277 146.674 169.486 125.958 115.223 134.973 126.412 102.775 101.887 100.915 99.0638 83.0686 81.5945 61.861 67.6716 90.7833 184.301 85.7824
threshold=58.201312415578698 0 1 2 5.8000000000000007e-05 0.80100000000000016 3 4 5 2.1131960504272249 6 7 21.633333333333336 2.6333333333333337 8 9 1.0207000000000004 10 11 2.3248000000000006 2.1701000000000001 6.8333333333333348 3.320801342114343 7.9500000000000011 0.039551666666666672 30.310000000000006 0.37900000000000006 0.34731623172960546 12 0.78805000000000014
decision_type=2 1 1 1 2 2 1 1 1 2 1 1 2 2 1 1 2 1 1 2 2 2 2 2 2 2 2 2 1 2
left_child=22 2 3 21 -5 -6 7 13 10 11 12 -10 -8 15 -15 -3 18 -18 -9 23 -12 -2 -1 -4 -23 26 27 -24 -29 -28
right_child=1 6 19 4 5 -7 8 16 9 -11 20 -13 -14 14 -16 -17 17 -19 -20 -21 -22 24 25 -25 -26 -27 29 28 -30 -31
leaf_value=-0.0039344182538798107 -0.006991801059968078 -0.0097009606350257818 -0.00024760834870430698 0.007849061161279678 0.12012711314034094 0.055403696816572 0.0053610336987354821 0.022264824271286471 0.01440070830009171 0.076383979340530414 -0.014224601540594581 -0.0016066190063524716 0.059363290752627348 0.035038949562420589 0.010381010387265369 0.014920549724586344 0.0093461271274823867 -0.0094701574316157621 0.0014191154786009753 0.041360092188395994 0.0071832132822704092 0.06228832844874034 -0.0014447050076093453 0.039533587817760077 0.0098156478106975545 0.030589003346076137 0.0034089383526838251 0.023535442761071026 0.0011134474535207119 -0.03190964899667733
leaf_weight=16730 96 240 639 55 63 70 490 407 1223 72 1319 1475 56 627 464 766 497 1052 720 67 235 51 12900 50 56 56 111 389 1909 138
leaf_count=16730 96 240 639 55 63 70 490 407 1223 72 1319 1475 56 627 464 766 497 1052 720 67 235 51 12900 50 56 56 111 389 1909 138
internal_value=-9.21815e-05 0.00660253 0.0171536 0.0377876 0.0638484 0.0867522 0.00532226 0.00868837 0.0020324 0.00753652 -0.00523745 0.00569842 0.0108061 0.0172899 0.0249898 0.00909168 0.00187128 -0.00342964 0.00917293 0.00608896 -0.0109126 0.0152955 -0.00233347 0.00268803 0.0351989 -0.00060547 -0.000720727 -0.00046583 0.0050261 -0.0162026
internal_weight=43023 10790 1147 391 188 133 9643 4773 4870 2770 2100 2698 546 2097 1091 1006 2676 1549 1127 756 1554 203 32233 689 107 15503 15447 15198 2298 249
internal_count=43023 10790 1147 391 188 133 9643 4773 4870 2770 2100 2698 546 2097 1091 1006 2676 1549 1127 756 1554 203 32233 689 107 15503 15447 15198 2298 249
cat_boundaries=0 1 2 3 4 5 6 7 8 9 10 11 12 13
cat_threshold=789504 197297 2 2 4428178 4673924 33448 5309265 3391630 4268052 2220040 4342096 198158
is_linear=0
shrinkage=0.03


Tree=77
num_leaves=31
num_cat=14
split_feature=39 12 2 0 32 3 28 2 2 25 2 26 3 3 3 32 5 3 13 2 29 32 2 39 3 22 2 28 2 13
split_gain=718.854 189.28 161.606 153.686 146.733 164.118 196.419 183.936 152.934 134.192 113.344 157.961 110.126 106.391 91.5333 82.8947 92.5582 77.3767 63.4995 62.2742 102.383 76.8391 41.6416 27.215 25.3966 39.4615 72.0753 46.6293 26.0507 24.9579
threshold=21.9386671124016 0.10682000000000003 0 8.6500000000000004 0.228017100192455 1 30.970000000000002 2 3 24.380000000000006 4 4.4500000000000011 5 6 7 0.20426672198605222 6.5000000000000009 8 0.13406300000000007 9 8.5000000000000018 0.18797446542556698 10 2.0336259956902469 11 1.5500000000000003 12 6.910000000000001 13 0.19373000000000004
decision_type=2 2 1 2 2 1 2 1 1 2 1 2 1 1 1 2 2 1 2 1 2 2 1 2 1 2 1 2 1 2
left_child=23 4 18 10 14 6 7 -6 17 -5 13 -12 -10 -4 15 16 -2 -7 -3 20 -16 -21 -17 -1 25 28 27 -27 -25 -20
right_child=1 2 3 9 5 8 -8 -9 12 -11 11 -13 -14 -15 19 22 -18 -19 29 21 -22 -23 -24 24 -26 26 -28 -29 -30 -31
leaf_value=-0.0040193072503990693 0.0056808297875359662 0.019129348826568041 0.015560841539067859 0.069910784150595248 0.0010625691745307498 0.0080963675653052194 0.055484601556426948 0.01293390322755129 -0.0012970228865490333 0.015040306615332762 -0.0092526564897554373 0.02073480438595517 0.010178947174997482 -0.0033246033315051863 -0.0036275508189063236 -0.022143153837754653 0.038273758475482471 -0.0057679808159865082 0.07173215269142727 -0.005267693022858541 0.028127272880077363 -0.021759066194220043 -0.00069697730276919903 0.0063329068237543105 -0.0029396178728844312 0.019399813894859553 -0.0020023246504157865 -0.009733135080543057 -0.0031842548284778294 0.040106814294176944
leaf_weight=14488 1030 69 363 68 1924 422 80 3049 1170 98 192 878 2107 943 382 117 84 2256 52 1494 119 306 239 289 7970 342 516 57 1915 50
leaf_count=14488 1030 69 363 68 1924 422 80 3049 1170 98 192 878 2107 943 382 117 84 2256 52 1494 119 306 239 289 7970 342 516 57 1915 50
internal_value=4.21463e-05 0.00472873 0.0120116 0.00995067 0.00339089 0.00514043 0.0091102 0.00837089 0.00175225 0.0378194 0.00802912 0.0152055 0.00609009 0.00200842 -0.00171545 0.00411792 0.00817328 -0.00355793 0.0395182 -0.00543785 0.00387289 -0.00803878 -0.00843576 -0.00316293 -0.00204353 0.000254117 0.00548951 0.0148454 -0.00191837 0.0567986
internal_weight=43069 17492 2713 2542 14779 11008 5053 4973 5955 166 2376 1070 3277 1306 3771 1470 1114 2678 171 2301 501 1800 356 25577 11089 3119 915 399 2204 102
internal_count=43069 17492 2713 2542 14779 11008 5053 4973 5955 166 2376 1070 3277 1306 3771 1470 1114 2678 171 2301 501 1800 356 25577 11089 3119 915 399 2204 102
cat_boundaries=0 1 2 3 4 5 6 7 8 9 10 11 12 13 14
cat_threshold=262176 4410245 1683485 395962 1128087 1836128 6301710 631978 1310752 4269596 36928 2212356 5032276 74272
is_linear=0
shrinkage=0.03


Tree=78
num_leaves=31
num_cat=7
split_feature=39 1 2 34 36 35 2 36 15 2 18 16 0 35 15 28 14 2 23 17 2 39 2 29 19 12 36 39 36 0
split_gain=587.177 204.026 340.785 187.611 179.241 158.954 260.54 148.68 188.956 148.188 138.99 298.108 126.703 134.798 118.643 109.108 108.848 92.2079 90.9101 86.8432 81.4542 58.3588 55.7722 37.5344 34.1228 60.1114 33.7471 26.0876 28.635 23.0902
threshold=39.999768200964162 0 1 0.38394976782125401 0.59562523147306623 1.1969023224751212 2 1.3792359604955113 0.68833333333333346 3 0.68416666666666692 0.36413500000000004 9.4500000000000011 2.37892286640351 0.40675666666666671 27.126666666666669 1.1325800000000001 4 38.300000000000011 0.52010000000000012 5 3.320801342114343 6 26.500000000000004 0.42206000000000005 0.0061200000000000013 0.95872527477505187 38.422554855954154 1.6308278970420786 6.0500000000000007
decision_type=2 1 1 2 2 2 1 2 2 1 2 2 2 2 2 2 2 1 2 2 1 2 1 2 2 2 2 2 2 2
left_child=21 4 7 10 -2 20 -7 8 14 12 11 -4 13 -6 -3 18 19 -12 -9 -11 -5 -1 23 24 25 -23 -26 29 -29 -24
right_child=1 2 3 5 9 6 -8 15 -10 16 17 -13 -14 -15 -16 -17 -18 -19 -20 -21 -22 22 27 -25 26 -27 -28 28 -30 -31
leaf_value=-0.0036930313132999054 0.057488855296829296 0.017848747474853186 -0.0070920284728118628 -0.0091356296694063421 0.0041809902372318235 -0.016161640657779218 0.036070640684575557 0.0021854279712151419 0.07287649413268521 0.01761813503858967 -0.0082130801221355788 0.065053236295069969 0.046147041857987639 -0.018285828050183802 -0.014099325084394734 0.04389551610870359 0.053578601811322318 -0.027686086099540153 -0.03174545062906467 0.0081099604541391805 0.0020894296945735543 0.00066742682793472809 -0.0032254203777081648 0.02526473659022074 0.0053823687395117446 0.010500599348884497 -0.0059316942301380201 -0.026260687244742106 3.0477638428027786e-06 0.0039922395781570568
leaf_weight=16777 66 1174 647 836 2581 123 251 798 52 1324 437 55 59 264 114 51 55 500 77 2505 1850 4146 5484 56 305 646 1054 88 64 429
leaf_count=16777 66 1174 647 836 2581 123 251 798 52 1324 437 55 59 264 114 51 55 500 77 2505 1850 4146 5484 56 305 646 1054 88 64 429
internal_value=-0.000121273 0.00496901 0.00135208 -0.00325845 0.00864335 0.00112133 0.0194183 0.0108779 0.0173104 0.00815958 -0.0114529 -0.00135086 0.00299087 0.00208945 0.01501 0.00167484 0.0119831 -0.0190086 -0.000829895 0.0114022 -0.0014315 -0.00254298 -0.000970334 0.00102877 0.00080523 0.00199556 -0.00338819 -0.00301329 -0.0152549 -0.00270067
internal_weight=42868 13819 6965 4699 6854 3060 374 2266 1340 6788 1639 702 2904 2845 1288 926 3884 937 875 3829 2686 29049 12272 6207 6151 4792 1359 6065 152 5913
internal_count=42868 13819 6965 4699 6854 3060 374 2266 1340 6788 1639 702 2904 2845 1288 926 3884 937 875 3829 2686 29049 12272 6207 6151 4792 1359 6065 152 5913
cat_boundaries=0 1 2 3 4 5 6 7
cat_threshold=2 790436 1216513 4198325 172040 2113546 5153776
is_linear=0
shrinkage=0.03


Tree=79
num_leaves=31
num_cat=9
split_feature=5 2 3 1 3 31 3 13 13 37 6 17 19 2 32 32 2 16 38 3 17 18 23 17 17 3 36 26 24 17
split_gain=626.021 183.968 280.618 168.494 194.238 204.631 168.483 133.046 127.085 120.975 126.909 113.536 113.019 238.379 95.9902 95.9553 95.4131 122.615 101.424 99.5099 91.177 90.2021 113.759 86.0776 83.7999 82.1893 77.5828 67.6453 71.199 65.9952
threshold=1.5000000000000002 0 1 2 3 33.900000000000006 4 0.17678733333333338 0.22823800000000002 0.50998994717314761 8.8333333333333339 0.030150000000000003 1.0364400000000002 5 0.36978334925855 0.37764494920657865 6 0.49400000000000005 0.46664118617975708 7 0.28110000000000007 1.5750000000000002 10.100000000000001 3.1300000000000003 1.0800500000000002 8 0.90736538585959337 18.650000000000002 13.133333333333338 3.3350000000000004
decision_type=2 1 1 1 1 2 1 2 2 2 2 2 2 1 2 2 1 2 2 1 2 2 2 2 2 1 2 2 2 2
left_child=11 2 9 4 5 7 12 -3 23 10 14 27 24 -14 -2 -8 19 18 25 21 -11 22 -13 -4 -5 -18 -17 -1 -29 -6
right_child=1 3 8 6 29 -7 15 -9 -10 20 -12 16 13 -15 -16 26 17 -19 -20 -21 -22 -23 -24 -25 -26 -27 -28 28 -30 -31
leaf_value=-0.0026908513190363804 0.010290302721290391 0.011099502568562592 -0.00074902775276740167 -0.0062504634367318941 0.0028136653835475946 0.062089490148527875 -0.0041407234401492172 0.048821149562040103 0.042951811722056435 0.029816306927122851 0.063253072530776264 0.006796078554520176 0.035844986927605439 -0.0020689001909112736 0.023479567330499315 0.00013774183834902942 0.0081619838185614281 0.050197297047331647 0.043932323414440221 -0.0078018827391858796 -0.014956951987277716 -0.025336755420816572 0.050804143842479048 0.038848095665302347 0.017941445982595904 -0.00093590349340942429 -0.029230601527982136 0.03886516154029717 -0.0067968697254028581 -0.024446055503978451
leaf_weight=27882 762 1014 1581 661 1337 86 1078 91 65 54 59 269 268 326 1444 111 1764 52 56 1278 159 56 65 50 159 1801 296 71 53 84
leaf_count=27882 762 1014 1581 661 1337 86 1078 91 65 54 59 269 268 326 1444 111 1764 52 56 1278 159 56 65 50 159 1801 296 71 53 84
internal_value=0.000122344 0.00683627 0.0115798 0.0032147 0.00874554 0.0176084 -0.00175777 0.01425 0.00212719 0.0180102 0.020115 -0.00182764 0.00563744 0.0156311 0.0189318 -0.00877935 0.00218017 0.00487494 0.00422303 -0.00375807 -0.00350568 0.00933621 0.0154956 0.000486085 -0.0015398 0.00358628 -0.021233 -0.00259213 0.0194261 0.00117582
internal_weight=43032 9685 4174 5511 2612 1191 2899 1105 1696 2478 2265 33347 1414 594 2206 1485 5341 3673 3621 1668 213 390 334 1631 820 3565 407 28006 124 1421
internal_count=43032 9685 4174 5511 2612 1191 2899 1105 1696 2478 2265 33347 1414 594 2206 1485 5341 3673 3621 1668 213 390 334 1631 820 3565 407 28006 124 1421
cat_boundaries=0 1 2 3 4 5 6 7 8 9
cat_threshold=7114292 2212543 2 4428163 3816523 139713 3674140 2097179 5313365
is_linear=0
shrinkage=0.03


Tree=80
num_leaves=31
num_cat=10
split_feature=5 31 17 2 28 2 3 36 39 16 34 39 3 1 24 1 3 34 3 0 39 31 16 15 6 17 2 10 2 0
split_gain=573.753 171.96 177.135 219.64 224.488 172.28 172.004 154.595 143.32 129.483 120.187 180.81 161.128 135.146 113.499 111.811 179.663 178.172 141.127 104.539 100.627 84.2191 127.094 82.7057 112.765 80.3315 74.0457 65.7083 65.5653 99.1376
threshold=1.5000000000000002 32.225000000000009 2.4920500000000003 0 11.710000000000003 1 2 1.4719704698019578 6.9072513083498466 0.69444200000000023 0.22455900190374226 77.29908396526956 3 4 14.400000000000004 5 6 0.16746146661414488 7 8.5500000000000025 43.520617582455422 25.900000000000002 0.47352500000000003 0.78166666666666684 6.5833333333333348 0.040200000000000007 8 0.26819000000000009 9 6.1500000000000012
decision_type=2 2 2 1 2 1 1 2 2 2 2 2 1 1 2 1 1 2 1 2 2 2 2 2 2 2 1 2 1 2
left_child=8 5 3 4 7 6 -2 -3 -1 -6 11 14 -13 -14 19 16 26 -18 25 -10 -16 22 -8 24 -5 -17 -7 -23 -12 -30
right_child=1 2 -4 23 9 15 21 -9 10 -11 28 12 13 -15 20 18 17 -19 -20 -21 -22 27 -24 -25 -26 -27 -28 -29 29 -31
leaf_value=-0.0033598268668380538 -0.00023641718859620901 0.10349342085101775 0.066340020646943762 -0.0080808191139420324 0.0036725317270838633 0.010876825338923578 0.01438695249760639 0.029971740615937638 0.0043355137246473162 0.04997533597206915 0.0021333628264778885 -0.0017051819576773533 0.028940783990858643 0.084497233767258498 0.0082508179326142572 -0.0123659544110953 -0.014621709083206952 0.014972413703737321 -0.0075626204685169379 0.04151759260903512 -0.029087747084646762 0.012304320786486972 0.058272139263446217 -0.027903314341532898 0.032072113727732582 0.011004484670271918 -0.012999778834809968 -0.029725589885431176 -0.0038379625450251325 0.010487282261037942
leaf_weight=19993 1032 55 67 175 186 146 2529 50 2505 76 3915 118 135 56 104 159 207 1533 1722 69 170 65 60 82 97 766 477 67 5951 468
leaf_count=19993 1032 55 67 175 186 146 2529 50 2505 76 3915 118 135 56 104 159 207 1533 1722 69 170 65 60 82 97 766 477 67 5951 468
internal_value=0.000102395 0.00658792 0.0200051 0.0156093 0.031397 0.00537891 0.0102279 0.0691244 -0.00174759 0.0172542 0.000641509 0.00576367 0.0275236 0.043343 0.0033929 0.00172077 0.00646664 0.0113783 -0.00250911 0.00534914 -0.0149261 0.0141828 0.0154273 -0.0016305 0.00629247 0.00690052 -0.00730793 -0.00906959 -0.000923409 -0.00278725
internal_weight=43035 9551 788 721 367 8763 3753 105 33484 262 13491 3157 309 191 2848 5010 2363 1740 2647 2574 274 2721 2589 354 272 925 623 132 10334 6419
internal_count=43035 9551 788 721 367 8763 3753 105 33484 262 13491 3157 309 191 2848 5010 2363 1740 2647 2574 274 2721 2589 354 272 925 623 132 10334 6419
cat_boundaries=0 1 2 3 4 5 6 7 8 9 10
cat_threshold=1220371 4984188 1836400 1069322 2 2 1860641 3957857 212992 959426
is_linear=0
shrinkage=0.03


Tree=81
num_leaves=31
num_cat=9
split_feature=20 0 25 21 2 33 19 3 26 3 2 12 11 3 17 2 2 33 14 23 38 2 31 31 24 3 22 37 39 26
split_gain=506.403 167.565 234.946 203.031 187.015 215.995 140.347 131.571 110.818 104.59 149.31 108.743 98.5812 93.7164 111.075 91.625 80.3685 96.2898 88.428 114.969 108.639 68.8893 68.5041 128.125 66.5706 65.1933 57.0842 56.7287 52.8458 52.1472
threshold=4.5000000000000009 7.4500000000000011 18.690000000000001 15.583333333333334 0 0.22259868531015317 1.0441100000000001 1 23.650000000000006 2 3 0.28833333333333339 0.039965000000000007 4 0.89245000000000008 5 6 0.18090847716640815 0.079890000000000017 35.300000000000004 0.068689844077764087 7 46.45000000000001 38.733333333333341 10.266666666666671 8 10.775000000000002 0.23238954235842121 3.4612525681751536 15.050000000000002
decision_type=2 2 2 2 1 2 2 1 2 1 1 2 2 1 2 1 1 2 2 2 2 1 2 2 2 1 2 2 2 2
left_child=8 9 3 7 6 12 -4 24 22 10 13 15 -6 21 -15 -12 17 25 19 -18 -20 -2 23 28 -3 -11 -19 -10 -1 -9
right_child=1 2 4 -5 5 -7 -8 29 27 16 11 -13 -14 14 -16 -17 18 26 20 -21 -22 -23 -24 -25 -26 -27 -28 -29 -30 -31
leaf_value=-0.0033772924339176033 0.019410516621560743 0.02628695280488361 -0.030934823860526081 0.090709539723345792 0.014608156077829853 -0.0056982278397218105 0.017334940860902561 0.031691517024355777 0.0042571005997689149 0.0088590490124546561 -0.0024890443885009477 -0.025051219938920354 0.065018428635299205 0.033999631758973956 0.0093947891115058555 0.0085629007782730623 -0.0008114221076160902 -0.0047903074472378758 -0.015652691237247131 0.022429844742587635 0.013482598040922802 -0.010947219993088654 -0.034003093847974404 0.04161980395838618 -0.020889860410537375 -0.016502602696196435 0.00471622991688241 0.045601604025639016 -0.00087146294236091547 0.076056384410051733
leaf_weight=17002 107 50 149 58 55 125 84 50 56 106 902 105 99 420 274 2662 2179 950 126 209 1244 146 60 59 56 521 1412 64 13668 50
leaf_count=17002 107 50 149 58 55 125 84 50 56 106 902 105 99 420 274 2662 2179 950 126 209 1244 146 60 59 56 521 1412 64 13668 50
internal_value=-8.64492e-05 0.00510534 0.0185857 0.0415204 0.00669624 0.0227653 -0.0129662 0.0272853 -0.00212563 0.00418292 0.0076572 0.004879 0.0472445 0.0182381 0.0239722 0.00578209 0.00179075 -0.00187714 0.00470584 0.00122996 0.0107914 0.00215427 -0.00223826 -0.00217504 0.00125566 -0.0123246 0.000891007 0.0265269 -0.00226074 0.0495328
internal_weight=43048 12139 776 264 512 279 233 206 30909 11363 4616 3669 154 947 694 3564 6747 2989 3758 2388 1370 253 30789 30729 106 627 2362 120 30670 100
internal_count=43048 12139 776 264 512 279 233 206 30909 11363 4616 3669 154 947 694 3564 6747 2989 3758 2388 1370 253 30789 30729 106 627 2362 120 30670 100
cat_boundaries=0 1 2 3 4 5 6 7 8 9
cat_threshold=2647510 1081409 99211 560176 258 1388544 1099069 525344 3408896
is_linear=0
shrinkage=0.03


Tree=82
num_leaves=31
num_cat=9
split_feature=39 0 2 34 3 2 12 2 7 1 4 30 17 8 17 18 15 2 13 17 21 3 2 19 0 10 9 24 15 6
split_gain=602.842 154.052 297.917 143.716 136.349 211.92 165.419 129.951 109.458 107.781 105.412 99.1247 90.5002 84.628 45.9963 50.7183 42.6565 63.8058 54.4645 48.0815 69.8519 39.2883 30.0837 26.7485 24.8746 37.8138 38.4529 34.1183 24.5156 19.0472
threshold=29.203460637221855 9.4500000000000011 0 0.038837365746655729 1 2 0.12687000000000007 3 6.1000000000000005 4 5 31.416666666666668 3.4650000000000003 0.026750000000000006 0.030150000000000003 0.70060000000000022 0.026428333333333335 6 0.017670000000000005 0.081200000000000008 1.8333333333333337 7 8 1.5161900000000001 6.4500000000000011 0.083830000000000029 0.093383333333333346 0.73333333333333373 0.19367666666666672 3.1666666666666674
decision_type=2 2 1 2 1 1 2 1 2 1 1 2 2 2 2 2 2 1 2 2 2 1 1 2 2 2 2 2 2 2
left_child=14 3 11 -2 5 6 -5 10 13 -7 -6 -3 -9 -4 23 16 19 18 -18 20 -16 -19 -21 24 28 27 -27 -26 29 -1
right_child=1 2 8 4 7 9 -8 12 -10 -11 -12 -13 -14 -15 15 -17 17 21 -20 22 -22 -23 -24 -25 25 26 -28 -29 -30 -31
leaf_value=-0.0029349395932019894 0.04648869181597886 0.03853655758346073 -0.0062878427283330398 0.014860387570202069 -0.010058401717941902 0.010016137085198874 0.046607304188243125 0.0050052509184523456 -0.027843253095673638 -0.0007795956797025642 0.0014728064516157655 0.097980643220381303 -0.015092003770604514 0.046680117386910649 -0.0013921447566698317 -0.013976863465442415 0.054880628298735246 -0.0097272890271965107 0.011863144622939937 0.0056937266142209949 0.042940986822748731 0.011924709377503848 -0.0077343672602127669 0.017248984094522891 0.0028585007554685861 0.036975721961922114 0.00057900145234396816 -0.016684478663770774 -0.01571801400279833 0.012960315329365101
leaf_weight=24593 72 51 54 1110 1122 1659 170 7790 70 1668 1924 54 206 53 76 141 55 102 52 230 54 226 393 59 522 53 51 94 134 67
leaf_count=24593 72 51 54 1110 1122 1659 170 7790 70 1668 1924 54 206 53 76 141 55 102 52 230 54 226 393 59 522 53 51 94 134 67
internal_value=0.000271035 0.00488156 0.0268228 0.00448611 0.00428971 0.00862026 0.0189642 0.00247196 0.0010214 0.00459037 -0.00279466 0.0637572 0.00447969 0.0201101 -0.00247156 0.0029672 0.00499083 0.0124588 0.0313988 0.000661887 0.0171875 0.00508546 -0.00280368 -0.00275443 -0.00280148 0.00269038 0.0193314 -0.000141053 -0.00296118 -0.00289111
internal_weight=42905 16003 282 15721 15649 4607 1280 11042 177 3327 3046 105 7996 107 26902 1329 1188 435 107 753 130 328 623 25573 25514 720 104 616 24794 24660
internal_count=42905 16003 282 15721 15649 4607 1280 11042 177 3327 3046 105 7996 107 26902 1329 1188 435 107 753 130 328 623 25573 25514 720 104 616 24794 24660
cat_boundaries=0 1 2 3 4 5 6 7 8 9
cat_threshold=1100433 98443 5016612 1099793 2 1 270363 4752208 4372096
is_linear=0
shrinkage=0.03


Tree=83
num_leaves=31
num_cat=6
split_feature=5 32 3 31 24 34 3 32 13 0 35 26 7 11 20 3 19 17 36 3 18 8 4 3 26 39 34 31 23 35
split_gain=526.281 142.271 230.274 249.523 161.304 121.79 114.925 106.558 101.455 104.959 97.2547 96.1765 103.958 100.177 77.0218 71.5268 83.2874 98.85 64.3359 120.355 163.854 62.0728 55.7053 56.9604 55.0082 52.1797 66.5192 60.0591 52.0388 51.2354
threshold=1.5000000000000002 0.26458152673005958 0 31.675000000000004 28.833333333333336 0.038837365746655729 1 0.84040454571392842 0.10400400000000003 7.8500000000000005 2.5434850204825676 35.150000000000013 0.90000000000000013 0.21002500000000004 18.500000000000004 2 1.7650900000000005 0.57665000000000011 2.0205181448586056 3 0.8505666666666668 0.46315000000000006 4 5 38.550000000000004 1.9943341956928597 0.04711721058610268 1.5500000000000003 33.100000000000009 0.95930884923908832
decision_type=2 2 1 2 2 2 1 2 2 2 2 2 2 2 2 1 2 2 2 1 2 2 1 1 2 2 2 2 2 2
left_child=8 6 3 11 -5 -4 21 10 14 15 -7 12 -3 -13 25 -10 17 -17 19 29 -21 24 23 -20 -2 -1 27 -27 -24 -8
right_child=1 2 5 4 -6 7 18 -9 9 -11 -12 13 -14 -15 -16 16 -18 -19 22 20 -22 -23 28 -25 -26 26 -28 -29 -30 -31
leaf_value=-0.0033948885142849297 -0.0052319412325240898 0.047671055030179758 0.050122207275695274 0.10145605714969774 0.025241177282081199 0.0046604161000576979 0.014772134816361358 -0.032764688771774075 -0.013854499799973221 0.047055796743416395 0.032716399174771808 0.058151871579484302 0.01091457918807805 0.013269405936146828 0.023702675782702864 0.0026838581200340481 -0.022002658612710693 0.030027863616848158 0.02592513649467116 0.0021427363652159661 0.040106202974602448 -0.027828900291649989 -0.014924987581216128 0.00026906147574845817 0.019856232679315976 0.0022902243518969044 -0.0011311787060889525 0.041991721460809477 0.0099435842366090831 -0.0088345630007366158
leaf_weight=14220 1232 72 53 50 51 4656 127 66 125 60 113 90 1418 90 104 266 61 215 106 180 237 102 271 245 83 79 18175 60 104 233
leaf_count=14220 1232 72 53 50 51 4656 127 66 125 60 113 90 1418 90 104 266 61 215 106 180 237 102 271 245 83 79 18175 60 104 233
internal_value=7.79471e-05 0.00627582 0.00869662 0.0179399 0.0636255 0.00529651 0.000753105 0.00480521 -0.00170149 0.0093745 0.00533254 0.015246 0.0127235 0.0359245 -0.00194857 0.00591502 0.0105578 0.0149494 0.00650744 0.0125445 0.0232152 -0.00535675 0.000123247 0.00857768 -0.00363226 -0.00203139 -0.000972405 0.0196265 -0.00780446 -0.000467532
internal_weight=42944 9579 6659 1771 101 4888 2920 4835 33365 727 4769 1670 1490 180 32638 667 542 481 1503 777 417 1417 726 351 1315 32534 18314 139 375 360
internal_count=42944 9579 6659 1771 101 4888 2920 4835 33365 727 4769 1670 1490 180 32638 667 542 481 1503 777 417 1417 726 351 1315 32534 18314 139 375 360
cat_boundaries=0 1 2 3 4 5 6
cat_threshold=199330 6720273 45064 591008 8 1057794
is_linear=0
shrinkage=0.03


Tree=84
num_leaves=31
num_cat=7
split_feature=5 2 3 17 13 3 2 17 3 33 3 17 17 33 32 27 39 0 6 36 19 10 0 3 32 0 14 9 33 36
split_gain=392.06 116.376 129.031 140.082 202.345 150.074 124.383 200.956 123.715 121.31 114.581 144.007 134.037 112.268 167.974 120.137 103.602 142.131 97.8109 85.5169 83.8325 70.3599 74.0373 94.9673 74.8786 61.67 95.2662 66.7834 50.7345 157.116
threshold=1.5000000000000002 0 1 0.39025000000000004 0.092053000000000038 2 3 0.87760000000000005 4 0.25853352482456154 5 2.4920500000000003 1.9170000000000003 0.20216882096107919 0.18329589012778594 15.150000000000002 8.1788506348415009 9.7500000000000018 8.1666666666666696 0.8665565860095783 0.15622000000000005 0.47613000000000005 4.4500000000000011 6 0.84040454571392842 4.8500000000000005 0.88057500000000022 0.28691666666666676 0.27796504984049858 1.4072065830088831
decision_type=2 1 1 2 2 1 1 2 1 2 1 2 2 2 2 2 2 2 2 2 2 2 2 1 2 2 2 2 2 2
left_child=16 8 6 4 5 -4 7 20 25 -9 12 -12 -8 15 -15 -5 -1 21 28 -6 -3 22 23 -18 -24 -2 27 -27 -10 -30
right_child=1 2 3 13 19 -7 10 9 18 -11 11 -13 -14 14 -16 -17 17 -19 -20 -21 -22 -23 24 -25 -26 26 -28 -29 29 -31
leaf_value=-0.0028952423134612801 -0.013440010786195227 0.0021971947961464161 -0.004175907716647072 -0.020003340050656869 0.020811073687901863 0.01850025242333328 0.038471158751295524 -0.00073190275389332688 0.0028660719430179068 0.031806153609335544 0.0090316725909675433 0.058008785768829542 -0.0016744467450872712 0.044801991160260513 0.0024343216568822506 0.0065446410276586318 0.0027527734055745557 0.045134927760344001 0.042919318980747655 0.0682824631104028 -0.027633651334580709 -0.034850395493647629 0.0015897106244689174 -0.0071627662476785436 0.026273836044278659 -0.0012605974649389582 -0.035302218577532629 0.024378304081109282 -0.00021452853572092304 0.051824405958037827
leaf_weight=20546 563 163 466 407 64 588 415 181 1728 238 809 57 91 87 1973 245 1448 63 61 76 175 50 9023 2152 111 755 66 103 150 79
leaf_count=20546 563 163 466 407 64 588 415 181 1728 238 809 57 91 87 1973 245 1448 63 61 76 175 50 9023 2152 111 755 66 103 150 79
internal_value=-4.15232e-05 0.00532167 0.00784108 0.00457129 0.0131408 0.00861303 0.0137843 0.00385714 0.000956744 0.0177749 0.0191852 0.0121815 0.0306517 0.000810743 0.00424596 -0.0100281 -0.00157393 0.00053905 0.00578265 0.046904 -0.0132749 0.000315532 0.000456573 -0.00318627 0.00189285 -0.00558483 -0.000846396 0.00183857 0.00463177 0.017872
internal_weight=42933 9540 6035 3906 1194 1054 2129 757 3505 419 1372 866 506 2712 2060 652 33393 12847 2018 140 338 12784 12734 3600 9134 1487 924 858 1957 229
internal_count=42933 9540 6035 3906 1194 1054 2129 757 3505 419 1372 866 506 2712 2060 652 33393 12847 2018 140 338 12784 12734 3600 9134 1487 924 858 1957 229
cat_boundaries=0 1 2 3 4 5 6 7
cat_threshold=4288643 4785064 3150914 655684 5068424 66080 102750
is_linear=0
shrinkage=0.03


Tree=85
num_leaves=31
num_cat=4
split_feature=5 34 3 9 38 18 31 30 27 3 25 24 14 3 34 33 36 23 25 0 31 0 24 30 24 10 36 36 3 23
split_gain=452.919 127.369 180.237 132.992 204.568 170.049 124.881 129.734 105.619 134.767 129.93 114.429 98.9604 91.588 114.069 91.4713 153.848 122.53 79.1885 73.0597 67.0768 63.4881 68.8822 58.5329 55.0235 54.9066 51.8974 133.623 57.0988 46.8711
threshold=1.5000000000000002 0.46333248875351579 0 0.59166666666666679 0.37334731449575081 0.96471666666666678 52.63333333333334 41.500000000000007 12.416666666666668 1 16.845000000000006 4.1666666666666687 0.72174500000000008 2 0.59395413418014353 0.27763609664679872 1.4284853228164278 4.3000000000000016 11.926666666666668 7.4500000000000011 15.900000000000002 4.6500000000000012 29.833333333333336 25.166666666666668 21.800000000000008 0.29013000000000005 2.0205181448586056 1.8515679606275304 3 20.100000000000005
decision_type=2 2 1 2 2 2 2 2 2 1 2 2 2 1 2 2 2 2 2 2 2 2 2 2 2 2 2 2 1 2
left_child=8 2 12 6 -5 -6 7 -4 21 10 -10 -11 15 14 -3 17 -17 -2 20 26 -13 -1 23 -23 -12 -20 27 -15 -28 -16
right_child=1 13 3 4 5 -7 -8 -9 9 11 24 18 -14 19 29 16 -18 -19 25 -21 -22 22 -24 -25 -26 -27 28 -29 -30 -31
leaf_value=-0.002892726691130791 -0.013233567451005396 -0.017053036629756945 0.0052348465510840669 0.06940487688216003 0.049952474943720376 -0.018923932987133806 0.047940501929074522 -0.022455326424615018 0.010282933821133967 0.041457638585971575 0.07129107070168747 0.0040496623977533961 0.054846303602511227 -0.0010471659383331959 0.010405363110289835 -0.0015877132089291523 0.042276842152637044 0.029299848937474161 -0.011610052957849289 0.039477003554312086 0.041078289601862286 -2.0309051459582375e-05 0.030030534997801568 -0.020835158314646746 0.028067302515730263 0.020760746379884388 0.011404103618783934 0.020716897638488944 -0.0058718898848964781 -0.0083303512260102866
leaf_weight=21192 68 492 5055 73 51 84 59 156 221 58 55 291 65 609 312 375 88 541 508 51 51 10631 67 122 55 51 216 434 705 194
leaf_count=21192 68 492 5055 73 51 84 59 156 221 58 55 291 65 609 312 375 88 541 508 51 51 10631 67 122 55 51 216 434 705 194
internal_value=5.79819e-05 0.00578854 0.00811702 0.00582006 0.029306 0.00724996 0.00489818 0.00440117 -0.00159882 0.00681371 0.0229616 0.000969706 0.0189485 0.000674404 -0.00671426 0.0168966 0.00681607 0.0245318 -0.00166562 0.00434864 0.00968388 -0.00193812 -6.80689e-05 -0.000258662 0.0501538 -0.00861957 0.00343742 0.00801732 -0.00174896 0.00321393
internal_weight=42930 9628 6615 5478 208 135 5270 5211 33302 1290 331 959 1137 3013 998 1072 463 609 901 2015 342 32012 10820 10753 110 559 1964 1043 921 506
internal_count=42930 9628 6615 5478 208 135 5270 5211 33302 1290 331 959 1137 3013 998 1072 463 609 901 2015 342 32012 10820 10753 110 559 1964 1043 921 506
cat_boundaries=0 1 2 3 4
cat_threshold=2230912 1179 2496784 1606688
is_linear=0
shrinkage=0.03


Tree=86
num_leaves=31
num_cat=9
split_feature=20 2 3 35 0 1 3 2 35 27 26 9 34 27 36 19 11 34 21 37 8 3 2 34 28 27 0 3 28 2
split_gain=413.737 159.095 129.935 129.859 119.888 171.608 131.146 203.449 211.231 108.944 109.383 106.744 123.127 118.65 101.336 99.2744 97.5247 85.1903 81.7522 68.5304 64.7776 136.399 122.978 80.3076 66.0353 50.3745 49.286 71.9382 46.0265 40.6444
threshold=4.5000000000000009 0 1 0.91162302253173733 9.2500000000000018 2 3 4 2.0413276727446359 4.2500000000000018 2.6500000000000008 0.20333333333333345 0.15655898808688001 15.150000000000002 1.093948175193997 0.97828000000000015 0.0010250000000000003 0.038837365746655729 24.166666666666668 0.52980458074788239 0.079600000000000018 5 6 0.43512708724208754 14.910000000000002 23.916666666666668 4.9500000000000011 7 11.470000000000002 8
decision_type=2 1 1 2 2 1 1 1 2 2 2 2 2 2 2 2 2 2 2 2 2 1 1 2 2 2 2 1 2 1
left_child=18 2 3 -2 6 -6 7 15 -9 16 -11 12 -4 -13 -14 -3 -5 -8 20 -19 25 22 23 -22 -24 26 -1 -28 29 -23
right_child=1 4 11 9 5 -7 17 8 -10 10 -12 13 14 -15 -16 -17 -18 19 -20 -21 21 28 24 -25 -26 -27 27 -29 -30 -31
leaf_value=-0.0026335460692485497 0.052139645630061356 0.0069977678527829634 -0.04115278607308865 0.017898219584584745 0.056959636619168051 -0.0029421044385858942 0.038462688077037989 0.012202049271012518 0.046926660897818308 -0.020729835081449214 0.013895529097718644 0.00031667997473377297 0.026789702785970725 0.060798192167686206 -0.0014731326914236016 -0.017298408745441678 0.051457629247772987 0.0013141424567932618 0.034463136549506869 -0.022851676546524619 0.05236964515975636 0.014319748939709515 -0.0038692491448207478 0.014609220668336653 0.033686269270399437 -0.021880503686614657 0.003953964936785296 -0.0023944993963875096 -0.021423797361128032 -0.0071988271726568121
leaf_weight=23125 97 403 59 219 88 83 54 679 205 93 650 58 137 58 660 241 122 8104 55 106 114 107 221 93 51 114 2791 3754 124 228
leaf_count=23125 97 403 59 219 88 83 54 679 205 93 650 58 137 58 660 241 122 8104 55 106 114 107 221 93 51 114 2791 3754 124 228
internal_value=9.91848e-05 0.00479497 0.0121732 0.018859 0.00318377 0.028019 0.00275019 0.0107915 0.0200752 0.0160067 0.00953546 0.0039266 0.000289465 0.0308443 0.00340882 -0.00207041 0.0300289 0.0012473 -0.00174941 0.000999025 -0.00181545 0.0059422 0.0169214 0.0339393 0.00314386 -0.00206006 -0.00198307 0.000314806 -0.00576333 -8.27063e-05
internal_weight=42893 12116 2153 1181 9963 171 9792 1528 884 1084 743 972 856 116 797 644 341 8264 30777 8210 30722 938 479 207 272 29784 29670 6545 459 335
internal_count=42893 12116 2153 1181 9963 171 9792 1528 884 1084 743 972 856 116 797 644 341 8264 30777 8210 30722 938 479 207 272 29784 29670 6545 459 335
cat_boundaries=0 1 2 3 4 5 6 7 8 9
cat_threshold=527680 3798538 2 65545 208911 7934373 3514648 224925 5279796
is_linear=0
shrinkage=0.03


Tree=87
num_leaves=31
num_cat=5
split_feature=20 4 31 39 24 3 7 28 6 0 14 14 9 18 3 21 1 12 16 31 31 39 29 15 6 40 39 18 3 13
split_gain=364.531 192.989 263.494 162.344 156.67 113.672 105.138 116.577 101.815 95.3557 95.3331 137.04 95.1785 94.1317 89.7462 83.0829 81.0733 67.6008 91.5367 125.88 88.0569 57.7108 48.5484 60.8509 43.2087 89.3477 65.3369 123.802 40.018 38.889
threshold=4.5000000000000009 0 35.900000000000006 79.201806300797685 27.633333333333336 1 8.2250000000000014 12.210000000000003 7.166666666666667 7.4500000000000011 0.77102500000000018 0.17038500000000004 0.38335000000000002 0.59666666666666701 2 25.833333333333339 3 0.0066666666666666645 0.65500000000000014 26.450000000000003 28.633333333333336 73.116330820421055 39.500000000000007 0.31025166666666676 1.5833333333333337 1.0000000180025095e-35 39.999768200964162 0.43000000000000022 4 0.044000000000000025
decision_type=2 1 2 2 2 1 2 2 2 2 2 2 2 2 1 2 1 2 2 2 2 2 2 2 2 2 2 2 1 2
left_child=8 5 6 4 -4 15 7 9 17 -3 11 16 -5 -13 -9 22 -7 24 19 21 -21 -19 23 -2 26 -26 -1 -28 -27 -12
right_child=1 2 3 12 -6 10 -8 14 -10 -11 29 13 -14 -15 -16 -17 -18 18 -20 20 -22 -23 -24 -25 25 28 27 -29 -30 -31
leaf_value=-0.0024050545985107338 0.0050670425718731798 -0.00069620277002721456 0.019496828444565663 -0.0096371696454218819 0.090410223864728495 0.023648491899092346 -0.039209557385316916 -9.6624883427990201e-05 0.040583809750921587 0.037300869592279198 0.01589093161724946 0.072080870658508503 0.034632862765727378 0.02918678283873485 0.010241960852176699 -0.034044392326737151 0.0066400225109336753 3.6089026334150145e-05 -0.03728644857302589 0.055534925368428231 0.012681414492990612 0.015005684909870828 -0.017154848418235776 0.035188759751179639 -0.00099141908803500843 -0.03678217729543512 0.013052902631315628 -0.020325582305442728 -0.012171061543219085 -0.01652428551390767
leaf_weight=25485 547 6368 52 87 62 526 55 1177 50 59 50 63 86 177 2128 50 487 3358 52 59 158 248 74 67 473 100 554 121 218 95
leaf_count=25485 547 6368 52 87 62 526 55 1177 50 59 50 63 86 177 2128 50 487 3358 52 59 158 248 74 67 473 100 554 121 218 95
internal_value=-3.19213e-05 0.00435586 0.00260735 0.0308929 0.0585407 0.0125251 0.00177717 0.00201312 -0.00176726 -0.000341174 0.0175618 0.0203513 0.0124252 0.0407113 0.00659098 0.00286208 0.0154892 -0.00183737 0.00186685 0.0024098 0.0245479 0.00107032 0.00563565 0.00841069 -0.00237012 -0.00927516 -0.00216087 0.00704385 -0.0215454 -0.00529379
internal_weight=43086 12210 10074 287 114 2136 9787 9732 30876 6427 1398 1253 173 240 3305 738 1013 30826 3875 3823 217 3606 688 614 26951 791 26160 675 318 145
internal_count=43086 12210 10074 287 114 2136 9787 9732 30876 6427 1398 1253 173 240 3305 738 1013 30826 3875 3823 217 3606 688 614 26951 791 26160 675 318 145
cat_boundaries=0 1 2 3 4 5
cat_threshold=6 789717 5050470 2 6341122
is_linear=0
shrinkage=0.03


Tree=88
num_leaves=31
num_cat=4
split_feature=39 3 5 31 25 31 10 39 30 11 26 3 12 20 10 24 16 16 26 18 4 3 7 21 27 18 32 37 34 33
split_gain=459.964 176.821 104.24 105.079 104.994 170.556 97.0523 95.0041 93.0457 91.2295 76.4148 174.206 88.4331 81.3583 70.2243 69.6515 89.7315 88.8915 72.3339 66.8318 78.3155 76.3534 92.2431 71.0716 54.9812 53.9311 196.25 136.934 169.803 75.7753
threshold=72.511101486736052 0 -1.0000000180025095e-35 31.675000000000004 30.820000000000004 23.900000000000002 0.54700000000000015 76.360897969018552 15.833333333333334 0.26002000000000008 21.550000000000004 1 0.21361500000000005 10.500000000000002 0.060000000000000005 37.833333333333343 0.39225000000000004 0.21049100000000007 2.9500000000000006 1.7233333333333338 2 3 3.7750000000000004 17.833333333333339 22.216666666666672 1.2938333333333338 0.4732176654830581 0.29094240808521027 0.48065078888018081 0.26378823899233866
decision_type=2 1 2 2 2 2 2 2 2 2 2 1 2 2 2 2 2 2 2 2 1 1 2 2 2 2 2 2 2 2
left_child=6 19 -3 4 8 -6 10 -5 -4 -9 15 12 13 -12 24 16 17 -1 -18 25 23 -22 -23 -21 -13 27 29 28 -2 -27
right_child=1 2 3 7 5 -7 -8 9 -10 -11 11 14 -14 -15 -16 -17 18 -19 -20 20 21 22 -24 -25 -26 26 -28 -29 -30 -31
leaf_value=-0.0019947952155042466 0.021975105004140953 0.049383715082705025 0.0072039773067956699 0.053869593571590844 0.0019878047681960642 -0.050601463928141376 0.029794914569747581 0.02314879096006674 0.018883495399550906 -0.010856542446489991 0.036882186343783846 -0.0013663904611565993 0.058698490674464171 0.0064024432129167674 -0.013112138193513824 0.03019861903114885 -0.0040571154447582858 0.0077752457743334629 -0.034852577036484741 -0.021828279381072836 -0.012414970133611931 0.032985007203724832 -0.0059953504782550189 0.0014771087697015128 0.022999929170477492 0.011955928000179621 0.050083315385467543 -0.015263799427757352 -0.0058522151836180886 -0.01502577237662998
leaf_weight=32833 369 59 3118 72 348 65 88 390 765 86 118 295 51 236 327 60 143 859 132 345 139 123 97 178 115 278 97 355 422 140
leaf_count=32833 369 59 3118 72 348 65 88 390 765 86 118 295 51 236 327 60 143 859 132 345 139 123 97 178 115 278 97 355 422 140
internal_value=-6.10656e-05 0.00671344 0.0100324 0.00956309 0.00798022 -0.00638394 -0.00149202 0.0219292 0.00951003 0.0169888 -0.00157124 0.00605813 0.0215497 0.0166461 -0.00272358 -0.00182755 -0.0018851 -0.00174539 -0.0189225 0.000271258 -0.00639618 0.00441716 0.0151498 -0.0136427 0.0055001 0.00381686 0.0118706 0.000187785 0.00713674 0.00289754
internal_weight=42703 7446 4903 4844 4296 413 35257 548 3883 476 35169 1142 405 354 737 34027 33967 33692 275 2543 882 359 220 523 410 1661 515 1146 791 418
internal_count=42703 7446 4903 4844 4296 413 35257 548 3883 476 35169 1142 405 354 737 34027 33967 33692 275 2543 882 359 220 523 410 1661 515 1146 791 418
cat_boundaries=0 1 2 3 4
cat_threshold=2895584 1189826 5 3744
is_linear=0
shrinkage=0.03


Tree=89
num_leaves=31
num_cat=0
split_feature=39 14 0 27 34 12 32 35 35 10 10 23 23 37 27 0 9 26 37 37 7 17 23 32 35 36 12 0 33 26
split_gain=387.569 135.61 113.214 108.289 89.9191 108.086 141.534 75.478 129.391 66.8214 131.431 78.0082 65.1753 63.0585 62.9762 89.5256 88.203 72.0447 62.3367 130.501 59.3412 55.5536 68.897 191.162 317.854 55.179 47.1728 51.7569 40.9212 39.8419
threshold=71.230197990120374 0.040225000000000004 5.0500000000000007 1.1000000000000005 0.47777683812372895 0.0066666666666666775 0.32255189942986456 2.0980076246512436 2.2467234800934066 0.54700000000000015 0.37490000000000007 63.300000000000004 0.3000000000000001 0.34077867934361455 57.666666666666664 10.550000000000002 0.48500000000000004 38.250000000000007 0.37500850548546893 0.36126025450769128 3.9000000000000004 3.4650000000000003 20.300000000000008 0.53378050262640753 2.2343804474568585 1.3792359604955113 0.18010500000000004 5.9500000000000011 0.25805671588308826 0.8500000000000002
decision_type=2 2 2 2 2 2 2 2 2 2 2 2 2 2 2 2 2 2 2 2 2 2 2 2 2 2 2 2 2 2
left_child=1 21 3 4 5 6 -2 18 -9 10 11 25 -4 -12 15 17 -17 -14 19 -5 -20 22 26 -24 -25 -3 27 -1 29 -6
right_child=2 9 12 7 28 -7 -8 8 -10 -11 13 -13 14 -15 -16 16 -18 -19 20 -21 -22 -23 23 24 -26 -27 -28 -29 -30 -31
leaf_value=-0.0021672369601592129 0.034931304787211709 0.0083051832685517996 -0.014518873105943202 -0.00064120255517119244 0.00052362831816667827 0.046172155373406659 0.0047757760385239347 0.045200932771469776 -0.0023300927899232728 0.03419610190527006 -0.0069718594962961218 0.040711891106640301 0.0088825243292662403 -0.04625337145332014 -0.015049278662174563 0.053704052989904806 0.0057325035045886867 0.022448706166185883 -0.024524657295170154 0.040543792901639369 0.0092554447073489414 -0.028911421126521689 -0.00085019633510992636 0.09177176156362235 -0.0087619183058088475 0.00065063874133726625 -0.022513422639568601 0.0032059434033025573 -0.0215724964241139 0.027102455385478917
leaf_weight=29341 188 1642 89 2796 409 97 544 88 122 65 88 53 2376 63 78 88 57 414 175 70 63 67 377 58 54 1753 99 1706 64 57
leaf_count=29341 188 1642 89 2796 409 97 544 88 122 65 88 53 2376 63 78 88 57 414 175 70 63 67 377 58 54 1753 99 1706 64 57
internal_value=0.000143869 -0.00118934 0.00620796 0.00325643 0.0103846 0.016549 0.0125618 0.000330153 0.0176933 0.00427403 0.00372344 0.00492638 0.0106508 -0.023577 0.0113999 0.0121087 0.0350352 0.010904 -0.000848897 0.000377456 -0.015569 -0.00182098 -0.0017626 0.00939848 0.043625 0.00435502 -0.00193822 -0.0018718 0.000723951 0.00383218
internal_weight=43141 35366 7775 4673 1359 829 732 3314 210 3664 3599 3448 3102 151 3013 2935 145 2790 3104 2866 238 31702 31635 489 112 3395 31146 31047 530 466
internal_count=43141 35366 7775 4673 1359 829 732 3314 210 3664 3599 3448 3102 151 3013 2935 145 2790 3104 2866 238 31702 31635 489 112 3395 31146 31047 530 466
is_linear=0
shrinkage=0.03


Tree=90
num_leaves=31
num_cat=6
split_feature=39 4 2 2 28 25 15 1 6 33 31 14 23 17 30 31 39 2 32 23 21 33 29 26 30 31 39 25 2 22
split_gain=263.192 113.646 152.613 135.992 163.931 122.424 124.82 119.493 113.689 104.127 111.982 102.849 120.965 102.637 102.205 170.303 156.333 88.6337 106.428 81.1099 75.4202 70.8187 67.3124 55.615 53.73 36.0585 17.5854 24.7883 28.1515 27.1971
threshold=25.171036722044338 0 1 2 11.110000000000003 12.126666666666669 0.17333333333333342 3 2.1666666666666674 0.13678924520788252 40.100000000000009 0.85306500000000007 34.300000000000011 3.2550000000000003 38.416666666666679 31.675000000000004 79.55910245969099 4 0.33022479179946185 34.500000000000007 16.833333333333339 0.18987371362142136 32.500000000000007 1.6500000000000004 10.833333333333334 23.450000000000003 1.9943341956928597 9.2200000000000042 5 5.6333333333333337
decision_type=2 1 1 1 2 2 2 1 2 2 2 2 2 2 2 2 2 1 2 2 2 2 2 2 2 2 2 2 1 2
left_child=25 2 14 4 13 8 -7 9 -6 24 -11 12 22 19 15 23 -16 21 -19 -3 -14 -9 -4 -2 -5 26 -1 28 -28 -30
right_child=1 3 11 7 5 6 -8 17 -10 10 -12 -13 20 -15 16 -17 -18 18 -20 -21 -22 -23 -24 -25 -26 -27 27 -29 29 -31
leaf_value=-0.0028378755958707396 0.010412334626997175 0.0010303247203989237 0.0018380625669440602 -0.0065264741344324929 0.013060664743345617 -0.001862178634488479 0.017944362870774711 0.037266056563642069 0.044318963540792365 0.0032724457449361307 0.045977630531548394 -0.028591685770545154 -0.0038916894417060049 -0.036616124662901123 -0.034530058784096429 0.063578304027809812 0.025889530080096687 -0.0021425023691045214 -0.012602338532742492 0.021228762074839324 0.031376311035703888 0.0029005665834020574 -0.021173384553176307 0.023435057667930317 -0.038048774673640727 0.023116521319045739 -0.003936995584038764 -0.0070556226305584745 -0.00058364916690374202 0.006771144614956307
leaf_weight=14317 876 2638 1242 141 231 547 599 58 193 4317 55 95 75 61 88 67 67 2468 1357 191 196 640 125 448 74 50 2252 631 8476 477
leaf_count=14317 876 2638 1242 141 231 547 599 58 193 4317 55 95 75 61 88 67 67 2468 1357 191 196 640 125 448 74 50 2252 631 8476 477
internal_value=-0.000200254 0.00272473 0.00772797 0.00150826 0.00579397 0.0136073 0.00849446 -0.000594025 0.0273669 0.00281642 0.00382076 0.00157765 0.00335524 0.00156512 0.0145604 0.0172294 -0.00839543 -0.00405457 -0.00584119 0.0024021 0.0216263 0.00572773 -0.000277876 0.0148354 -0.0175158 -0.00208122 -0.00213039 -0.00127419 -0.000947743 -0.000190538
internal_weight=43052 16849 3279 13570 4460 1570 1146 9110 424 4587 4372 1733 1638 2890 1546 1391 155 4523 3825 2829 271 698 1367 1324 215 26203 26153 11836 11205 8953
internal_count=43052 16849 3279 13570 4460 1570 1146 9110 424 4587 4372 1733 1638 2890 1546 1391 155 4523 3825 2829 271 698 1367 1324 215 26203 26153 11836 11205 8953
cat_boundaries=0 1 2 3 4 5 6
cat_threshold=6 3878704 822444 2 768 1114121
is_linear=0
shrinkage=0.03


Tree=91
num_leaves=31
num_cat=6
split_feature=29 34 2 3 9 28 23 31 18 18 20 23 3 36 21 33 32 22 19 18 13 36 19 3 22 2 9 3 27 17
split_gain=360.114 133.306 117.302 212.496 183.673 133.323 94.7715 94.2948 132.666 126.086 82.5909 119.11 79.4867 125.564 92.057 75.4256 76.368 73.6184 71.9947 69.2994 47.3601 62.9051 40.6963 35.8008 62.353 121.129 41.3419 35.8246 29.3825 27.0965
threshold=1.5000000000000002 0.038837365746655729 0 1 0.21000000000000005 31.849999999999998 40.500000000000007 30.633333333333336 1.5638333333333336 1.2466833333333336 24.500000000000004 16.300000000000001 2 0.86010580859665653 11.16666666666667 0.26455254525307031 0.21417052743302079 14.366666666666669 0.53402000000000016 1.7808500000000003 0.16019500000000006 0.97272228401477123 1.1920800000000003 3 15.450000000000001 4 0.073333333333333375 5 12.516666666666667 2.7350000000000008
decision_type=2 2 1 1 2 2 2 2 2 2 2 2 1 2 2 2 2 2 2 2 2 2 2 1 2 1 2 1 2 2
left_child=6 -2 3 4 5 -3 20 12 9 -9 11 -5 14 -14 -4 16 -8 -6 -12 -10 23 -22 -23 26 28 -26 29 -28 -25 -1
right_child=1 2 7 10 17 -7 15 8 19 -11 18 -13 13 -15 -16 -17 -18 -19 -20 -21 21 22 -24 24 25 -27 27 -29 -30 -31
leaf_value=-0.0026894395152875805 0.05077946742584831 0.011478200523797773 -0.00029732222119493789 0.0012847492629977279 0.063366286915753564 0.061481321774861396 0.00061003751702168405 0.013545664882961789 -0.038853388245268301 0.052433341571937006 -0.028335463772512223 0.018675260152664117 -0.021213582310349421 0.00018516311609223049 0.010121177870013359 -0.0068355554348478705 0.046406469129025935 0.027639190923109312 0.00021023589880205689 0.0037392486426169459 0.034808359283804893 -0.018102499213890504 0.016704025548672483 -0.0013486958604527605 -0.0047414184400740153 0.015230327023544418 5.7132172682031517e-05 -0.021546033796907397 0.0074154346278932299 0.011814254270532192
leaf_weight=12201 56 847 1447 1159 104 50 50 463 54 89 118 510 265 3414 1613 71 95 109 239 91 74 58 61 17786 496 591 117 182 350 116
leaf_count=12201 56 847 1447 1159 104 50 50 463 54 89 118 510 265 3414 1613 71 95 109 239 91 74 58 61 17786 496 591 117 182 350 116
internal_value=0.000225533 0.00501449 0.00476701 0.00962496 0.0201354 0.0143341 -0.00135278 0.00270026 0.013201 0.0199045 0.00378739 0.0066086 0.00161596 -0.00135704 0.00517814 0.0184054 0.0307475 0.045312 -0.00926945 -0.0122598 -0.00148668 0.0132898 -0.000244982 -0.00157676 -0.000760044 0.00621485 -0.00281796 -0.0138269 -0.001179 -0.00255165
internal_weight=42876 10628 10572 3136 1110 897 32248 7436 697 552 2026 1669 6739 3679 3060 216 145 213 357 145 32032 193 119 31839 19223 1087 12616 299 18136 12317
internal_count=42876 10628 10572 3136 1110 897 32248 7436 697 552 2026 1669 6739 3679 3060 216 145 213 357 145 32032 193 119 31839 19223 1087 12616 299 18136 12317
cat_boundaries=0 1 2 3 4 5 6
cat_threshold=5057632 197687 5268419 1978466 1372459 663554
is_linear=0
shrinkage=0.03


Tree=92
num_leaves=31
num_cat=9
split_feature=39 2 30 34 3 14 8 27 3 8 0 35 20 31 2 26 32 10 3 3 2 35 2 7 12 19 21 19 33 2
split_gain=311.663 180.209 179.096 149.955 130.898 176.288 149.619 121.827 117.696 111.474 110.095 105.088 97.2267 88.3739 112.916 115.855 151.519 80.1173 91.6781 75.134 125.621 115.824 106.631 95.2905 81.5468 65.2031 64.1066 58.5746 53.6517 99.9379
threshold=71.230197990120374 0 14.500000000000002 0.11811810787623887 1 0.34162500000000007 0.039950000000000006 17.016666666666669 2 0.50135000000000007 5.4500000000000011 2.5434850204825676 24.500000000000004 11.900000000000002 3 7.1500000000000012 0.3793165810426935 0.23800000000000004 4 5 6 1.6558380258099985 7 1.3666666666666669 0.14675500000000005 0.99225000000000019 19.416666666666668 1.0814300000000003 0.18429130236953059 8
decision_type=2 1 2 2 1 2 2 2 1 2 2 2 2 2 1 2 2 2 1 1 1 2 1 2 2 2 2 2 2 1
left_child=10 2 3 27 6 7 -4 -6 12 -7 13 19 -5 -1 15 25 -17 18 -16 20 21 -3 24 -22 -21 -15 -10 -2 29 -12
right_child=1 11 4 8 5 9 -8 -9 26 -11 28 -13 -14 14 17 16 -18 -19 -20 22 23 -23 -24 -25 -26 -27 -28 -29 -30 -31
leaf_value=-0.002148116615044712 -0.0043951835370645296 0.017972670654048031 -0.032923684430749792 0.020683979543032333 0.038163027366677538 -0.009299101940393446 0.037445542298830473 0.08789358115977193 0.010342396115161015 0.04487157461703533 0.021671425325639947 0.033313738284252797 0.065982562986184976 -0.0044646763084971123 0.023495352480188015 0.014079075494160254 0.067555836333946975 -0.026621567656844855 -0.0074523268787458474 0.0026216173223710037 0.025282128089950898 0.0020532506981143198 -0.0063041651086933178 -0.0016419789955576158 0.025693316686815949 0.026794900778594408 -0.013002723032661846 -0.044198917445383575 0.0015327847647015006 0.0012380590089750886
leaf_weight=29569 81 1018 56 231 102 74 51 82 433 62 359 102 52 198 119 125 77 104 246 1089 126 691 1510 1727 157 85 139 56 3659 533
leaf_count=29569 81 1018 56 231 102 74 51 82 433 62 359 102 52 198 119 125 77 104 246 1089 126 691 1510 1727 157 85 139 56 3659 533
internal_value=-1.47394e-07 0.00540733 0.0150442 0.0081382 0.0313761 0.0403578 0.000572188 0.0606971 0.0128119 0.0155217 -0.00120892 0.00324635 0.0282271 -0.001858 0.00712366 0.0170609 0.0347109 -0.00345024 0.00310423 0.0027604 0.00562874 0.0114756 -0.000963328 0.000198761 0.00550526 0.00497497 0.00457156 -0.0208894 0.00314322 0.00973677
internal_weight=42913 7839 1419 992 427 320 107 184 855 136 35074 6420 283 30523 954 485 202 469 365 6318 3562 1709 2756 1853 1246 283 572 137 4551 892
internal_count=42913 7839 1419 992 427 320 107 184 855 136 35074 6420 283 30523 954 485 202 469 365 6318 3562 1709 2756 1853 1246 283 572 137 4551 892
cat_boundaries=0 1 2 3 4 5 6 7 8 9
cat_threshold=789792 6292802 104610 8093726 295096 3265291 1196760 2207882 2626103
is_linear=0
shrinkage=0.03


Tree=93
num_leaves=31
num_cat=9
split_feature=39 2 3 18 2 3 27 35 23 30 8 3 23 3 23 1 26 12 10 29 35 27 0 24 2 16 23 2 7 18
split_gain=352.745 179.873 250.359 133.947 121.807 174.061 181.301 119.426 190.863 135.872 118.625 124.753 111.339 107.466 95.0025 137.921 129.693 96.2359 92.2383 82.7123 70.9109 58.6647 135.931 119.189 104.591 87.6905 55.0921 141.498 55.4578 54.3857
threshold=71.230197990120374 0 1 2.5883333333333338 2 3 1.7000000000000008 2.0413276727446359 42.300000000000004 16.416666666666668 0.38950000000000007 4 29.300000000000004 5 10.700000000000003 6 10.750000000000002 0.036200000000000003 0.54100000000000015 9.5000000000000018 1.6098819899016792 12.516666666666667 8.4500000000000011 3.3333333333333353 7 0.44400000000000006 34.70000000000001 8 4.7083333333333348 1.5133333333333334
decision_type=2 1 1 2 1 1 2 2 2 2 2 1 2 1 2 1 2 2 2 2 2 2 2 2 1 2 2 1 2 2
left_child=18 2 14 7 5 6 -4 12 9 -9 11 -6 20 -14 19 17 -17 -16 21 -2 -3 25 23 -23 -25 26 28 -28 -1 -7
right_child=1 3 4 -5 10 29 -8 8 -10 -11 -12 -13 13 -15 15 16 -18 -19 -20 -21 -22 22 -24 24 -26 -27 27 -29 -30 -31
leaf_value=-0.0016826372097357427 0.028495253203064203 0.0021049278520435038 0.060459907603614471 -0.02224273963470156 -0.0090634448383856547 -0.04369163254648447 -0.0035878395077602633 0.012323943767133807 -0.022062155545330968 0.043064276675619774 0.051272648904973003 0.016830394997641468 0.027697982446049693 0.0054523680982545356 0.041863242459817998 0.031412869171633453 0.079480843496437234 0.0013792688918384639 0.028344084505625863 -0.019304673869636923 -0.0076666837464333887 0.044931406277574998 0.047689707174897199 -0.007724335623288176 0.0066695992027594299 -0.027641003005206586 0.034193938012921463 -0.0031336506790501043 -0.022376953577228752 -0.009452053534240841
leaf_weight=32419 79 3211 50 180 227 106 180 416 103 188 66 587 250 853 102 103 103 109 93 54 843 56 60 749 1119 116 126 275 116 70
leaf_count=32419 79 3211 50 180 227 106 180 416 103 188 66 587 250 853 102 103 103 109 93 54 843 56 60 749 1119 116 126 275 116 70
internal_value=-4.56371e-05 0.00569031 0.013888 0.00316948 0.00649553 -0.00699051 0.0100874 0.0039591 0.0155138 0.0219525 0.0127304 0.00969874 0.00237173 0.010818 0.0307013 0.0382909 0.0557292 0.021069 -0.00133251 0.00906614 7.08624e-05 -0.00141218 0.00359663 0.00219597 0.000889862 -0.00171303 -0.00162079 0.00941628 -0.0017572 -0.0286048
internal_weight=43009 7880 1836 6044 1286 406 230 5864 707 604 880 814 5157 1103 550 417 206 211 35129 133 4054 35036 1984 1924 1868 33052 32936 401 32535 176
internal_count=43009 7880 1836 6044 1286 406 230 5864 707 604 880 814 5157 1103 550 417 206 211 35129 133 4054 35036 1984 1924 1868 33052 32936 401 32535 176
cat_boundaries=0 1 2 3 4 5 6 7 8 9
cat_threshold=790304 114732 262656 7606593 2491456 78914 2 765443 3154061
is_linear=0
shrinkage=0.03


Tree=94
num_leaves=31
num_cat=12
split_feature=39 38 14 2 3 3 23 3 17 3 2 39 0 19 2 2 28 2 21 11 36 21 2 36 34 18 32 17 3 2
split_gain=314.223 124.802 140.587 149.502 225.342 131.979 121.379 117.317 115.437 105.173 113.663 93.5909 92.6715 88.7608 91.8881 87.1238 86.4078 73.669 71.2989 61.7059 61.2412 56.4926 47.1198 44.8459 53.2621 50.3203 35.4882 21.6972 57.2735 102.122
threshold=21.9386671124016 0.002349584021178353 0.059245000000000013 0 1 2 8.9000000000000021 3 0.51225000000000009 4 5 86.207493945776136 8.7500000000000018 0.82238000000000011 6 7 35.050000000000011 8 12.16666666666667 0.035290000000000009 1.5434839881349653 14.583333333333334 9 1.1391407221957215 0.38051753239085118 0.98716666666666686 0.41326361233531828 0.030150000000000003 10 11
decision_type=2 2 2 1 1 1 2 1 2 1 1 2 2 2 1 1 2 1 2 2 2 2 1 2 2 2 2 2 1 1
left_child=27 9 7 4 8 12 -7 15 -4 10 26 -6 -5 14 -11 18 17 -9 -3 -17 -16 -15 -23 25 -25 -12 -2 -1 29 -29
right_child=1 2 3 5 11 6 -8 16 -10 13 23 -13 -14 21 20 19 -18 -19 -20 -21 -22 22 -24 24 -26 -27 -28 28 -30 -31
leaf_value=-0.0020935530355326703 0.065923494748093878 -0.0060981205310560874 0.036174609930505253 0.0075580106957364897 0.0015468392615897184 0.007665875892202253 -0.0069282033489071809 0.0057351266587181201 0.015365097455595026 -0.0062049333619034796 0.052189451851388992 0.028726943289740913 0.047584275241941212 -0.021833817367426685 0.041300429891794922 0.00046055916818518868 0.032270413238169815 -0.00072753095376184749 -0.022314984221006164 -0.024061934000399618 0.0037272752319511618 0.017654764768324401 -0.0070053862410273332 -0.0093899334466155115 0.017082509357482196 0.013132718018293379 0.032950776270861105 0.036045254101234991 -0.0034530445131841026 -0.00069431087606537504
leaf_weight=24803 65 782 337 1515 1423 749 1621 2862 842 104 50 123 53 121 131 1923 86 3547 355 96 56 103 170 105 192 74 61 102 460 179
leaf_count=24803 65 782 337 1515 1423 749 1621 2862 842 104 50 123 53 121 131 1923 86 3547 355 96 56 103 170 105 192 74 61 102 460 179
internal_value=0.000180804 0.00327183 0.00257586 0.00592722 0.0113135 0.00216317 -0.00230371 0.000261411 0.021162 0.0124757 0.0221346 0.00370446 0.00888568 0.00435127 0.0169539 -0.00447422 0.00256624 0.00216622 -0.0110818 -0.000711769 0.0286218 -0.00485837 0.00270682 0.0137759 0.00771339 0.0291969 0.0466927 -0.00194232 0.0031116 0.013487
internal_weight=43090 17546 16314 6663 2725 3938 2370 9651 1179 1232 547 1546 1568 685 291 3156 6495 6409 1137 2019 187 394 273 421 297 124 126 25544 741 281
internal_count=43090 17546 16314 6663 2725 3938 2370 9651 1179 1232 547 1546 1568 685 291 3156 6495 6409 1137 2019 187 394 273 421 297 124 126 25544 741 281
cat_boundaries=0 1 2 3 4 5 6 7 8 9 10 11 12
cat_threshold=7179816 2310325 5808962 7614560 4297546 2960 1163785 2722977 6829450 4444672 205404 4620944
is_linear=0
shrinkage=0.03


Tree=95
num_leaves=31
num_cat=6
split_feature=39 37 0 37 1 3 3 25 24 18 36 20 20 3 22 3 6 13 31 35 24 22 38 38 21 21 3 26 36 38
split_gain=253.971 134.546 114.684 110.559 106.26 181.375 102.377 97.616 122.519 130.898 109.572 93.0933 120.574 89.0786 77.9967 36.8025 28.3981 26.6016 22.4129 20.6743 15.3327 14.2284 20.76 14.1677 13.1303 40.4462 65.1093 9.94792 5.83938 3.52739
threshold=16.657263029366618 0.35928538382566361 4.0500000000000007 0.35639874542812505 0 1 2 34.926666666666669 14.266666666666671 1.354166666666667 0.98280806891928774 49.500000000000007 41.500000000000007 3 28.633333333333336 4 1.8333333333333337 0.0058650000000000013 11.225000000000001 1.4330618197493303 17.833333333333339 -0.36666666666666664 0.24945627422598274 0.34512059500702746 4.166666666666667 2.5833333333333335 5 1.4500000000000004 2.0730602768174995 0.10398713708706588
decision_type=2 2 2 2 1 1 1 2 2 2 2 2 2 1 2 1 2 2 2 2 2 2 2 2 2 2 1 2 2 2
left_child=18 2 15 4 5 -4 7 8 10 -10 -3 12 14 -6 -8 17 19 -2 21 -17 -18 22 -1 -20 25 27 -27 -23 29 -26
right_child=1 6 3 -5 13 -7 11 -9 9 -11 -12 -13 -14 -15 -16 16 20 -19 23 -21 -22 24 -24 -25 28 26 -28 -29 -30 -31
leaf_value=-0.0039650287212509858 -0.0089809901486927017 0.0034419987989589571 0.011461447158681151 -0.033291648955946725 0.0039959063074340257 0.0006603934602877902 0.011416340572245085 0.034687542204733017 -0.018597437416660156 0.0090194009342373215 0.036651743656214403 -0.026918935217734041 0.056345106411233269 -0.0028272367790550508 -0.021868017960740966 -0.015440527176350891 -0.017461263579926611 0.019332619218265307 0.0025430799912534315 0.0049053493248468099 -0.039699669856578114 -0.0022367738613106422 0.022133743879086565 0.022538377902087042 -0.014127534908907753 0.02423798449678511 -0.0015016244214886192 -0.014380423824337204 0.0010438369835630572 -0.0071572375390647593
leaf_weight=56 71 1029 2290 80 2615 3589 2587 76 474 228 97 57 52 4992 64 250 57 50 87 54 61 23117 52 50 97 125 256 60 57 224
leaf_count=56 71 1029 2290 80 2615 3589 2587 76 474 228 97 57 52 4992 64 250 57 50 87 54 61 23117 52 50 97 125 256 60 57 224
internal_value=-4.77043e-05 0.00257022 0.00110954 0.00165122 0.00186118 0.00489 0.00698709 0.00159046 0.000203275 -0.00962353 0.00633552 0.0106626 0.0115053 -0.00047955 0.0106037 -0.0123963 -0.0163578 0.00254797 -0.00208029 -0.0118124 -0.0292196 -0.0021495 0.0086613 0.00997281 -0.00219877 -0.00210936 0.00757181 -0.00226896 -0.00774231 -0.00931018
internal_weight=42954 18773 14109 13566 13486 5879 4664 1904 1828 702 1126 2760 2703 7607 2651 543 422 121 24181 304 118 24044 108 137 23936 23558 381 23177 378 321
internal_count=42954 18773 14109 13566 13486 5879 4664 1904 1828 702 1126 2760 2703 7607 2651 543 422 121 24181 304 118 24044 108 137 23936 23558 381 23177 378 321
cat_boundaries=0 1 2 3 4 5 6
cat_threshold=2 5484864 1218112 535212 6424576 4269320
is_linear=0
shrinkage=0.03


Tree=96
num_leaves=31
num_cat=8
split_feature=20 2 3 32 33 33 35 32 22 3 33 26 0 2 2 36 35 29 19 26 20 3 2 2 22 33 33 23 35 36
split_gain=253.424 107.201 215.864 156.791 237.388 389.784 177.374 133.272 127.947 117.749 123.192 147.55 114.323 109.275 103.953 99.5672 350.737 97.8544 186.065 95.2554 76.5786 73.7647 91.6013 77.5167 72.2856 78.6902 69.7641 69.4004 67.831 104.455
threshold=4.5000000000000009 0 1 0.49659482955294409 0.18987371362142136 0.20520703101957596 0.89286030773177638 0.15977681256764911 13.550000000000002 2 0.2874343898911928 2.0500000000000003 8.6500000000000004 3 4 1.2685784424966779 1.3780183062358982 38.500000000000007 1.0814300000000003 54.550000000000004 20.500000000000004 5 6 7 20.900000000000002 0.23092083745061834 0.2758059122695255 5.3000000000000016 2.2558778480812856 0.97939016581150062
decision_type=2 1 1 2 2 2 2 2 2 1 2 2 2 1 1 2 2 2 2 2 2 1 1 1 2 2 2 2 2 2
left_child=17 2 15 6 8 -6 7 -4 -5 10 12 -12 19 -8 28 24 26 -1 27 -3 -18 22 -16 -23 25 -2 -17 -19 29 -11
right_child=1 9 3 4 5 -7 13 -9 -10 14 11 -13 -14 -15 21 16 20 18 -20 -21 -22 23 -24 -25 -26 -27 -28 -29 -30 -31
leaf_value=-0.0016594387332872233 0.0068534538352722453 0.0022352493717923633 0.012217853682339191 -0.016203584369370028 0.11245998753110567 0.027291546692261876 0.016067154816555945 0.071848964975703325 0.018049666554179541 0.014184349208226355 0.052993455402553076 0.0083454330406080076 0.041625711082986426 -0.0018108814773727033 -0.026868032798943217 -0.0075235037208568117 0.029970327927678824 -0.02363038988176145 0.068940756812691684 0.038086019650293408 0.072577441010035965 0.014610425280681644 -0.0013220808720328192 0.00074454017371247607 -0.029874407245268842 -0.013327281786347194 0.014979064466825757 0.01915267863144331 -0.027824347965580483 -0.010716943306888417
leaf_weight=30611 306 3548 74 151 53 482 443 62 276 180 101 194 69 953 147 603 124 56 50 67 56 491 654 1330 118 400 155 84 155 933
leaf_count=30611 306 3548 74 151 53 482 443 62 276 180 101 194 69 953 147 603 124 56 50 67 56 491 654 1330 118 400 155 84 155 933
internal_value=-7.95129e-05 0.00359413 0.00742338 0.0130907 0.0226318 0.0359285 0.00717197 0.0397505 0.00592012 0.00151065 0.00513314 0.0237692 0.00364791 0.00396979 -0.00219798 -0.000628055 0.00604765 -0.00152583 0.0198797 0.00291088 0.0435702 0.00121744 -0.00631445 0.00455014 -0.00823671 -0.00457883 -0.00290443 0.00197195 -0.00921255 -0.00667797
internal_weight=42926 12125 4256 2494 962 535 1532 136 427 7869 3979 295 3684 1396 3890 1762 938 30801 190 3615 180 2622 801 1821 824 706 758 140 1268 1113
internal_count=42926 12125 4256 2494 962 535 1532 136 427 7869 3979 295 3684 1396 3890 1762 938 30801 190 3615 180 2622 801 1821 824 706 758 140 1268 1113
cat_boundaries=0 1 2 3 4 5 6 7 8
cat_threshold=5016646 5651264 5385035 820224 3154064 2883600 544 66080
is_linear=0
shrinkage=0.03


Tree=97
num_leaves=31
num_cat=3
split_feature=39 10 37 3 35 39 0 38 32 13 3 1 17 12 21 37 31 37 19 25 22 0 35 20 17 15 24 25 28 14
split_gain=284.918 107.446 100.081 117.866 115.92 184.451 164.943 110.584 156.892 136.048 88.891 111.084 148.682 172.99 118.932 106.417 100.259 92.222 84.4715 94.3082 84.465 81.2213 79.4447 71.2382 68.9709 68.8079 77.2113 80.9408 49.2329 119.577
threshold=71.230197990120374 0.54700000000000015 0.34670848061049858 0 2.2467234800934066 82.70897638410726 7.8500000000000005 0.28238683760525629 0.62062006620234433 0.12283000000000001 1 2 1.2006500000000002 0.14675500000000005 18.583333333333339 0.29094240808521027 38.900000000000006 0.28489303895774126 0.76226000000000016 16.620000000000008 6.4500000000000011 5.4500000000000011 2.5775066782979135 40.500000000000007 3.3745000000000007 0.50821333333333341 33.433333333333344 21.245000000000005 14.410000000000002 0.40012000000000009
decision_type=2 2 2 1 2 2 2 2 2 2 1 1 2 2 2 2 2 2 2 2 2 2 2 2 2 2 2 2 2 2
left_child=1 21 10 18 7 6 -6 8 -5 -9 11 12 13 -2 -14 17 24 20 -4 -20 -12 23 -7 28 -13 26 27 -23 -1 -30
right_child=2 -3 3 4 5 22 -8 9 -10 -11 15 16 14 -15 -16 -17 -18 -19 19 -21 -22 25 -24 -25 -26 -27 -28 -29 29 -31
leaf_value=-0.0018503908902717547 0.018078212243594103 0.034196025130840454 -0.040646372108641318 0.017902961705974139 0.0074802909599492162 -0.022442735842589673 0.057349164999014622 -0.0016749759784266763 0.051002927916665226 0.02815861882662048 0.028718030406037969 -0.00077114051934849056 0.011104718924075262 0.070426536944650467 -0.014461853216157148 -0.016402556847041901 0.033425926553648573 0.041268168936319211 0.033350658754868936 -0.014547181911502791 -0.0010790670843776665 0.0039380488530261536 0.016846716018072489 0.032201057922095058 0.029772481797505981 -0.016492274678965906 0.039825764712662658 -0.016202107353888929 0.0018683673764022565 0.041714259001499929
leaf_weight=29748 604 77 58 428 312 231 73 361 185 221 89 1862 580 62 227 355 85 50 54 112 1757 4003 57 55 68 160 51 187 630 75
leaf_count=29748 604 77 58 428 312 231 73 361 185 221 89 1862 580 62 227 355 85 50 54 112 1757 4003 57 55 68 160 51 187 630 75
internal_value=0.00018375 -0.000974015 0.00535606 0.0109726 0.0133988 0.00349935 0.0170678 0.0190759 0.027964 0.00967731 0.00330662 0.00629523 0.0125724 0.0230543 0.00390042 -0.00134572 0.00173229 0.00147196 -0.00939439 0.00112248 0.000370667 -0.00105265 -0.0146249 -0.00160234 0.000318315 0.00275662 0.00348724 0.00303482 -0.00166455 0.00616462
internal_weight=42817 34986 7831 2092 1868 673 385 1195 613 582 5739 3488 1473 666 807 2251 2015 1896 224 166 1846 34909 288 30508 1930 4401 4241 4190 30453 705
internal_count=42817 34986 7831 2092 1868 673 385 1195 613 582 5739 3488 1473 666 807 2251 2015 1896 224 166 1846 34909 288 30508 1930 4401 4241 4190 30453 705
cat_boundaries=0 1 2 3
cat_threshold=72 5482782 2
is_linear=0
shrinkage=0.03


Tree=98
num_leaves=31
num_cat=13
split_feature=39 0 17 2 2 3 3 2 7 19 39 34 3 2 35 22 20 3 28 38 34 27 2 3 28 3 3 36 26 3
split_gain=265.939 125.375 125.606 150.317 117.168 270.647 190.961 132.236 111.17 108.391 105.824 99.9631 92.2853 91.2357 76.12 73.7916 84.8857 139.71 107.615 84.5461 67.9795 66.0311 103.33 113.418 101.706 109.607 92.656 58.4174 53.1019 48.5333
threshold=59.111820637675599 5.0500000000000007 2.3940000000000006 0 1 2 3 4 5.9000000000000012 1.1360800000000004 82.70897638410726 0.32019189252950991 5 6 1.73797406052721 18.225000000000005 21.500000000000004 7 5.4600000000000017 0.29118252724074056 0.15655898808688001 0.43333333333333351 8 9 4.1000000000000032 10 11 1.1495820541811399 27.250000000000004 12
decision_type=2 2 2 1 1 1 1 1 2 2 2 2 1 1 2 2 2 1 2 2 2 2 1 1 2 1 1 2 2 1
left_child=15 13 4 10 5 7 8 -3 -6 -8 11 -4 -7 14 -2 16 28 19 27 -18 -17 22 23 -15 26 -26 -23 -19 -1 -24
right_child=1 2 3 -5 6 12 9 -9 -10 -11 -12 -13 -14 21 -16 20 17 18 -20 -21 -22 24 29 -25 25 -27 -28 -29 -30 -31
leaf_value=-0.001445614839636556 0.039398383452223157 0.0034315352442963365 0.0048065931534842597 0.004447491297523861 -0.016188234725601686 -0.0074458996390781417 0.0028812527374272407 0.039638641189845739 0.017079178960802396 0.019193437088302533 0.071447791663635726 0.058621108025598979 0.011249849927470737 0.00090342814962793131 -0.0030223693668842318 -0.047595004760793279 0.018859322531406698 0.042164090740269632 -0.01794047201562568 0.071140272091745449 -0.0084054937164338549 -0.0012356077011096093 0.0098936062415586369 0.029365842943228776 0.0071051685284175426 -0.0037479958382937617 -0.016293779900272948 0.0028423766038779704 0.015668261257917392 -0.0070354784441879021
leaf_weight=31635 105 134 78 208 584 396 1264 380 106 516 75 51 564 230 59 55 64 57 141 50 141 979 228 289 1861 1507 586 83 163 410
leaf_count=31635 105 134 78 208 584 396 1264 380 106 516 75 51 564 230 59 55 64 57 141 50 141 979 228 289 1861 1507 586 83 163 410
internal_value=5.27769e-05 0.00417477 0.00808186 0.0238282 0.00643057 0.0130892 0.00238942 0.0304748 -0.0108982 0.00757721 0.0412281 0.0263924 0.00353778 0.00145208 0.0228108 -0.0012975 -0.00118535 0.012618 0.000468253 0.0388561 -0.0196036 0.000833944 0.00728248 0.0170386 -0.000677386 0.00225836 -0.00699466 0.0190587 -0.0013573 -0.000915816
internal_weight=42999 10610 4356 412 3944 1474 2470 514 690 1780 204 129 960 6254 164 32389 32193 395 281 114 196 6090 1157 519 4933 3368 1565 140 31798 638
internal_count=42999 10610 4356 412 3944 1474 2470 514 690 1780 204 129 960 6254 164 32389 32193 395 281 114 196 6090 1157 519 4933 3368 1565 140 31798 638
cat_boundaries=0 1 2 3 4 5 6 7 8 9 10 11 12 13
cat_threshold=4596382 5696544 2162885 1671744 147456 4866306 524288 1133060 233412 402493 2599063 7553962 4492040
is_linear=0
shrinkage=0.03


Tree=99
num_leaves=31
num_cat=7
split_feature=39 0 28 13 0 3 4 23 20 22 3 18 3 19 6 3 12 39 34 3 35 19 38 10 22 39 38 33 33 3
split_gain=218.468 149.898 153.748 128.781 99.0264 111.955 90.6224 85.2823 98.6696 83.9887 86.0208 81.9634 80.0834 76.8098 54.2835 58.2933 27.1208 17.8971 24.517 34.0297 38.1755 22.0729 21.1299 12.9792 11.9426 6.75956 5.2856 3.79484 1.78292 2.15487
threshold=16.657263029366618 11.100000000000003 11.945000000000002 0.14401800000000006 5.3500000000000005 0 1 70.500000000000014 43.500000000000007 27.100000000000005 2 1.1802166666666671 3 1.1063333333333338 6.166666666666667 4 0.001076666666666667 1.9943341956928597 0.42446345639906619 5 1.2485729844653395 0.91258000000000028 0.38859063639453384 0.12200000000000003 7.5500000000000007 15.594005443082748 0.21662406757522826 0.2381730413763283 0.19442784470445371 6
decision_type=2 2 2 2 2 1 1 2 2 2 1 2 1 2 2 1 2 2 2 1 2 2 2 2 2 2 2 2 2 1
left_child=17 4 -3 -4 6 7 14 8 -6 10 -8 13 -13 -7 15 -2 -16 28 19 20 -19 23 -22 -21 25 26 -20 -27 29 -1
right_child=1 2 3 -5 5 11 9 -9 -10 -11 -12 12 -14 -15 16 -17 -18 18 24 21 22 -23 -24 -25 -26 27 -28 -29 -30 -31
leaf_value=0.00014916186664125014 0.013897172717180564 0.071741091042757027 -0.0087225066724609824 0.050504850899471959 0.0093259590085932841 -0.0004000705859794834 0.004851950126194938 -0.024154104752327078 0.049200795015222148 -0.032510605476796628 -0.0014507831586064396 0.019174867744137025 -0.0031543470293713301 -0.024230498967606286 -0.029312563519709955 0.0026070244035084865 0.001548830929047921 0.025767403944753686 -0.0025494702691503859 -0.00096959831038748471 0.0026080861161782479 0.019069606090731481 0.020776123371576107 0.011864393937711912 -0.012562636982434644 -0.0038204984551295637 0.00031480388138835157 -0.014756137344962521 -0.0026082727789039487 -0.0021201203903494577
leaf_weight=453 843 53 93 50 3043 1919 2519 66 56 71 8474 365 236 129 51 829 50 77 3321 4619 837 50 61 71 103 59 700 58 11503 2323
leaf_count=453 843 53 93 50 3043 1919 2519 66 56 71 8474 365 236 129 51 829 50 77 3321 4619 837 50 61 71 103 59 700 58 11503 2323
internal_value=0.00012175 0.00254427 0.0285779 0.0121724 0.002269 0.00551692 0.000797445 0.00931182 0.0100631 -0.000214467 -2.86168e-06 0.000941175 0.0106771 -0.00191367 0.00707165 0.00840471 -0.0141398 -0.00176209 -0.000785199 0.000496815 0.0055675 -0.000557095 0.00386729 -0.000772182 -0.00251321 -0.00225936 -0.00205014 -0.00934612 -0.00244291 -0.00175591
internal_weight=43082 18847 196 143 18651 5814 12837 3165 3099 11064 10993 2649 601 2048 1773 1672 101 24235 9956 5715 975 4740 898 4690 4241 4138 4021 117 14279 2776
internal_count=43082 18847 196 143 18651 5814 12837 3165 3099 11064 10993 2649 601 2048 1773 1672 101 24235 9956 5715 975 4740 898 4690 4241 4138 4021 117 14279 2776
cat_boundaries=0 1 2 3 4 5 6 7
cat_threshold=1259679 6 99073 6816064 4383352 2490660 4261024
is_linear=0
shrinkage=0.03


Tree=100
num_leaves=21
num_cat=4
split_feature=14 38 26 20 34 23 11 28 3 3 10 3 6 10 3 27 20 23 25 35
split_gain=237.204 139.667 105.463 93.3121 83.9371 185.333 76.1381 68.4227 95.0027 68.2897 67.1287 66.7885 56.1629 50.2898 51.5358 42.436 23.501 22.2124 18.767 14.5761
threshold=0.059245000000000013 0.063205443369156081 48.850000000000001 57.500000000000007 0.038837365746655729 1.3 0.71405500000000011 19.850000000000005 0 1 0.37100000000000005 2 3.1666666666666674 0.27675000000000011 3 9.5416666666666696 24.500000000000004 10.300000000000002 11.690000000000003 1.0191790923859629
decision_type=2 2 2 2 2 2 2 2 1 1 2 1 2 2 1 2 2 2 2 2
left_child=2 9 4 6 5 -1 7 11 -9 12 13 -3 18 14 -6 -15 17 -11 -2 -19
right_child=1 3 -4 -5 10 -7 -8 8 -10 16 -12 -13 -14 15 -16 -17 -18 19 -20 -21
leaf_value=-0.0018176300435635603 0.0061583894629250553 0.001162155994246399 0.031850708312947645 -0.033289788918675116 0.00020060976437417046 0.067847082966390776 -0.022964293010109528 -0.004167031438850605 0.016113737207257131 -0.0074327415351701136 0.023925172070041301 0.0083847765951679341 0.029525293052899384 -0.0035054236241316393 -0.0021099222354597795 -0.040770367131761791 -0.0032562469424385772 -0.024070246608731777 -0.014353325529746254 -0.044029824793338779
leaf_weight=105 67 2036 87 52 15079 50 76 251 1214 50 95 2688 52 58 20489 52 56 113 97 51
leaf_count=105 67 2036 87 52 15079 50 76 251 1214 50 95 2688 52 58 20489 52 56 113 97 51
internal_value=2.01899e-05 0.00515743 -0.000950234 0.00635033 -0.00103063 0.0209265 0.00668509 0.00705331 0.012718 -0.0103229 -0.00112643 0.00529364 0.00254178 -0.00119389 -0.00113085 -0.0213572 -0.0199546 -0.0252029 -0.00596882 -0.0305246
internal_weight=42818 6803 36015 6317 35928 155 6265 6189 1465 486 35773 4724 216 35678 35568 110 270 214 164 164
internal_count=42818 6803 36015 6317 35928 155 6265 6189 1465 486 35773 4724 216 35678 35568 110 270 214 164 164
cat_boundaries=0 1 2 3 4
cat_threshold=150564 993350 858397 115597
is_linear=0
shrinkage=0.03


Tree=101
num_leaves=31
num_cat=5
split_feature=39 2 0 17 17 19 19 8 10 27 2 17 14 32 10 33 18 23 6 2 36 17 17 19 36 1 25 21 5 2
split_gain=210.697 137.225 224.924 135.307 118.637 132.939 110.895 101.687 84.6722 79.181 200.837 153.086 259.588 196.576 116.115 111.107 85.6596 76.1883 96.7157 117.331 62.7649 170.359 259.581 157.567 95.9819 73.5359 58.9995 54.369 88.8251 78.2574
threshold=72.511101486736052 0 10.550000000000002 2.5250000000000004 1.2782500000000001 0.38606000000000007 1.4322000000000001 0.31940000000000007 0.71107000000000009 12.516666666666667 1 1.0423500000000001 0.0051500000000000009 0.53949673828794908 0.54100000000000015 0.27026726286001351 0.10333333333333337 59.500000000000007 3.4166666666666674 2 0.90736538585959337 1.1217500000000002 0.52010000000000012 1.2520600000000004 0.93307114079363629 3 13.160000000000005 18.416666666666668 3.5000000000000004 4
decision_type=2 1 2 2 2 2 2 2 2 2 1 2 2 2 2 2 2 2 2 1 2 2 2 2 2 1 2 2 2 1
left_child=9 2 3 4 5 -2 -5 -6 20 14 11 12 16 -14 17 26 -11 18 -1 -20 21 22 -3 -23 -22 -26 -13 28 -12 -29
right_child=1 8 -4 6 7 -7 -8 -9 -10 10 27 15 13 -15 -16 -17 -18 -19 19 -21 24 23 -24 -25 25 -27 -28 29 -30 -31
leaf_value=-0.0013929527147875675 0.0007172225239258259 0.01922684195368405 0.065328345164656645 0.055289202624108899 -0.0062023979602076063 0.017322610078810686 0.01586840733014161 0.025790017634332182 -0.036782841021159911 0.020756416235938668 3.4657006448732333e-05 0.0032154897606891135 0.025851083858603876 0.084709675483021524 0.040178554219007491 0.030723114655691792 -0.022883518237374063 0.033060302111663317 0.00076699665868944374 -0.022039044562591519 -0.039635618749675763 0.050998368418250555 -0.025549874718262724 0.0054263312207977112 0.0052631481498103417 -0.0036040240775031132 -0.035939986030544553 0.029780753528824803 -0.019820006316860341 -0.0013871904274905629
leaf_weight=32221 749 248 62 85 843 1032 261 99 52 99 1037 68 111 96 59 65 67 56 375 442 54 135 218 138 1507 1904 69 104 251 201
leaf_count=32221 749 248 62 85 843 1032 261 99 52 99 1037 68 111 96 59 65 67 56 375 442 54 135 218 138 1507 1904 69 104 251 201
internal_value=-0.000189197 0.00441801 0.00917137 0.00804487 0.00579271 0.0103452 0.0256928 -0.00281317 0.000895433 -0.00115293 0.00439998 0.0194053 0.0311089 0.0534383 -0.00151626 -0.0012818 0.00309319 -0.0015919 -0.00165173 -0.0118394 0.00137296 0.00930419 -0.00172364 0.0280768 -0.000319907 0.00031306 -0.0166009 -0.00113776 -0.00384458 0.0102212
internal_weight=42708 7387 3131 3069 2723 1781 346 942 4256 35321 2168 575 373 207 33153 202 166 33094 33038 817 4204 739 466 273 3465 3411 137 1593 1288 305
internal_count=42708 7387 3131 3069 2723 1781 346 942 4256 35321 2168 575 373 207 33153 202 166 33094 33038 817 4204 739 466 273 3465 3411 137 1593 1288 305
cat_boundaries=0 1 2 3 4 5
cat_threshold=1871480 4852004 6838413 2 2130065
is_linear=0
shrinkage=0.03


Tree=102
num_leaves=28
num_cat=4
split_feature=39 34 1 3 35 35 3 22 34 17 17 11 17 32 15 3 20 35 11 29 39 39 37 28 25 33 37
split_gain=142.599 130.412 89.0676 181.303 348.987 166.197 118.598 153.567 116.064 114.518 102.879 91.5629 86.5529 75.9286 75.8805 63.002 20.6091 50.2846 20.1285 20.0318 16.8999 15.5028 17.7694 8.26804 12.0502 3.4387 2.81304
threshold=21.091333872805503 0.038837365746655729 0 1 2.2086997841994491 2.3592230721081244 2 22.900000000000002 0.10177896000078389 2.7350000000000008 1.41415 0.20927000000000004 1.4421000000000002 0.76171926623294206 0.22000000000000006 3 5.5000000000000009 1.304351700845878 0.00014500000000000003 3.5000000000000004 16.14311742129901 1.4588905348119294 0.22667199255085271 3.6800000000000019 0.60000000000000087 0.23645247405227945 0.51433653026333659
decision_type=2 2 1 1 2 2 1 2 2 2 2 2 2 2 2 1 2 2 2 2 2 2 2 2 2 2 2
left_child=16 -2 5 4 12 6 7 -3 -8 13 11 -7 -4 -5 -12 -11 18 -18 19 21 -21 26 -23 24 -20 -26 -1
right_child=1 2 3 9 -6 10 8 -9 -10 15 14 -13 -14 -15 -16 -17 17 -19 23 20 -22 22 -24 -25 25 -27 -28
leaf_value=-0.0023827405710099489 0.03823529940609182 0.0085346878256208486 0.0082824155782330114 -0.0040836899232152982 0.081175707992565418 -0.0096510839748017319 0.031171798936842434 0.039251252271283059 0.0017779717133295969 -0.0036002293817352419 -0.0050484302172867151 -0.044411595898789243 -0.0070672944509645209 0.023822797224679022 0.039457069576026939 0.023736123186146669 -0.0090187285923145032 0.031394239567752391 -0.014890461787204198 -0.00093409421952991649 0.022224525058121117 -0.0019778578595251385 0.00026170293751876645 -0.01744900098978 -0.004965722216895836 0.0058428215446797282 0.00045044622798637708
leaf_weight=11728 88 2725 1689 6182 55 613 123 154 4876 118 77 76 410 88 61 209 54 55 78 54 58 6093 6683 85 50 54 322
leaf_count=11728 88 2725 1689 6182 55 613 123 154 4876 118 77 76 410 88 61 209 54 55 78 54 58 6093 6683 85 50 54 322
internal_value=-6.81462e-05 0.00201036 0.00182539 -0.000311614 0.00722331 0.00397382 0.0053173 0.0101566 0.00250289 -0.00277977 -0.00881147 -0.0135485 0.00528077 -0.00368781 0.014745 0.0144955 -0.00150881 0.0114459 -0.0015654 -0.00147731 0.0111228 -0.00153472 -0.000806202 -0.00974574 -0.00605597 0.000620032 -0.00230675
internal_weight=42858 17544 17456 8751 2154 8705 7878 2879 4999 6597 827 689 2099 6270 138 327 25314 109 25205 24938 112 24826 12776 267 182 104 12050
internal_count=42858 17544 17456 8751 2154 8705 7878 2879 4999 6597 827 689 2099 6270 138 327 25314 109 25205 24938 112 24826 12776 267 182 104 12050
cat_boundaries=0 1 2 3 4
cat_threshold=2 2729 6377858 270660
is_linear=0
shrinkage=0.03


Tree=103
num_leaves=31
num_cat=0
split_feature=39 20 20 18 32 0 14 38 27 18 36 38 19 39 34 20 22 31 19 39 0 26 37 35 39 0 39 38 37 38
split_gain=174.961 134.355 162.509 240.215 86.513 78.3949 110.474 71.3442 86.6863 59.1827 58.6034 54.2832 41.6033 13.8401 22.5621 20.4929 17.64 13.4031 13.0629 10.6342 9.33208 8.23798 3.6702 4.11977 1.13946 0.891495 1.72051 0.736111 2.34938 0.87982
threshold=20.366532454004062 51.500000000000007 40.500000000000007 0.6040000000000002 0.51100691840816226 11.100000000000003 0.49080500000000005 0.002349584021178353 12.516666666666667 1.2277500000000006 0.90736538585959337 0.39070142570006683 1.2710000000000004 1.4588905348119294 0.37333534173711352 4.5000000000000009 10.900000000000002 11.225000000000001 0.23200000000000004 13.415977099579463 6.4500000000000011 0.25000000000000006 0.53397768805729695 2.4565351805770059 0.82328262188406509 3.8500000000000001 0.92477312098249431 0.00073530868154686468 0.096887994243834069 0.21496391387715177
decision_type=2 2 2 2 2 2 2 2 2 2 2 2 2 2 2 2 2 2 2 2 2 2 2 2 2 2 2 2 2 2
left_child=13 2 5 -4 12 7 11 10 -9 -3 -2 -7 -5 22 15 16 18 19 -15 20 -16 -21 25 -24 -25 26 -1 28 -27 -29
right_child=1 9 3 4 -6 6 -8 8 -10 -11 -12 -13 -14 14 17 -17 -18 -19 -20 21 -22 -23 23 24 -26 27 -28 29 -30 -31
leaf_value=0.004454298419110915 0.027718839555595287 -0.044894716344483485 0.075616979091682218 0.011277019048539491 0.032237764312919366 0.017992326084110468 -0.010358725682646036 0.00011434273307481205 0.0050059195317056207 -0.0028505280403529898 0.0067382467177144962 0.060754819201403548 -0.02553848522522692 -0.0001346586628651559 -0.0019236651955041922 0.016219506743785046 -0.014636364654336176 0.0090521835711406297 0.0039015989403706048 -0.0064444663285820958 0.0058097242210060351 0.00031858332346284098 0.0088573286069764025 0.0024163522853663097 -0.0030288109907816193 -0.0028069556750155785 -0.0022719541146205024 -0.0026271868213102166 0.0049168881252408033 -0.0020926246304486594
leaf_weight=50 135 76 65 51 82 53 59 11466 4556 50 1029 56 58 5432 5480 72 70 95 831 801 143 202 53 56 86 110 103 6474 51 5062
leaf_count=50 135 76 65 51 82 53 59 11466 4556 50 1029 56 58 5432 5480 72 70 95 831 801 143 202 53 56 86 110 103 6474 51 5062
internal_value=7.46087e-05 0.00235678 0.00257853 0.026261 0.00914255 0.00222751 0.0225626 0.00202725 0.00150572 -0.028388 0.00919584 0.0403419 -0.00833969 -0.00153337 -0.000859025 0.000414669 0.000231978 -0.00207316 0.000400947 -0.00223446 -0.00172546 -0.00508047 -0.00226785 0.00179858 -0.000858563 -0.00233516 -3.97014e-05 -0.00236492 -0.000326506 -0.00239308
internal_weight=42907 17736 17610 256 191 17354 168 17186 16022 126 1164 109 109 25171 13126 6405 6333 6721 6263 6626 5623 1003 12045 195 142 11850 153 11697 161 11536
internal_count=42907 17736 17610 256 191 17354 168 17186 16022 126 1164 109 109 25171 13126 6405 6333 6721 6263 6626 5623 1003 12045 195 142 11850 153 11697 161 11536
is_linear=0
shrinkage=0.03


Tree=104
num_leaves=31
num_cat=0
split_feature=31 30 12 9 21 39 30 25 14 34 7 25 16 25 9 31 25 27 28 17 17 30 35 39 18 8 33 27 24 23
split_gain=156.738 129.296 115.572 104.184 125.467 120.09 88.662 78.3464 125.036 74.4533 64.6942 138.61 116.012 98.8732 95.3284 64.5216 62.0754 59.1633 58.0662 57.9486 79.7115 57.2526 66.704 56.7555 69.5116 61.059 55.2847 49.3942 31.7413 9.80613
threshold=30.900000000000002 39.833333333333336 0.13 0.29395000000000004 9.8333333333333339 84.689773014867356 26.416666666666668 40.980000000000011 0.5011500000000001 0.46333248875351579 1.9000000000000001 12.020000000000003 0.27401500000000006 10.290000000000003 1.0000000180025095e-35 29.900000000000002 26.335000000000004 38.183333333333337 12.345000000000002 1.6450000000000002 0.55125000000000013 2.8333333333333335 1.5806364021408152 86.657536924762425 0.47000000000000025 0.063950000000000021 0.23458575315362512 14.583333333333337 22.433333333333334 13.900000000000002
decision_type=2 2 2 2 2 2 2 2 2 2 2 2 2 2 2 2 2 2 2 2 2 2 2 2 2 2 2 2 2 2
left_child=2 3 15 4 6 16 -2 9 -9 19 14 12 13 -12 -4 17 -5 23 -6 20 -3 -13 -23 25 -25 -1 29 -28 -20 -16
right_child=1 7 10 5 18 -7 -8 8 -10 -11 11 21 -14 -15 26 -17 -18 -19 28 -21 -22 22 -24 24 -26 -27 27 -29 -30 -31
leaf_value=-0.0012461419886108161 0.0038236570237920832 -0.0024452035088165132 0.026344616062291288 0.033271817115748802 0.021972928056822102 -0.00064547439734890762 0.055670010907575493 0.057772799775004387 -0.0081577896082176346 0.02024068346847506 0.028504317532262107 -0.016698850966237008 0.0026271041572093964 0.08165280287871686 -0.019960383700458582 -0.02892112404424442 0.072313579632811362 0.026669946804642675 -0.033107630375569512 0.015546055172383784 -0.034970061978711407 0.0004087675851104515 0.014609988413345883 0.030102250139862299 0.0036905578292636414 0.0033740606037012556 -0.019440148681285789 0.016439139428585769 -0.0029229685997962953 -0.037725618756604649
leaf_weight=36234 51 152 68 81 50 52 71 50 52 84 88 93 79 50 73 72 72 70 54 59 122 587 604 99 879 2770 63 74 74 52
leaf_count=36234 51 152 68 81 50 52 71 50 52 84 88 93 79 50 73 72 72 70 54 59 122 587 604 99 879 2770 63 74 74 52
internal_value=-0.000121842 0.0114686 -0.00040507 0.0222599 0.0109221 0.0387037 0.0342282 0.000940072 0.0243791 -0.00483065 0.00696347 0.00960722 0.0317309 0.0482315 -0.00504526 -0.000741562 0.0520142 -0.000690109 -0.005137 -0.0112056 -0.0170125 0.00584413 0.00761946 -0.000738752 0.00639522 -0.000917868 -0.0132729 -5.96671e-05 -0.0158383 -0.0276153
internal_weight=42979 1024 41955 505 300 205 122 519 102 417 1831 1501 217 138 330 40124 153 40052 178 333 274 1284 1191 39982 978 39004 262 137 128 125
internal_count=42979 1024 41955 505 300 205 122 519 102 417 1831 1501 217 138 330 40124 153 40052 178 333 274 1284 1191 39982 978 39004 262 137 128 125
is_linear=0
shrinkage=0.03


Tree=105
num_leaves=30
num_cat=4
split_feature=0 2 13 14 36 2 13 27 17 1 39 2 27 9 26 29 22 39 36 33 38 23 33 12 15 16 24 0 0
split_gain=171.807 164.787 143.415 113.605 108.852 78.8559 80.8983 89.7236 102.289 84.6035 73.7077 132.858 91.3533 79.5391 76.262 68.8389 107.936 168.583 100.923 83.6352 69.8453 57.1213 55.2305 50.5762 46.2719 84.4608 79.6665 24.5576 15.4224
threshold=8.9500000000000011 0 0.14632600000000007 0.059245000000000013 0.83653932127100861 1 0.30450000000000005 18.516666666666669 0.42080000000000006 2 86.657536924762425 3 3.5000000000000013 0.028150000000000005 48.850000000000001 48.500000000000007 22.900000000000002 81.814504529394341 0.69899366165907983 0.2270527759061369 0.29820580402240204 9.1000000000000014 0.18429130236953059 0.00047000000000000009 0.38000000000000017 0.38809500000000002 21.566666666666674 10.250000000000002 4.9500000000000011
decision_type=2 1 2 2 2 1 2 2 2 1 2 1 2 2 2 2 2 2 2 2 2 2 2 2 2 2 2 2 2
left_child=3 21 4 10 -3 6 7 9 -9 -5 14 12 23 22 24 16 18 -18 -7 -17 -21 -2 -13 -12 25 -1 -26 -6 -14
right_child=1 2 -4 5 27 15 -8 8 -10 -11 11 13 28 -15 -16 19 17 -19 -20 20 -22 -23 -24 -25 26 -27 -28 -29 -30
leaf_value=-0.0011642828445756353 0.0095092884920099201 0.043970268340760406 0.064116431259683207 0.010831880655393523 -0.010974522887925867 0.033032041111892022 -0.020427429839810159 0.042061682307817892 0.011902395297520855 -0.00093941635114399311 -0.0057236879643894007 -0.012621412910321459 -0.017316730400513517 0.054337127416975634 0.029536453979829812 -0.038323116579249999 0.046118270591151811 -0.0048697981193661678 -0.00089301510157434403 0.021968806669581679 -0.021391342639497345 -0.033887878974110393 0.019793878052798249 0.02296136304614849 -0.0065719384035468091 -0.035135595700957561 0.03705454243748988 0.014062401777505873 -0.041035744934397593
leaf_weight=34905 50 88 83 1074 70 80 93 121 608 1123 154 55 54 52 72 88 118 114 3073 63 69 58 309 85 74 65 75 69 50
leaf_count=34905 50 88 83 1074 70 80 93 121 608 1123 154 55 54 52 72 88 118 114 3073 63 69 58 309 85 74 65 75 69 50
internal_value=-4.02629e-05 0.0190761 0.0296178 -0.000228466 0.0180637 0.00338138 0.00694662 0.00784812 0.0169631 0.00481591 -0.00089376 0.00834925 -0.00553881 0.0194594 -0.00109343 0.000373442 0.001434 0.0211375 -2.10948e-05 -0.0158468 -0.000664589 -0.0127009 0.0148666 0.00451877 -0.00115715 -0.00122852 0.0154683 0.00144412 -0.0290309
internal_weight=42992 418 310 42574 227 6624 3019 2926 729 2197 35950 759 343 416 35191 3605 3385 232 3153 220 132 108 364 239 35119 34970 149 139 104
internal_count=42992 418 310 42574 227 6624 3019 2926 729 2197 35950 759 343 416 35191 3605 3385 232 3153 220 132 108 364 239 35119 34970 149 139 104
cat_boundaries=0 1 2 3 4
cat_threshold=2109516 7179444 2 7737363
is_linear=0
shrinkage=0.03


Tree=106
num_leaves=31
num_cat=5
split_feature=21 3 20 20 2 15 35 20 11 0 23 30 33 24 30 32 32 38 0 24 14 3 25 39 39 18 2 13 2 9
split_gain=152.478 143.138 157.135 119.199 110.346 160.065 131.238 153.762 84.1295 80.8253 186.122 76.951 60.9792 100.657 128.252 94.7611 160.171 107.449 58.9791 67.7547 73.9296 49.4259 64.1 57.4674 45.2687 28.9471 35.4968 25.6452 56.2621 80.1822
threshold=8.5833333333333339 0 51.500000000000007 44.500000000000007 1 0.84500000000000008 2.0980076246512436 21.500000000000004 0.056500000000000009 8.6500000000000004 10.500000000000002 34.166666666666679 0.18660801413899997 13.400000000000004 2.1666666666666674 0.50712873198113739 0.6031621175593701 0.082105957420161482 4.5500000000000007 16.900000000000002 0.84385500000000013 2 11.090000000000003 8.1788506348415009 79.55910245969099 1.3233500000000002 3 0.0079859999999999914 4 0.040000000000000029
decision_type=2 1 2 2 1 2 2 2 2 2 2 2 2 2 2 2 2 2 2 2 2 1 2 2 2 2 1 2 1 2
left_child=18 4 3 9 12 6 8 -8 -6 11 -11 -3 13 14 -2 17 -17 -14 25 20 21 22 -20 -23 -15 27 -27 -1 29 -29
right_child=1 2 -4 -5 5 -7 7 -9 -10 10 -12 -13 15 24 -16 16 -18 -19 19 -21 -22 23 -24 -25 -26 26 -28 28 -30 -31
leaf_value=-0.0021004317549444301 -0.0068934467014966196 0.00020169240344663418 -0.0443904526611449 0.03808687550485134 0.0031706705374938866 0.053309486183204823 0.037940189388580618 -0.0059818300217137493 -0.0090879556334793037 0.065795981490612027 -1.5274807867658044e-05 -0.015614504124803391 0.021349294742296396 0.0033198455607189848 0.060550512158476261 0.043156201978976072 0.00074540933690244143 0.0040819033983656586 -0.0012387973283134075 0.035197512210291972 -0.035497634733314902 -0.0011188857179620993 -0.017544100299757375 0.0039340035537209495 -0.020662112453952431 0.0026580228740349411 -0.019961457875279479 0.0055644588257744909 -0.0023002805529269699 0.041486810052848384
leaf_weight=18623 50 5332 70 74 1889 55 183 117 686 54 130 291 539 152 50 230 123 815 3173 50 50 3357 232 5103 131 101 160 299 713 68
leaf_count=18623 50 5332 70 74 1889 55 183 117 686 54 130 291 539 152 50 230 123 815 3173 50 50 3357 232 5103 131 101 160 299 713 68
internal_value=7.48391e-05 0.0031259 -2.67088e-05 0.000508243 0.00684946 0.00306345 0.00209363 0.0208377 -9.62182e-05 2.23775e-05 0.0195339 -0.000618921 0.0121119 0.00133867 0.0270645 0.014596 0.0284308 0.0109686 -0.000973496 0.000691786 0.000543793 0.000698906 -0.00234857 0.00192645 -0.00780445 -0.00197168 -0.0118806 -0.00183967 0.00265173 0.0119972
internal_weight=42900 10971 5951 5881 5020 2930 2875 300 2575 5807 184 5623 2090 383 100 1707 353 1354 31929 11965 11915 11865 3405 8460 283 19964 261 19703 1080 367
internal_count=42900 10971 5951 5881 5020 2930 2875 300 2575 5807 184 5623 2090 383 100 1707 353 1354 31929 11965 11915 11865 3405 8460 283 19964 261 19703 1080 367
cat_boundaries=0 1 2 3 4 5
cat_threshold=229835 838771 262505 5251908 4752707
is_linear=0
shrinkage=0.03


Tree=107
num_leaves=31
num_cat=4
split_feature=39 3 36 23 21 24 7 22 9 31 30 39 19 29 24 9 20 29 17 3 26 26 3 7 22 4 18 19 6 27
split_gain=116.19 107.582 86.5235 93.3534 120.524 83.6488 110.521 79.5345 75.9184 98.6711 82.57 75.2981 70.314 68.6737 58.0687 167.908 75.9165 58.2164 49.392 96.3147 77.4558 72.6235 132.035 82.363 37.1602 27.7755 33.6318 65.8991 30.5659 8.49346
threshold=72.511101486736052 0 2.262399357179842 9.1000000000000014 4.8333333333333348 15.966666666666667 4.6333333333333337 5.1000000000000005 0.59833333333333349 34.900000000000006 34.166666666666679 80.580370426781059 0.65065000000000017 31.500000000000004 33.083333333333343 0.14356666666666676 43.500000000000007 39.500000000000007 1.2782500000000001 1 2.2500000000000004 21.750000000000004 2 4.6333333333333337 17.450000000000003 3 1.3909166666666672 0.66633333333333356 1.4166666666666667 6.2666666666666684
decision_type=2 1 2 2 2 2 2 2 2 2 2 2 2 2 2 2 2 2 2 1 2 2 1 2 2 1 2 2 2 2
left_child=14 7 3 4 -3 12 -7 -2 9 10 -9 -6 -5 -11 16 -16 18 -17 21 24 -21 23 -23 -1 -20 28 27 -27 -4 -30
right_child=1 2 25 5 11 6 -8 8 -10 13 -12 -13 -14 -15 15 17 -18 -19 19 20 -22 22 -24 -25 -26 26 -28 -29 29 -31
leaf_value=-0.00083501856319514133 0.033096111930136021 -0.015912417444444143 0.00040851575108069295 0.01008053937341395 0.030181737151287621 0.011708264394963237 -0.0018726869314546731 -0.0022181054706168607 -0.033243968240490987 0.049917659578415069 -0.04044919963868765 0.011330343722792652 -0.0072953799776340651 0.007128883894194255 0.056277702288041187 0.013959830965950257 0.032470433924041808 -0.024488297765453654 -0.015239846541196582 -0.0096988443202655102 0.0062936853426287815 0.026066963207702645 -0.00049533171629223929 -0.018475451932678695 0.011246581880485308 -0.010647939820587635 -0.012946764848864121 0.035513935901833549 -0.018284860653946033 -0.036352704903427159
leaf_weight=32293 57 95 52 292 345 1851 760 2323 69 51 51 431 735 98 61 80 60 62 766 447 695 243 507 239 50 59 102 51 51 52
leaf_count=32293 57 95 52 292 345 1851 760 2323 69 51 51 431 735 98 61 80 60 62 766 447 695 243 507 239 50 59 102 51 51 52
internal_value=-0.000156893 0.00322894 0.00586562 0.00701836 0.0158372 0.00490239 0.00775482 -0.00163957 -0.00242338 -0.00156647 -0.00305736 0.0197434 -0.00234708 0.0220299 -0.000874688 0.0150843 -0.000966974 -0.00286025 -0.00102491 -0.00565445 2.80336e-05 -0.000752299 0.00847061 -0.000965272 -0.013437 -0.00811012 -0.000563536 0.0108545 -0.0172039 -0.0276972
internal_weight=43028 7525 4876 4509 871 3638 2611 2649 2592 2523 2374 776 1027 149 35503 203 35300 142 35240 1958 1142 33282 750 32532 816 367 212 110 155 103
internal_count=43028 7525 4876 4509 871 3638 2611 2649 2592 2523 2374 776 1027 149 35503 203 35300 142 35240 1958 1142 33282 750 32532 816 367 212 110 155 103
cat_boundaries=0 1 2 3 4
cat_threshold=3951728 4702229 5350272 1
is_linear=0
shrinkage=0.03


Tree=108
num_leaves=31
num_cat=10
split_feature=14 2 3 9 2 17 31 17 39 23 8 16 3 17 20 23 14 11 3 2 11 3 9 39 3 2 2 10 15 25
split_gain=148.61 122.898 201.05 174.427 111.553 158.073 82.5516 133.015 117.276 65.0162 63.6211 194.08 118.575 150.086 94.2617 144.564 120.137 104.103 88.5599 83.0591 63.1233 62.9059 61.5305 53.8028 220.837 202.553 86.2509 78.7 111.961 49.7536
threshold=0.059245000000000013 0 1 0.3507333333333334 2 1.1515500000000001 15.450000000000001 0.26085000000000008 71.230197990120374 24.300000000000004 0.16015000000000004 0.56300000000000017 3 2.2650000000000001 22.500000000000004 37.900000000000006 0.82010500000000019 0.069120000000000015 4 5 0.14895000000000003 6 0.1801166666666667 85.179687132839248 7 8 9 0.040000000000000042 0.019786666666666671 10.780000000000003
decision_type=2 1 1 2 1 2 2 2 2 2 2 2 1 2 2 2 2 2 1 1 2 1 2 2 1 1 1 2 2 2
left_child=23 2 3 4 9 -6 21 -8 -9 -2 11 12 19 -14 16 17 18 -16 -12 -3 -17 29 -23 -1 25 -25 -26 28 -27 -4
right_child=1 10 6 -5 5 -7 7 8 -10 -11 14 -13 13 -15 15 20 -18 -19 -20 -21 -22 22 -24 24 26 27 -28 -29 -30 -31
leaf_value=-0.00099857907248102583 -0.0053078335449636832 -0.0010240189347315476 0.017303665496515377 0.062879592134193932 0.046984947248190939 0.00044292902134358879 0.059619554084890031 -0.0089025761447301711 0.020200380406149153 0.023930603873203782 -0.01391852505099595 0.055362035033293067 -0.008430341906742498 0.022547891310312682 0.01037403005315941 0.0056708665429485638 -0.03803119958153902 0.060086018873112539 0.0052310587744635855 0.013819094114069619 -0.018543040280101324 -0.0028188196134299641 -0.028611273772937734 -0.0016638847094142385 0.0090457103814687717 0.031968341798559848 -0.021156878944110023 0.063446382042818841 -0.015920977637923966 -0.0014706907126713882
leaf_weight=35015 207 544 244 87 195 99 50 204 317 101 487 63 1072 161 97 252 116 62 380 905 156 592 96 351 116 291 281 55 51 263
leaf_count=35015 207 544 244 87 195 99 50 204 317 101 487 63 1072 161 97 252 116 62 380 905 156 592 96 351 116 291 281 55 51 263
internal_value=-2.62999e-05 0.00405957 0.00939587 0.0230423 0.0175676 0.0303487 0.00396037 0.0133554 0.00880401 0.00418148 0.000983034 0.00372911 0.00249495 -0.0043328 -0.00387117 0.00586012 -0.00948753 0.0300317 -0.00562567 0.00827874 -0.00360276 -0.0005006 -0.00636603 -0.000789185 0.00560692 0.0150916 -0.0123186 0.0295585 0.0247926 0.00742883
internal_weight=42910 6750 2455 689 602 294 1766 571 521 308 4295 2745 2682 1233 1550 567 983 159 867 1449 408 1195 688 36160 1145 748 397 397 342 507
internal_count=42910 6750 2455 689 602 294 1766 571 521 308 4295 2745 2682 1233 1550 567 983 159 867 1449 408 1195 688 36160 1145 748 397 397 342 507
cat_boundaries=0 1 2 3 4 5 6 7 8 9 10
cat_threshold=4033584 204933 3211296 5534570 2193272 4198474 6819376 1086383 4104235 49554
is_linear=0
shrinkage=0.03


Tree=109
num_leaves=31
num_cat=8
split_feature=14 38 2 3 31 39 12 0 2 34 3 26 17 0 19 30 20 2 3 5 18 21 36 32 2 3 19 24 6 34
split_gain=133.17 142.298 81.0267 310.912 197.289 88.4014 84.2972 88.4272 194.022 82.7315 78.678 107.255 74.2743 73.7961 63.4981 58.5975 56.1402 133.394 142.646 102.767 102.001 92.4517 88.4336 155.125 86.6091 72.8571 59.6933 50.9693 44.94 43.7896
threshold=0.059245000000000013 0.063205443369156081 0 1 13.900000000000002 64.866407918129525 0.3576983333333334 7.8500000000000005 2 0.17018166255042402 3 5.5500000000000007 1.2913000000000003 6.7500000000000009 1.4430000000000003 8.8333333333333339 19.500000000000004 4 5 2.5000000000000004 1.2565666666666668 20.416666666666668 1.0193183610482655 0.60501323493541059 6 7 0.33337666666666671 24.63333333333334 6.166666666666667 0.13677507926856733
decision_type=2 2 1 1 2 2 2 2 1 2 1 2 2 2 2 2 2 1 1 2 2 2 2 2 1 1 2 2 2 2
left_child=16 15 3 4 5 -3 7 12 -9 -8 11 -5 -4 -11 -12 -2 28 18 20 -19 21 -18 23 -20 -24 29 -27 -17 -1 -21
right_child=1 2 6 10 -6 -7 9 8 -10 13 14 -13 -14 -15 -16 27 17 19 22 25 -22 -23 24 -25 -26 26 -28 -29 -30 -31
leaf_value=-0.00089976895067798198 -0.018509138669671587 -0.007476329545764362 0.00031534376550820565 -0.013795081791707445 0.083932514791935683 0.043320917450928989 0.013763215342350303 -0.0021165356593181007 0.040387812363373347 -0.011259044740045831 0.0030116411273030598 0.030262503689251884 0.0079712459666576845 -0.05714142394942396 -0.021921993279014715 0.017661233628817656 0.027827293720970984 0.029305156855591732 0.057345624801942281 -0.009962671552752626 0.0032760994130203243 0.073185652253260985 -0.022544684383616172 0.0032699593384995268 0.0054449378646095276 -0.024587678471276703 -0.0045418705317101446 -0.017376673465654736 -0.017695721187163144 0.023272861910923835
leaf_weight=34222 341 50 2921 69 79 78 59 208 174 85 325 172 1871 50 127 93 114 71 69 57 78 64 128 151 341 243 298 61 143 92
leaf_count=34222 341 50 2921 69 79 78 59 208 174 85 325 172 1871 50 127 93 114 71 69 57 78 64 128 151 341 243 298 61 143 92
internal_value=1.78192e-05 0.00388069 0.00510438 0.0133932 0.0447507 0.0235509 0.00368008 0.00441639 0.0182904 -0.0156754 0.00346951 0.0169316 0.0033062 -0.0285698 -0.00393352 -0.0115873 -0.000706441 0.00460355 0.0120525 -0.0047421 0.0307941 0.0444704 0.00471019 0.0204264 -0.00258318 -0.00835582 -0.0133341 0.00374066 -0.000970261 0.00989713
internal_weight=42834 6763 6268 900 207 128 5368 5174 382 194 693 241 4792 135 452 495 36071 1706 945 761 256 178 689 220 469 690 541 154 34365 149
internal_count=42834 6763 6268 900 207 128 5368 5174 382 194 693 241 4792 135 452 495 36071 1706 945 761 256 178 689 220 469 690 541 154 34365 149
cat_boundaries=0 1 2 3 4 5 6 7 8
cat_threshold=2361376 131745 225371 4522050 7478744 133660 6293632 607360
is_linear=0
shrinkage=0.03


Tree=110
num_leaves=31
num_cat=4
split_feature=20 27 2 34 32 36 21 27 20 20 24 10 38 26 14 2 29 19 0 2 18 9 8 25 34 5 32 31 31 2
split_gain=104.467 92.362 119.658 79.1077 271.027 120.771 79.8983 85.9692 76.7864 104.131 115.507 89.4208 83.3768 77.9302 72.6779 95.2575 103.078 83.835 71.0028 90.3339 64.4936 92.6886 59.5864 55.6097 54.9594 53.9568 53.2423 47.5353 75.2852 42.7968
threshold=7.5000000000000009 1.4333333333333342 0 0.35356127005809629 0.40163344966097553 1.093948175193997 14.583333333333334 0.46666666666666673 50.500000000000007 43.500000000000007 31.283333333333339 0.68815999999999999 0.43267227325098878 27.050000000000004 0.059245000000000013 1 39.500000000000007 1.5267500000000005 4.9500000000000011 2 0.56005000000000027 0.025066666666666671 0.36055000000000004 15.000000000000004 0.15655898808688001 1.5000000000000002 0.29433625977243666 34.45000000000001 25.900000000000002 3
decision_type=2 2 1 2 2 2 2 2 2 2 2 2 2 2 2 1 2 2 2 1 2 2 2 2 2 2 2 2 2 1
left_child=14 2 3 4 -2 -6 -5 -8 9 11 -11 12 -3 -10 -1 16 17 22 24 23 21 -17 -16 -20 -4 -19 -23 28 -22 -26
right_child=1 8 18 6 5 -7 7 -9 13 10 -12 -13 -14 -15 15 20 -18 25 19 -21 27 26 -24 -25 29 -27 -28 -29 -30 -31
leaf_value=-0.0012751727477145613 0.083553472393003175 0.0011909324393594982 0.024245279250144958 -0.0035996282858391979 0.031228735968814755 -0.0066566436518698405 0.033304835348672977 -0.0084705695685359725 0.0025436392432451249 0.054263305402866432 -0.0016589995119720695 0.033123052504445825 -0.017195158997444868 -0.039729903711611968 0.007613593122970364 -0.016969884057469822 0.046471115934460058 0.0072731899275887213 0.011198740657920448 0.0019179915576590643 -0.0080465330822806613 0.0012881469504338586 -0.017882145492299908 0.051741503234162836 0.0043276109207082631 0.044461893118661028 0.028702536719728191 -0.030199314751045803 0.023146489522030834 -0.0072917238463940121
leaf_weight=30548 63 7227 74 233 183 128 157 61 74 69 63 76 228 82 729 93 68 60 51 216 586 107 92 78 496 86 158 70 78 645
leaf_count=30548 63 7227 74 233 183 128 157 61 74 69 63 76 228 82 729 93 68 60 51 216 586 107 92 78 496 86 158 70 78 645
internal_value=-7.41386e-05 0.00257542 0.0077422 0.0168977 0.0272928 0.0156551 0.00860326 0.0216164 0.000998247 0.00142394 0.0277388 0.000958689 0.000625988 -0.0197695 -0.000901709 0.00445865 0.0109171 0.00848113 0.00276475 0.0147725 -0.00174818 0.00865642 0.00473465 0.033378 -0.00062901 0.0293527 0.0176911 -0.00685564 -0.00434848 -0.00226469
internal_weight=42879 10204 2385 825 374 311 451 218 7819 7663 132 7531 7455 156 32675 2127 1035 967 1560 345 1092 358 821 129 1215 146 265 734 664 1141
internal_count=42879 10204 2385 825 374 311 451 218 7819 7663 132 7531 7455 156 32675 2127 1035 967 1560 345 1092 358 821 129 1215 146 265 734 664 1141
cat_boundaries=0 1 2 3 4
cat_threshold=2656080 5322412 4456582 88069
is_linear=0
shrinkage=0.03


Tree=111
num_leaves=29
num_cat=6
split_feature=39 20 2 3 3 13 24 32 2 34 21 18 16 26 35 34 16 2 31 31 39 9 0 3 18 14 36 21
split_gain=138.128 131.879 107.808 250.781 155.439 150.705 150.425 130.733 124.981 120.173 91.0255 80.2856 162.806 78.0291 74.6723 74.3927 56.4912 97.2234 66.0419 49.1447 43.4807 42.6407 39.1284 39.8043 28.1662 26.2396 25.9592 24.6111
threshold=58.201312415578698 51.500000000000007 0 1 2 0.11000000000000006 14.73333333333334 0.60501323493541059 3 0.17269501440694965 28.166666666666668 0.61333333333333362 0.25800000000000012 45.45000000000001 2.2467234800934066 0.38913044298466137 0.32775000000000004 4 26.450000000000003 37.100000000000009 42.593988341565968 0.33678333333333338 4.6500000000000012 5 0.79435000000000022 0.31990500000000005 0.98847448017991957 9.1666666666666696
decision_type=2 2 1 1 1 2 2 2 1 2 2 2 2 2 2 2 2 1 2 2 2 2 2 1 2 2 2 2
left_child=16 2 3 10 8 7 -7 -5 9 -4 14 12 -6 -10 -2 -13 18 24 21 -3 27 22 25 -24 -18 -1 -22 -19
right_child=1 19 4 5 11 6 -8 -9 13 -11 -12 15 -14 -15 -16 -17 17 20 -20 -21 26 -23 23 -25 -26 -27 -28 -29
leaf_value=-0.0015278639568236897 0.022613634049807093 -0.012027500961508069 0.03220551155082723 0.00098185183216458589 0.0016684776650796008 0.068426887867205285 0.009693438005729995 -0.025054587426823829 0.00041377394532908621 0.0090337186184705886 0.05784190511649305 -0.010054231070407914 0.050608245241642001 0.02531309206420634 0.003213592090536939 -0.00053629659021840791 0.024978894661150629 0.0034678374982692979 0.024283736008837035 -0.049719929025453684 -0.048841875043511389 0.024712743219114462 0.0028247369930164616 -0.00082308516386940436 -0.0038840026807039981 -0.018235252462853402 -0.022781414099260357 -0.024294008845244259
leaf_weight=20318 763 83 234 956 1045 50 173 211 2361 1430 54 1368 64 118 234 1608 61 65 94 50 59 58 4409 6878 59 84 91 50
leaf_count=20318 763 83 234 956 1045 50 173 211 2361 1430 54 1368 64 118 234 1608 61 65 94 50 59 58 4409 6878 59 84 91 50
internal_value=0.00015434 0.00309012 0.00346153 0.00898442 0.00180869 0.000576366 0.0231225 -0.00374053 0.00589652 0.0122379 0.0199805 -0.00234116 0.00453853 0.00160345 0.0180712 -0.00491439 -0.00082969 -0.012238 -0.000691274 -0.0264853 -0.0218823 -0.00076608 -0.000813587 0.000603482 0.0100202 -0.00159769 -0.0333073 -0.00868204
internal_weight=43028 10802 10669 2441 8228 1390 223 1167 4143 1664 1051 4085 1109 2479 997 2976 32226 385 31841 133 265 31747 31689 11287 120 20402 150 115
internal_count=43028 10802 10669 2441 8228 1390 223 1167 4143 1664 1051 4085 1109 2479 997 2976 32226 385 31841 133 265 31747 31689 11287 120 20402 150 115
cat_boundaries=0 1 2 3 4 5 6
cat_threshold=790176 1131429 6864011 5308740 6295565 4812425
is_linear=0
shrinkage=0.03


Tree=112
num_leaves=31
num_cat=6
split_feature=39 2 15 19 28 37 2 39 1 18 2 9 10 18 34 13 10 13 2 7 16 2 22 33 38 17 17 7 17 5
split_gain=148.691 99.0996 147.925 177.281 114.154 101.758 136.93 203.539 88.8862 143.841 102.661 88.4469 137.842 124.835 78.145 70.1029 66.1149 71.54 124.559 137.749 69.1294 93.3023 66.0976 62.5358 67.6417 59.1147 56.741 48.3564 43.7346 28.9259
threshold=71.230197990120374 0 0.65833333333333355 1.3108000000000002 0.5800000000000004 0.46407064557658301 1 77.702799787247372 2 2.0683333333333342 3 0.55166666666666686 0.32070000000000004 1.1235166666666669 0.09148350915777316 0.26856300000000005 0.54700000000000015 0.16019500000000006 4 3.1000000000000005 0.36016300000000007 5 18.550000000000004 0.18090847716640815 0.0021052147386392832 1.3450000000000004 2.8747000000000003 2.3666666666666671 1.2826500000000003 2.5000000000000004
decision_type=2 1 2 2 2 2 1 2 1 2 1 2 2 2 2 2 2 2 1 2 2 1 2 2 2 2 2 2 2 2
left_child=15 4 5 -4 23 8 22 -8 9 -3 -10 12 14 -14 -6 16 17 20 -19 -20 26 -22 -7 29 28 -13 -1 -26 -25 -2
right_child=1 2 3 -5 11 6 7 -9 10 -11 -12 25 13 -15 -16 -17 -18 18 19 -21 21 -23 -24 24 27 -27 -28 -29 -30 -31
leaf_value=-0.00067032544107022184 0.0064555121780140324 0.016187561797702761 0.06124400173742469 -0.00073544360002553134 0.02000419553088454 -0.01313070540765131 0.045410135544739758 -0.012497422877500983 0.024388346818871188 -0.0079348445958457876 0.00077127706973234068 -0.044530423631891608 0.059289972134300921 0.0064099677274003621 -0.0038162148577535098 -0.025138599755980498 0.027815838494529465 -0.013822204910218716 0.0025967893908853115 0.049286805807857915 0.007600262742698192 -0.025480461786575287 -0.056090953381224114 0.021755667338245795 0.018943731439973865 -0.0024403942469156015 -0.016657672204966865 0.059937661488266555 0 -0.022439455533027647
leaf_weight=33931 71 1419 95 73 129 65 76 187 172 263 1778 71 60 119 2655 105 72 103 114 113 114 215 65 170 56 52 200 50 162 54
leaf_count=33931 71 1419 95 73 129 65 76 187 172 263 1778 71 60 119 2655 105 72 103 114 113 114 215 65 170 56 52 200 50 162 54
internal_value=5.95461e-05 0.0037928 0.00693027 0.0344497 0.000166414 0.00578983 -0.00869179 0.00417542 0.0073596 0.0124115 0.00299635 -0.00209976 -0.00105953 0.0243827 -0.0027046 -0.000777704 -0.000703527 -0.000763434 0.0131166 0.0248753 -0.000896817 -0.0145623 -0.0324229 0.0125781 0.0179121 -0.0269236 -0.000764581 0.038688 0.0111736 -0.00608233
internal_weight=42809 7842 4193 168 3649 4025 393 263 3632 1682 1950 3086 2963 179 2784 34967 34862 34790 330 227 34460 329 130 563 438 123 34131 106 332 125
internal_count=42809 7842 4193 168 3649 4025 393 263 3632 1682 1950 3086 2963 179 2784 34967 34862 34790 330 227 34460 329 130 563 438 123 34131 106 332 125
cat_boundaries=0 1 2 3 4 5 6
cat_threshold=4255895 2164008 2 264192 4268554 3178519
is_linear=0
shrinkage=0.03


Tree=113
num_leaves=23
num_cat=0
split_feature=23 20 20 19 36 13 12 27 36 18 18 19 11 15 14 0 17 10 38 5 6 35
split_gain=91.7364 90.8151 106.566 159.806 89.88 73.8127 73.5212 88.816 77.4652 65.856 64.9856 86.7092 53.807 36.9688 36.8815 34.8459 25.0722 16.8419 13.6763 12.9585 11.1551 10.7053
threshold=1.0000000180025095e-35 51.500000000000007 43.500000000000007 0.81420000000000015 2.5587135167589561 0.16019500000000006 0.3376683333333334 29.783333333333335 0.59562523147306623 0.65041666666666698 1.4275500000000003 1.6307400000000001 0.044125000000000004 0.42728666666666665 0.20885000000000001 5.2500000000000009 1.5718500000000002 0.0039166666666666673 0.041208262944353265 1.0000000180025095e-35 2.8333333333333335 0.61774962918288123
decision_type=2 2 2 2 2 2 2 2 2 2 2 2 2 2 2 2 2 2 2 2 2 2
left_child=5 2 4 -4 6 10 8 -8 -2 -7 11 13 -3 14 -1 17 -5 -12 21 -19 -20 -6
right_child=1 12 3 16 18 9 7 -9 -10 -11 15 -13 -14 -15 -16 -17 -18 19 20 -21 -22 -23
leaf_value=-0.00094777695639436822 0.032542183129818408 0.0010393261118368667 0.063255981052105198 -0.010805555263866803 -0.029592686939174717 -0.0013011436436106178 -0.047787034962123096 -0.0041188311013263031 0.0023682197362626441 0.045598786688570321 0.0033855564420792596 0.036773649375513202 -0.037272321026240077 -0.024072699297580026 0.016865754829347133 -0.033272210405093351 0.018264380681164125 -0.022272540168677839 -0.0030819575464352965 -0.0034404704441715565 -0.01910951387718067 -0.01226292821853908
leaf_weight=26808 76 54 63 55 68 50 54 178 14679 57 66 54 83 61 104 72 50 84 119 55 58 66
leaf_count=26808 76 54 63 55 68 50 54 178 14679 57 66 54 83 61 104 72 50 84 119 55 58 66
internal_value=0.000139728 0.00197602 0.00219225 0.0258861 0.00193018 -0.000905461 0.00226199 -0.0144573 0.00252604 0.023846 -0.00100344 -0.000854854 -0.0222515 -0.000931658 -0.000878202 -0.0154348 0.00305068 -0.00902427 -0.0140058 -0.0149202 -0.00842863 -0.0212334
internal_weight=43014 15603 15466 168 15298 27411 14987 232 14755 107 27304 27027 137 26973 26912 277 105 205 311 139 177 134
internal_count=43014 15603 15466 168 15298 27411 14987 232 14755 107 27304 27027 137 26973 26912 277 105 205 311 139 177 134
is_linear=0
shrinkage=0.03


Tree=114
num_leaves=19
num_cat=3
split_feature=7 29 36 7 1 3 0 19 23 3 25 16 25 24 18 38 16 18
split_gain=91.7867 96.0495 94.6497 76.5041 70.1825 111.657 86.2582 63.8268 59.9818 117.018 57.8117 56.0867 89.3929 51.738 38.1651 29.8529 30.0196 8.97717
threshold=9.9000000000000021 1.5000000000000002 0.59562523147306623 8.7750000000000021 0 1 9.4500000000000011 2.0950000000000006 31.900000000000002 2 29.126666666666676 0.21049100000000007 28.500000000000004 33.433333333333344 2.3616666666666672 0.088066699335515877 0.0033396666666666674 2.3616666666666672
decision_type=2 2 2 2 1 1 2 2 2 1 2 2 2 2 2 2 2 2
left_child=1 7 -3 4 6 -6 -4 8 11 10 -10 14 -13 -11 -1 16 17 -9
right_child=-2 2 3 -5 5 -7 -8 15 9 13 -12 12 -14 -15 -16 -17 -18 -19
leaf_value=-0.00085993594350365307 -0.035869269631337374 0.040148098048567775 0.0040950303575135565 0.033177483226793508 -0.0046097375675846807 0.0040502384252520066 0.031328590114400763 -0.01841299347667133 0.060635251119932426 -0.0090678661870613186 0.016183666105540291 0.013262689097924359 -0.027518376092116038 0.021532520145299317 -0.025874755263908512 0.00093626149492217342 -0.032784185172691938 -0.00062423606118503601
leaf_weight=31028 63 59 4958 71 2655 2683 106 50 55 177 52 465 53 68 54 76 99 52
leaf_count=31028 63 59 4958 71 2655 2683 106 50 55 177 52 465 53 68 54 76 99 52
internal_value=3.07784e-05 8.45778e-05 0.00257171 0.00235593 0.00214209 -0.00025758 0.00467175 -0.000728146 -0.000603501 0.011694 0.0360704 -0.000740946 0.00903935 -0.000489595 -0.000904323 -0.0150413 -0.0210721 -0.00946745
internal_weight=42824 42761 10532 10473 10402 5338 5064 32229 31952 352 107 31600 518 245 31082 277 201 102
internal_count=42824 42761 10532 10473 10402 5338 5064 32229 31952 352 107 31600 518 245 31082 277 201 102
cat_boundaries=0 1 2 3
cat_threshold=2 7557568 69740
is_linear=0
shrinkage=0.03


Tree=115
num_leaves=31
num_cat=7
split_feature=14 38 3 2 18 35 3 2 36 39 17 28 28 38 39 25 10 16 3 6 17 39 3 22 2 30 6 20 31 39
split_gain=101.38 131.908 95.7091 172.857 155.991 263.365 152.414 115.836 101.893 92.8941 130.191 100.244 85.0529 177.948 73.2803 58.6662 55.1761 54.0686 53.0169 51.3643 46.3014 46.0167 117.083 117.981 100.731 40.6134 60.0773 40.1244 39.8238 37.1576
threshold=0.059245000000000013 0.063205443369156081 0 1 1.3233500000000002 1.558876633118621 2 3 0.71728040636872958 83.019575584404336 2.2150000000000003 35.050000000000011 15.670000000000003 0.14798366697127244 82.70897638410726 33.580000000000005 0.37100000000000005 0.32219600000000009 4 3.1666666666666674 0.76990000000000014 80.580370426781059 5 21.100000000000005 6 31.833333333333339 3.1666666666666674 2.5000000000000004 27.675000000000004 39.999768200964162
decision_type=2 2 1 1 2 2 1 1 2 2 2 2 2 2 2 2 2 2 1 2 2 2 1 2 1 2 2 2 2 2
left_child=16 18 3 8 6 -6 -5 12 -3 11 -11 -9 14 -14 -4 -10 17 21 19 -2 29 25 23 -23 -24 28 -27 -18 -1 -19
right_child=1 2 7 4 5 -7 -8 9 15 10 -12 -13 13 -15 -16 -17 27 20 -20 -21 -22 22 24 -25 -26 26 -28 -29 -30 -31
leaf_value=-0.00099965944914240422 -0.0091650202870817796 -0.037430176688022301 0.0064288204736917169 -0.0019258540898126199 0.0086714302767613508 0.048454019548738521 0.019714108866448303 -0.0025666617704518725 0.00072058092955373289 -0.028604518178079661 0.013451348954707048 0.032301752652399818 0.071203335617932503 0.01139708968456519 -0.020123975360748964 0.027118706978950653 0.0032454110368572435 -0.012406672160202062 -0.020910666979268137 0.023841142872838596 0.0019184148697555063 0.013186461438506917 -0.014059051631180019 -0.0060042277064785597 0.0043601863989330119 0.010653835377955841 -0.025638109754058808 0.039998671373900244 0.020740166838427908 -0.046387721821123905
leaf_weight=33000 165 60 658 648 332 273 525 1523 1440 260 88 77 52 294 108 79 57 64 255 56 74 1157 508 383 545 58 135 50 75 54
leaf_count=33000 165 60 658 648 332 273 525 1523 1440 260 88 77 52 294 108 79 57 64 255 56 74 1157 508 383 545 58 135 50 75 54
internal_value=-0.000115382 0.00321858 0.00434973 0.00783617 0.014234 0.0266782 0.00791706 0.000495387 0.000581518 -0.00390897 -0.017953 -0.000867618 0.00817631 0.0205733 0.00265982 0.0021124 -0.000751072 -0.000815268 -0.0120014 -0.000687277 -0.0166522 -0.000729931 0.00311832 0.00835674 -0.00457649 -0.00103005 -0.0147176 0.0206589 -0.000949647 -0.0282417
internal_weight=43053 6893 6417 3357 1778 605 1173 3060 1579 1948 348 1600 1112 346 766 1519 36160 36053 476 221 192 35861 2593 1540 1053 33268 193 107 33075 118
internal_count=43053 6893 6417 3357 1778 605 1173 3060 1579 1948 348 1600 1112 346 766 1519 36160 36053 476 221 192 35861 2593 1540 1053 33268 193 107 33075 118
cat_boundaries=0 1 2 3 4 5 6 7
cat_threshold=7746017 5378899 5247296 6557233 467526 5347677 5645966
is_linear=0
shrinkage=0.03


Tree=116
num_leaves=31
num_cat=2
split_feature=39 30 2 31 14 31 24 31 2 14 33 28 13 22 24 35 32 35 35 39 27 23 20 20 16 18 32 17 23 28
split_gain=97.7256 78.5005 98.6212 88.0199 130.827 81.7413 98.2186 93.6901 72.7213 170.821 93.852 139.869 112.506 109.636 88.2346 79.9121 90.8189 179.43 80.5572 86.2537 78.5 79.3784 103.171 142.34 77.0237 70.3116 68.2636 110.948 69.463 63.9155
threshold=73.750083440511872 33.833333333333336 0 31.100000000000005 0.029980000000000003 29.550000000000004 37.300000000000011 27.675000000000004 1 0.19773000000000002 0.24276047026308484 23.310000000000006 0.10200000000000005 14.100000000000001 29.833333333333336 1.6186049045143409 0.48752954318734393 1.7860714095027486 1.558876633118621 87.088078827489525 0.90000000000000069 41.900000000000006 41.500000000000007 50.500000000000007 0.21049100000000007 2.0483333333333342 0.62507827891121581 1.0750000000000004 29.300000000000004 17.945000000000004
decision_type=2 2 1 2 2 2 2 2 1 2 2 2 2 2 2 2 2 2 2 2 2 2 2 2 2 2 2 2 2 2
left_child=1 3 -3 5 -5 6 7 -1 9 15 11 12 -11 24 -13 18 -17 -18 19 -2 25 26 -23 -24 -12 -10 28 -28 -22 -15
right_child=8 2 -4 4 -6 -7 -8 -9 20 10 13 14 -14 29 -16 16 17 -19 -20 -21 21 22 23 -25 -26 -27 27 -29 -30 -31
leaf_value=-0.00064260812983750796 0.0023732044897991299 0.0079523422040400048 -0.025632774176235822 -0.0079136072705732648 0.050948748547328664 -0.036476795253098798 0.041080507536144825 0.038542174662514167 0.012362606930327225 0.036188428070670679 0.0078217854292465822 0.089104219471032808 -0.016325552386045456 0.013464103509313784 0.035587322987785393 -0.023836275352396557 0.047318710465262183 -0.0051228809194306009 0.037938045156708393 0.027667516696411119 -0.00256163083443395 -0.022109981991260231 0.041331732877995818 -0.023866305552030863 0.059958978502189411 -0.0097668427722891419 0.00093117060251920688 0.032834260639028258 0.011363344498275594 -0.024469983642784562
leaf_weight=35225 838 115 228 63 72 56 50 54 804 94 52 51 59 77 65 168 66 474 76 141 2651 308 63 56 50 153 288 148 366 81
leaf_count=35225 838 115 228 63 72 56 50 54 804 94 52 51 59 77 65 168 66 474 76 141 2651 308 63 56 50 153 288 148 366 81
internal_value=1.28215e-05 -0.000624839 -0.0148873 -0.000486613 0.0236014 -0.000579262 -0.000521245 -0.000581454 0.00322068 0.0076081 0.0225767 0.0349761 0.0159439 0.00965182 0.0597024 0.00314784 -0.00464224 0.00135672 0.00837797 0.00604378 0.0011219 -0.000773723 -0.0129606 0.0106821 0.0337424 0.00881504 0.00073576 0.0118179 -0.000868157 -0.00599584
internal_weight=42992 35863 343 35520 135 35385 35329 35279 7129 2292 529 269 153 260 116 1763 708 540 1055 979 4837 3880 427 119 102 957 3453 436 3017 158
internal_count=42992 35863 343 35520 135 35385 35329 35279 7129 2292 529 269 153 260 116 1763 708 540 1055 979 4837 3880 427 119 102 957 3453 436 3017 158
cat_boundaries=0 1 2
cat_threshold=361228 887864
is_linear=0
shrinkage=0.03


Tree=117
num_leaves=31
num_cat=7
split_feature=14 2 3 36 30 12 3 18 2 12 18 25 16 36 3 35 33 32 27 14 25 25 17 12 39 2 14 27 17 3
split_gain=96.415 107.672 126.251 111.814 143.405 138.251 111.384 111.353 92.2964 138.687 97.2448 89.8945 81.0564 110.995 102.653 83.8129 80.2793 73.3911 112.405 71.6488 62.9587 72.5891 61.3208 60.0939 52.1639 101.252 114.25 93.2676 97.4406 76.4657
threshold=0.059245000000000013 0 1 1.7172170721213453 8.1666666666666696 0.023333333333333345 2 1.4601833333333336 3 0.25012833333333334 1.1302500000000004 32.380000000000003 0.35505800000000004 1.3486777315821434 4 0.99470577832957652 0.24424532250534306 0.56228955194691366 34.483333333333341 0.33982000000000007 32.380000000000003 27.580000000000005 0.87760000000000005 0.033378333333333364 86.657536924762425 5 0.000135 3.4333333333333349 1.1422000000000001 6
decision_type=2 1 1 2 2 2 1 2 1 2 2 2 2 2 1 2 2 2 2 2 2 2 2 2 2 1 2 2 2 1
left_child=24 6 8 4 7 -6 20 -4 9 10 -3 19 13 14 -8 -15 -5 18 -14 -10 21 23 -19 -2 -1 26 29 28 -27 -26
right_child=1 2 3 16 5 -7 12 -9 11 -11 -12 -13 17 15 -16 -17 -18 22 -20 -21 -22 -23 -24 -25 25 27 -28 -29 -30 -31
leaf_value=-0.00085310084479346161 0.0015541170507401101 -0.007204478421007637 -0.002324982597073397 0.0073603741933491061 0.043642664269711556 0.016493455761260711 0.029771422526355135 0.030957375458416505 -0.010535309121973676 0.049900868669617925 0.016101649205768481 -0.044616433229711316 -0.0090696103511341292 0.0069821870319267858 0.0057068086742139172 -0.0094382529250714321 -0.016152397448885376 -0.0024224531989958556 0.034406041761545034 0.010031130396929157 -0.039702386795513092 0.026367383661515569 -0.044244643809674661 -0.017131572212047246 0.029231742475847047 0.0247806476419342 0.053719539025929616 -0.023364357748054971 -0.007837848612024443 -0.0033773002783005885
leaf_weight=35230 235 347 488 450 216 777 247 110 517 63 299 53 302 610 464 515 183 53 64 215 61 50 78 451 101 144 70 133 190 154
leaf_count=35230 235 347 488 450 216 777 247 110 517 63 299 53 302 610 464 515 183 53 64 215 61 50 78 451 101 144 70 133 190 154
internal_value=-6.13639e-05 0.0032013 0.00664236 0.0111643 0.0154552 0.02244 -0.000904365 0.00383364 -0.000119509 0.00766249 0.0035863 -0.00716062 0.00240909 0.00532974 0.0145994 -0.000533768 0.000543356 -0.00831494 -0.0013861 -0.00448508 -0.0105081 -0.00817634 -0.0274935 -0.0107332 -0.000681772 0.00692702 0.0194369 -0.00216456 0.00624825 0.0106004
internal_weight=42870 6848 3718 2224 1591 993 3130 598 1494 709 646 785 2333 1836 711 1125 633 497 366 732 797 736 131 686 36022 792 325 467 334 255
internal_count=42870 6848 3718 2224 1591 993 3130 598 1494 709 646 785 2333 1836 711 1125 633 497 366 732 797 736 131 686 36022 792 325 467 334 255
cat_boundaries=0 1 2 3 4 5 6 7
cat_threshold=152517 3983682 68753 107538 7344384 118220 70092
is_linear=0
shrinkage=0.03


Tree=118
num_leaves=31
num_cat=6
split_feature=7 37 0 0 3 30 2 26 24 0 5 14 26 2 3 8 19 31 11 30 2 20 9 20 20 12 20 3 31 24
split_gain=102.633 90.0393 80.9616 68.1618 96.3171 87.5846 86.804 78.3825 76.3493 72.2982 67.3091 62.7557 60.6541 59.4935 189.086 124.049 114.091 71.8663 187.333 106.629 49.2549 64.2093 44.5877 57.1555 55.4731 43.5598 41.0088 164.289 40.8987 40.1479
threshold=2.2250000000000005 0.53664278589566716 12.050000000000002 6.0500000000000007 0 23.833333333333339 1 12.850000000000003 10.966666666666667 7.7500000000000009 4.5000000000000009 0.49080500000000005 14.150000000000002 2 3 0.23040000000000002 1.4322000000000001 38.900000000000006 0.075420000000000015 37.166666666666679 4 -1.4999999999999998 0.16666666666666671 24.500000000000004 25.500000000000004 0.016333333333333335 3.5000000000000004 5 11.633333333333335 29.56666666666667
decision_type=2 2 2 2 1 2 1 2 2 2 2 2 2 1 1 2 2 2 2 2 1 2 2 2 2 2 2 1 2 2
left_child=3 2 13 20 5 8 12 9 28 -8 -3 -4 25 14 16 -16 -2 19 -19 -15 21 -1 23 29 -25 -6 -23 -28 -5 -22
right_child=1 10 11 4 6 -7 7 -9 -10 -11 -12 -13 -14 17 15 -17 -18 18 -20 -21 22 26 -24 24 -26 -27 27 -29 -30 -31
leaf_value=0.031465893916404024 0.012667267660845151 -0.00091042653674601893 0.050521013423575664 0.0017358601790169873 0.0017738685461130286 -0.035085575396195057 0.027003835163785069 0.051469630267471075 0.034228381508361487 -0.0019617975180968644 -0.03775452140974532 0.0058122466865338776 -0.024866380007494065 0.0015298072663103303 0.0046842837282907472 -0.018549066171418004 0.03894774363665425 0.033549699267203158 -0.019154835969706376 -0.022462784448292021 -0.001771429608833054 -0.00024162515442967923 -0.013395359371204315 0.040688108399229234 0.0049112403361213121 0.031925977887378797 0.015176365131209874 -0.0030963597058990288 -0.017203058461635567 0.022209938779029818
leaf_weight=60 598 97 57 674 216 63 220 71 58 119 82 56 62 5413 1388 242 198 186 89 171 21486 8844 289 52 150 53 762 1033 120 62
leaf_count=60 598 97 57 674 216 63 220 71 58 119 82 56 62 5413 1388 242 198 186 89 171 21486 8844 289 52 150 53 762 1033 120 62
internal_value=0.000135723 0.00307154 0.00352143 -0.000596376 0.00533961 -0.0012234 0.0132761 0.0224186 0.00130083 0.0168513 -0.0179214 0.0286361 0.00158582 0.00317511 0.00711545 0.00121636 0.0190103 0.00152737 0.0164741 0.00079065 -0.000896884 0.00077292 -0.00170721 -0.00155195 0.014291 0.00782197 0.000597327 0.00473036 -0.00114071 -0.00170126
internal_weight=42971 8577 8398 34394 1656 915 741 410 852 339 179 113 331 8285 2426 1630 796 5859 275 5584 32738 10699 22039 21750 202 269 10639 1795 794 21548
internal_count=42971 8577 8398 34394 1656 915 741 410 852 339 179 113 331 8285 2426 1630 796 5859 275 5584 32738 10699 22039 21750 202 269 10639 1795 794 21548
cat_boundaries=0 1 2 3 4 5 6
cat_threshold=4245456 717009 404556 430339 5013984 7406638
is_linear=0
shrinkage=0.03


Tree=119
num_leaves=20
num_cat=5
split_feature=6 0 9 31 34 14 2 3 9 3 34 19 2 34 0 3 31 28 33
split_gain=112.711 117.88 136.645 127.405 72.5238 67.8343 122.374 124.398 134.709 114.652 109.895 102.082 94.9718 43.3931 82.0771 38.5246 61.1721 51.811 19.6668
threshold=11.41666666666667 11.100000000000003 0.48500000000000004 35.100000000000009 0.18768520888905293 0.059245000000000013 0 1 0.36038333333333344 2 0.11811810787623887 2.2730000000000001 3 0.04711721058610268 5.9500000000000011 4 37.733333333333341 19.245000000000005 0.084028811322136757
decision_type=2 2 2 2 2 2 1 1 2 1 2 2 1 2 2 1 2 2 2
left_child=1 5 3 4 -3 13 9 8 -8 12 -11 -9 -7 14 18 16 -15 -17 -1
right_child=-2 2 -4 -5 -6 6 7 11 -10 10 -12 -13 -14 15 -16 17 -18 -19 -20
leaf_value=-0.0061890712273922161 -0.04388524009034319 0.041468454047253259 -0.014598985199385612 0.075711518465596081 -0.0071270060288823305 0.013862521950114708 0.011510299943632471 0.0021120116383780189 0.047239669565939238 -0.044487502191322185 -0.0059931592277118135 0.038270932932005959 -0.003431972279032964 3.6724572504729431e-05 0.045096056366196048 -0.0015790437266026455 0.023224428925120718 -0.013542018128996603 0.011646415990896714
leaf_weight=105 52 56 66 50 53 537 805 2957 107 69 1469 71 593 17501 51 17808 102 331 116
leaf_count=105 52 56 66 50 53 537 805 2957 107 69 1469 71 593 17501 51 17808 102 331 116
internal_value=-0.000163261 -0.000109106 0.0215 0.0365008 0.0179622 -0.000223752 0.00256994 0.00592028 0.015582 -0.00239019 -0.00769985 0.00296342 0.00483852 -0.00073649 0.011178 -0.000827554 0.000172469 -0.00179725 0.00316932
internal_weight=42899 42847 225 159 109 42622 6608 3940 912 2668 1538 3028 1130 36014 272 35742 17603 18139 221
internal_count=42899 42847 225 159 109 42622 6608 3940 912 2668 1538 3028 1130 36014 272 35742 17603 18139 221
cat_boundaries=0 1 2 3 4 5
cat_threshold=4346634 139395 5306920 17154 117661
is_linear=0
shrinkage=0.03


Tree=120
num_leaves=26
num_cat=1
split_feature=14 38 20 7 11 20 23 32 19 24 3 11 17 20 21 20 22 29 24 24 29 13 36 23 0
split_gain=86.9513 74.281 79.7895 124.036 85.5152 81.2171 82.8927 78.2058 65.8421 68.308 59.7009 48.3641 58.7649 45.1442 78.225 49.7986 61.1376 46.6835 39.5627 41.302 30.1818 28.2651 18.7034 16.9785 7.86923
threshold=0.059245000000000013 0.063205443369156081 50.500000000000007 8.1000000000000014 0.19000500000000003 44.500000000000007 41.900000000000006 0.52731187691837877 0.83174000000000015 12.166666666666671 0 0.046750000000000007 0.69500000000000006 41.500000000000007 26.416666666666668 18.500000000000004 6.366666666666668 7.5000000000000009 28.066666666666674 45.366666666666681 1.5000000000000002 0.027931000000000004 1.3486777315821434 30.300000000000004 4.5500000000000007
decision_type=2 2 2 2 2 2 2 2 2 2 1 2 2 2 2 2 2 2 2 2 2 2 2 2 2
left_child=11 8 3 5 -5 6 -3 -4 9 -2 21 13 -13 14 15 17 -17 -1 -16 -20 -14 -10 -22 24 -12
right_child=1 2 7 4 -6 -7 -8 -9 10 -11 23 12 20 -15 18 16 -18 -19 19 -21 22 -23 -24 -25 -26
leaf_value=-0.00028284732763941448 -0.0083435686756648236 0.0047460183870076727 0.0048418678994906145 0.059035395977042972 0.0062784923490356 0.034083977210428565 -0.0075904195852279938 -0.043505629870199389 0.020445688426893732 0.037756970425958145 -0.022077883517649024 0.0091040982083789995 -0.0034476520230824299 0.022349678530345991 0.0040793905964023186 0.027694326340109109 0.0034382444557099824 -0.0067267360968087751 -0.034001056595206261 -0.0016410089391557608 -0.04144422926075423 -0.010269041195511816 -0.018044809813261963 -0.0063029405572809852 -0.035876592818913713
leaf_weight=32920 66 5510 58 62 50 79 537 61 55 50 159 74 54 78 56 99 1465 1043 124 50 66 51 63 51 55
leaf_count=32920 66 5510 58 62 50 79 537 61 55 50 159 74 54 78 56 99 1465 1043 124 50 66 51 63 51 55
internal_value=0.000191603 0.00329166 0.0041573 0.00462315 0.0357737 0.00404739 0.00364892 -0.0200723 -0.00798719 0.0116546 -0.0141514 -0.000396242 -0.0133389 -0.000302966 -0.000353088 -0.000239851 0.00499227 -0.000481019 -0.0177545 -0.0247818 -0.0224307 0.00519631 -0.0302664 -0.0212873 -0.0257886
internal_weight=42936 6844 6357 6238 112 6126 6047 119 487 116 371 36092 257 35835 35757 35527 1564 33963 230 174 183 106 129 265 214
internal_count=42936 6844 6357 6238 112 6126 6047 119 487 116 371 36092 257 35835 35757 35527 1564 33963 230 174 183 106 129 265 214
cat_boundaries=0 1
cat_threshold=393222
is_linear=0
shrinkage=0.03


Tree=121
num_leaves=24
num_cat=3
split_feature=6 0 39 2 9 19 29 19 23 6 13 13 2 2 39 0 17 24 20 0 18 23 24
split_gain=91.8396 95.2679 69.5083 183.721 122.754 142.362 70.3896 128.246 167.961 66.2873 73.705 105.898 126.446 89.2779 88.8863 70.4946 53.3935 46.3888 46.4524 34.0094 24.4956 44.4876 36.623
threshold=11.16666666666667 5.3500000000000005 86.657536924762425 0 0.073333333333333375 1.4430000000000003 41.500000000000007 0.37804000000000004 20.300000000000008 9.5000000000000018 0.28675000000000012 0.20426500000000006 1 2 78.406312336925751 12.65 2.4150000000000005 40.166666666666679 23.500000000000004 6.8500000000000005 1.4198666666666668 19.700000000000006 23.766666666666673
decision_type=2 2 2 1 2 2 2 2 2 2 2 2 1 1 2 2 2 2 2 2 2 2 2
left_child=1 2 6 20 16 -6 17 -8 -9 10 11 15 -13 19 -15 -3 -5 18 -1 -12 21 -4 -22
right_child=-2 9 3 4 5 -7 7 8 -10 -11 13 12 -14 14 -16 -17 -18 -19 -20 -21 22 -23 -24
leaf_value=-0.0010967383579679702 -0.038049167461105086 0.0022409083134028733 0.016377481338878473 0.0063290786666725923 0.010940875217318534 0.080788904328110089 -0.021798314785363815 0.0743232871385721 0.0086609512652863156 0.031304519355297093 -0.01832879427792768 -0.0089495862062321969 0.030573060098299274 -0.029028112919891581 0.019978231040760873 0.033872364551760258 0.032473002667322622 -0.0241975947289014 0.0049127073886070863 -0.053303888144401408 -0.034589683081348278 -0.022495396543580751 -0.004864156726473833
leaf_weight=32711 56 7144 53 440 53 52 58 51 109 73 52 101 242 50 95 63 83 76 1199 51 85 51 67
leaf_count=32711 56 7144 53 440 53 52 58 51 109 73 52 101 242 50 95 63 83 76 1199 51 85 51 67
internal_value=5.67925e-06 5.62407e-05 -0.000612825 0.00768771 0.0162762 0.0459964 -0.000827658 0.0161252 0.0299411 0.00303894 0.00276997 0.00329953 0.0195629 -0.0132882 0.00278511 0.00252249 0.0105379 -0.00093696 -0.000884027 -0.0328617 -0.0134601 -0.0026893 -0.021624
internal_weight=43015 42959 35088 884 628 105 34204 218 160 7871 7798 7550 343 248 145 7207 523 33986 33910 103 256 104 152
internal_count=43015 42959 35088 884 628 105 34204 218 160 7871 7798 7550 343 248 145 7207 523 33986 33910 103 256 104 152
cat_boundaries=0 1 2 3
cat_threshold=7610370 6291782 1249436
is_linear=0
shrinkage=0.03


Tree=122
num_leaves=11
num_cat=1
split_feature=37 20 20 34 7 17 31 13 3 0
split_gain=70.7532 69.3767 145.331 96.0786 68.4113 163.886 64.4219 61.4829 74.2258 61.3596
threshold=0.55613750108328752 50.500000000000007 44.500000000000007 0.24913074727970869 8.7750000000000021 0.67180000000000006 34.45000000000001 0.28675000000000012 0 5.3500000000000005
decision_type=2 2 2 2 2 2 2 2 1 2
left_child=1 2 4 -4 7 -6 -3 9 -9 -1
right_child=-2 6 3 -5 5 -7 -8 8 -10 -11
leaf_value=-0.00062526698893154828 0.029857230244283106 -0.0044835385896657646 0.063168393871975384 0.0087127670619025158 -0.012916922065446959 0.062528277130249665 -0.044168440367629541 0.0054761403953849236 -0.026625166335049466 0.0023889602269529316
leaf_weight=35146 70 94 52 66 52 50 60 105 158 7348
leaf_count=35146 70 94 52 66 52 50 60 105 158 7348
internal_value=-6.57963e-05 -0.000115121 -4.27936e-05 0.0330645 -0.000134785 0.0242849 -0.0201497 -0.000193676 -0.0146266 -0.000103937
internal_weight=43201 43131 42977 118 42859 102 154 42757 263 42494
internal_count=43201 43131 42977 118 42859 102 154 42757 263 42494
cat_boundaries=0 1
cat_threshold=4214800
is_linear=0
shrinkage=0.03


Tree=123
num_leaves=28
num_cat=2
split_feature=31 36 11 11 5 28 24 2 24 25 19 35 36 23 21 19 24 27 2 6 23 6 24 36 0 22 23
split_gain=85.8373 93.1554 66.7494 73.4607 54.9846 54.688 51.5548 92.388 89.9401 98.1105 52.297 70.7983 86.6114 118.831 58.3656 82.7938 84.7934 77.7603 49.74 41.3471 41.1215 34.9788 47.7599 40.0257 25.8272 38.7329 29.5336
threshold=2.4500000000000006 0.59562523147306623 0.71405500000000011 0.58304000000000011 16.500000000000004 32.763333333333343 24.433333333333341 0 26.966666666666672 23.326666666666672 0.90200000000000014 2.33419969421502 1.0416177471094739 20.900000000000002 16.583333333333339 0.49200000000000016 16.900000000000002 4.6666666666666687 1 4.166666666666667 29.300000000000004 3.1666666666666674 37.833333333333343 1.5281449416463759 4.5500000000000007 14.900000000000002 29.300000000000004
decision_type=2 2 2 2 2 2 2 1 2 2 2 2 2 2 2 2 2 2 1 2 2 2 2 2 2 2 2
left_child=6 -2 3 4 5 -3 10 19 9 -9 14 12 13 -12 24 17 -17 -16 -14 20 -8 23 -23 -10 26 -26 -1
right_child=1 2 -4 -5 -6 -7 7 8 21 -11 11 -13 18 -15 15 16 -18 -19 -20 -21 -22 22 -24 -25 25 -27 -28
leaf_value=-0.0012712487763769011 0.035089582949489745 0.001672552566572676 -0.025155611391282744 0.030297182977558616 -0.027162560748129051 0.010960774813264062 0.016311984423547983 0.051356461976137427 0.023339718882978523 -0.0059543133907847936 0.0011635886385959664 -0.036311776855452498 -0.014636285546447874 0.05270475474876516 0.0141761559258912 0.059200401835808797 0.0052640428665806267 -0.024050426505506036 -0.0032629943291103279 0.0090528428555586397 0.051961858159777795 -0.025705588895983837 0.0072569785099137907 -0.012723079209569197 0.00089138758986764518 -0.020351015127908725 -0.021228062551190603
leaf_weight=18895 76 12086 80 82 57 598 55 53 52 53 192 65 529 50 142 55 50 71 1024 92 65 142 54 57 7978 77 66
leaf_count=18895 76 12086 80 82 57 598 55 53 52 53 192 65 529 50 142 55 50 71 1024 92 65 142 54 57 7978 77 66
internal_value=0.00015068 0.00218707 0.00199033 0.00216187 0.0019782 0.00211152 -0.00073568 0.00779629 -0.000765362 0.0228852 -0.000918116 -0.00578445 -0.00465773 0.011998 -0.000586667 0.0121701 0.0338367 0.0013671 -0.00726113 0.0232774 0.035917 -0.00906764 -0.0166181 0.0045097 -0.00073738 0.000685452 -0.00134199
internal_weight=42796 12979 12903 12823 12741 12684 29817 623 411 106 29194 1860 1795 242 27334 318 105 213 1553 212 120 305 196 109 27016 8055 18961
internal_count=42796 12979 12903 12823 12741 12684 29817 623 411 106 29194 1860 1795 242 27334 318 105 213 1553 212 120 305 196 109 27016 8055 18961
cat_boundaries=0 1 2
cat_threshold=2904338 3549380
is_linear=0
shrinkage=0.03


Tree=124
num_leaves=31
num_cat=8
split_feature=14 2 3 17 3 28 2 12 17 15 0 23 4 34 35 14 28 28 11 3 2 12 38 19 24 37 3 28 26 25
split_gain=84.5092 115.11 147.593 140.49 130.053 115.447 120.514 161.204 96.7035 147.588 129.971 199.278 93.6848 123.595 90.4114 91.8424 198.655 103.341 76.9859 76.4649 74.9015 104.692 71.0631 65.2304 56.9694 58.8771 48.2953 84.2736 80.6645 50.9664
threshold=0.059245000000000013 0 1 2.2750000000000008 2 15.460000000000003 3 0.10336000000000002 2.2150000000000003 0.4816666666666668 5.0500000000000007 28.900000000000002 4 0.48369523658330754 2.5434850204825676 0.29029500000000008 32.763333333333343 4.6100000000000021 0.21002500000000004 5 6 0.21677166666666672 0.36668478270067223 1.0814300000000003 45.366666666666681 0.55613750108328752 7 19.245000000000005 46.750000000000007 24.18000000000001
decision_type=2 1 1 2 1 2 1 2 2 2 2 2 1 2 2 2 2 2 2 1 1 2 2 2 2 2 1 2 2 2
left_child=24 2 3 20 14 12 18 -8 9 23 -10 -12 13 -4 15 16 -3 -17 -7 -14 -2 -22 -11 -6 25 26 28 29 -1 -28
right_child=1 4 5 -5 8 6 7 -9 10 22 11 -13 19 -15 -16 17 -18 -19 -20 -21 21 -23 -24 -25 -26 -27 27 -29 -30 -31
leaf_value=0.00031357227851701693 -0.02937483572890592 0.006467859969348266 0.022398925411051956 0.032142929727189684 -0.00036395209307747391 -0.0037343353203634923 0.061478677371993307 0.019378411626880584 -0.009275801903523246 -0.019065401602596045 0.0027632187455892561 0.078362735059331445 0.012763994874985163 -0.004432212675024162 0.040607740808879175 0.021695841329544784 0.066955794408040892 -0.0084537333257399729 0.027690687118798768 -0.0082134717497041303 -0.0084736797470035714 0.033993441321839728 -0.056691797094598206 -0.013703817589881007 0.02338968291677786 0.03009494899851935 -0.0012285146349709153 -0.016167446478163632 0.03809756425132646 -0.011477704426356856
leaf_weight=17771 118 1188 520 84 878 196 128 229 144 124 82 50 225 219 61 119 50 693 108 453 455 58 72 528 88 55 17423 358 50 447
leaf_count=17771 118 1188 520 84 878 196 128 229 144 124 82 50 225 219 61 119 50 693 108 453 455 58 72 528 88 55 17423 358 50 447
internal_value=-5.97779e-06 0.00306694 0.00772248 -0.00401183 -0.000211933 0.0117613 0.0221653 0.0336706 -0.00593756 -0.00879595 0.0104002 0.0317958 0.00697673 0.0142557 0.00488469 0.00382479 0.00896532 -0.00401032 0.00723689 -0.00115493 -0.0089363 -0.00354081 -0.0331202 -0.00538183 -0.000581963 -0.000641121 -0.000688932 -0.0017741 0.000421645 -0.00148568
internal_weight=42974 6782 2793 715 3989 2078 661 357 1878 1602 276 132 1417 739 2111 2050 1238 812 304 678 631 513 196 1406 36192 36104 36049 18228 17821 17870
internal_count=42974 6782 2793 715 3989 2078 661 357 1878 1602 276 132 1417 739 2111 2050 1238 812 304 678 631 513 196 1406 36192 36104 36049 18228 17821 17870
cat_boundaries=0 1 2 3 4 5 6 7 8
cat_threshold=8227888 5783872 8278370 2719776 3 2107938 4194320 117661
is_linear=0
shrinkage=0.03


Tree=125
num_leaves=17
num_cat=2
split_feature=30 20 38 10 20 21 3 31 13 36 38 22 9 3 39 25
split_gain=83.9629 63.6941 62.3052 118.756 69.539 57.0733 74.3074 64.4094 56.3794 51.882 51.2309 48.9518 48.6214 33.1979 32.5058 5.86247
threshold=71.833333333333357 1.0000000180025095e-35 0.5167585614828093 0.246 54.500000000000007 12.16666666666667 0 30.633333333333336 0.16435700000000006 2.5587135167589561 0.00080553278036199505 14.550000000000002 0.26025000000000004 1 44.350957349673799 18.090000000000007
decision_type=2 2 2 2 2 2 1 2 2 2 2 2 2 1 2 2
left_child=1 5 4 -4 9 7 11 8 12 10 -3 -7 -1 -11 15 -8
right_child=-2 2 3 -5 -6 6 14 -9 -10 13 -12 -13 -14 -15 -16 -17
leaf_value=-0.00082437659877232256 -0.038543681586489957 0.023544768350431698 0.052787472039740532 -0.0072637218408665412 -0.025600372457227041 -0.010893160932904315 -0.019037776098356097 0.025005527347326278 0.028443293177838419 0.0020997515511699022 0.00155843217956278 0.030104053871596557 -0.019360377968154353 -0.017618693546461426 -0.038092619890081961 -0.0069925826662971128
leaf_weight=26287 50 95 59 58 85 53 100 86 58 125 15510 50 127 197 80 61
leaf_count=26287 50 95 59 58 85 53 100 86 58 125 15510 50 127 197 80 61
internal_value=-7.36071e-05 -2.79423e-05 0.00146256 0.0231838 0.00130222 -0.0009217 -0.0130457 -0.000764061 -0.000848834 0.00144758 0.00169397 0.00828137 -0.000914342 -0.0104524 -0.0216185 -0.0145639
internal_weight=43081 43031 16129 117 16012 26902 344 26558 26472 15927 15605 103 26414 322 241 161
internal_count=43081 43031 16129 117 16012 26902 344 26558 26472 15927 15605 103 26414 322 241 161
cat_boundaries=0 1 2
cat_threshold=4227784 2360616
is_linear=0
shrinkage=0.03


Tree=126
num_leaves=20
num_cat=0
split_feature=7 39 31 10 14 9 7 10 28 6 30 31 31 31 21 10 8 13 24
split_gain=97.2813 84.2753 76.178 92.4542 98.8955 74.7949 136.372 108.773 106.174 96.6893 118.844 86.9303 251.965 83.3863 81.2367 68.2335 62.0228 60.8774 18.0614
threshold=9.9000000000000021 71.230197990120374 45.45000000000001 0.54100000000000015 0.99500000000000011 0.38335000000000002 8.1000000000000014 0.43450000000000005 11.110000000000003 7.166666666666667 20.833333333333339 22.100000000000005 23.900000000000002 31.900000000000002 32.166666666666679 0.28042000000000006 0.14965000000000003 0.16435700000000006 22.966666666666672
decision_type=2 2 2 2 2 2 2 2 2 2 2 2 2 2 2 2 2 2 2
left_child=1 2 3 4 17 9 7 13 -9 11 14 15 -13 -7 -11 -3 -12 -1 -6
right_child=-2 5 -4 -5 18 6 -8 8 -10 10 16 12 -14 -15 -16 -17 -18 -19 -20
leaf_value=-0.00065247822734199881 -0.038856828187817126 0.0019640141530764756 -0.034955906544073385 0.036976650649081858 -0.016887184342917274 0.012729873419106006 0.059483728270485717 0.027002471561163244 -0.015993554486491177 -0.01300647104973281 -0.018833269920592245 0.052975881777321682 0.0047576754198267552 0.055041502056832795 0.030985313218479089 -0.029664649739080378 -0.061940050393199692 0.01158111936978593 -0.042964834291268801
leaf_weight=34489 57 6138 57 58 50 149 52 70 189 111 75 116 589 58 56 61 51 369 50
leaf_count=34489 57 6138 57 58 50 149 52 70 189 111 75 116 589 58 56 61 51 369 50
internal_value=-3.03331e-05 2.22263e-05 -0.000602162 -0.000545158 -0.000608553 0.00286084 0.0138612 0.00864739 -0.00430231 0.00206687 -0.0147815 0.00278437 0.0127595 0.0248074 0.00182404 0.00164756 -0.0366552 -0.000522561 -0.030252
internal_weight=42845 42788 35073 35016 34958 7715 518 466 259 7197 293 6904 705 207 167 6199 126 34858 100
internal_count=42845 42788 35073 35016 34958 7715 518 466 259 7197 293 6904 705 207 167 6199 126 34858 100
is_linear=0
shrinkage=0.03


Tree=127
num_leaves=28
num_cat=4
split_feature=0 7 20 2 3 17 35 9 9 26 2 33 8 3 25 23 30 31 11 23 9 30 13 8 18 24 31
split_gain=88.3627 75.0808 86.8541 99.0466 170.174 153.834 113.588 110.414 110.131 98.31 89.767 80.289 125.959 65.5458 53.6236 80.1114 78.0323 92.1356 59.8253 71.3521 57.727 52.2541 82.0991 53.7759 48.7807 46.6528 10.6253
threshold=6.1500000000000012 9.6750000000000025 2.5000000000000004 0 1 0.94030000000000014 0.77956085091706828 0.38335000000000002 0.12676666666666672 0.65000000000000002 2 0.2492519298734921 0.039950000000000006 3 38.290000000000006 51.70000000000001 33.833333333333336 32.63333333333334 0.16986000000000004 5.1000000000000005 0.41345000000000004 28.416666666666668 0.098000000000000045 0.47025000000000006 1.4700000000000004 3.1333333333333351 19.633333333333336
decision_type=2 2 2 1 1 2 2 2 2 2 1 2 2 1 2 2 2 2 2 2 2 2 2 2 2 2 2
left_child=14 2 9 4 8 -6 -5 -8 -4 10 25 12 -11 -12 16 24 17 21 19 -18 -21 23 -23 -1 -16 -2 -13
right_child=1 -3 3 6 5 -7 7 -9 -10 11 13 26 -14 -15 15 -17 18 -19 -20 20 -22 22 -24 -25 -26 -27 -28
leaf_value=-0.00053110509774935465 -0.0010487559778225976 -0.031347061303372559 0.02093979407938748 0.049639238232308452 0.056314742727181573 0.009323777076770675 0.00024187052002158557 0.021079767478467543 -0.03228055027256841 -0.027464873833125101 0.024181696892680016 -0.022946237570643423 0.016828376419612993 0.003883422841391127 0.049551242113858467 -0.011947827613726257 -0.038209767616401283 0.037615580532111621 -0.045835081913891962 -0.014317710665218969 0.021059548549992698 0.0029022292090818478 0.045517210478395492 -0.012861938579625963 0.0097428755967153436 -0.023963109125816586 -0.040228289564018666
leaf_weight=38330 386 51 70 50 157 105 1235 280 68 103 222 74 129 409 59 59 58 56 50 101 69 150 55 320 53 100 68
leaf_count=38330 386 51 70 50 157 105 1235 280 68 103 222 74 129 409 59 59 58 56 50 101 69 150 55 320 53 100 68
internal_value=-0.000130607 0.00443164 0.00496941 0.00911057 0.0222589 0.0362236 0.00555836 0.00410644 -0.00495055 -0.000488705 0.00396801 -0.0137823 -0.0028569 0.0113215 -0.000537285 0.0161763 -0.000610701 -0.000497255 -0.0164201 -0.00978434 6.29351e-05 -0.000553229 0.0145155 -0.000633605 0.0309928 -0.00569244 -0.0314666
internal_weight=42867 3507 3456 1965 400 262 1565 1515 138 1491 1117 374 232 631 39360 171 39189 38911 278 228 170 38855 205 38650 112 486 142
internal_count=42867 3507 3456 1965 400 262 1565 1515 138 1491 1117 374 232 631 39360 171 39189 38911 278 228 170 38855 205 38650 112 486 142
cat_boundaries=0 1 2 3 4
cat_threshold=4196904 1147968 4606310 3228162
is_linear=0
shrinkage=0.03


Tree=128
num_leaves=22
num_cat=5
split_feature=23 29 34 2 3 17 3 34 23 3 3 20 35 31 22 17 16 31 30 14 29
split_gain=86.3 108.215 99.1857 73.4038 123.915 99.9931 193.306 175.433 110.994 160.51 87.278 86.7799 85.0895 86.6535 60.2617 54.602 46.6376 54.1932 62.2539 22.7113 26.7801
threshold=1.0000000180025095e-35 23.500000000000004 0.038837365746655729 0 1 1.1608500000000002 2 0.20426672198605222 10.100000000000001 3 4 7.5000000000000009 2.4280322042067319 44.225000000000009 27.633333333333336 2.3248000000000006 0.45008799999999999 24.266666666666669 23.833333333333339 0.29029500000000008 6.5000000000000009
decision_type=2 2 2 1 1 2 1 2 2 1 1 2 2 2 2 2 2 2 2 2 2
left_child=1 16 -2 4 14 8 7 -7 10 -10 -5 -8 13 -6 15 -4 17 19 -19 20 -1
right_child=2 -3 3 5 12 6 11 -9 9 -11 -12 -13 -14 -15 -16 -17 -18 18 -20 -21 -22
leaf_value=-0.00090580162850490147 0.036039353404782315 -0.042609436247364754 -0.003476372457931812 0.0075046158638113411 0.0025014260053075276 0.039668837875272936 0.0053638849567866093 0.0047767220054896146 0.018278851811705583 0.0036430251469933674 -0.003313669571061714 -0.0092419518326734684 -0.030068234974544653 0.036643358836717467 -0.032823510552446047 -0.017769870645767894 -0.022304357054141855 0.043163786171211138 -0.0031807536991203533 -0.019468520229011455 0.011327245648260469
leaf_weight=26901 75 55 2296 1229 4243 153 472 826 1223 1528 1454 1619 70 67 71 268 90 53 50 58 161
leaf_count=26901 75 55 2296 1229 4243 153 472 826 1223 1528 1454 1619 70 67 71 268 90 53 50 58 161
internal_value=6.72684e-05 -0.000947594 0.00184853 0.00168078 -0.000591896 0.00355225 -0.000770594 0.010164 0.00600127 0.0102346 0.0016573 -0.00591429 0.00249897 0.00304124 -0.00571981 -0.0049779 -0.000862033 -0.000790217 0.0208233 -0.00087318 -0.000832497
internal_weight=42962 27368 15594 15519 7015 8504 3070 979 5434 2751 2683 2091 4380 4310 2635 2564 27313 27223 103 27120 27062
internal_count=42962 27368 15594 15519 7015 8504 3070 979 5434 2751 2683 2091 4380 4310 2635 2564 27313 27223 103 27120 27062
cat_boundaries=0 1 2 3 4 5
cat_threshold=1143203 2900537 2228506 641581 1716885
is_linear=0
shrinkage=0.03


Tree=129
num_leaves=31
num_cat=6
split_feature=29 2 3 31 28 3 6 25 35 0 39 27 2 27 7 37 39 14 2 18 38 39 13 2 25 19 33 18 6 13
split_gain=92.0824 110.767 126.765 187.012 116.352 116.309 112.042 111.658 97.1505 94.2889 93.72 82.7029 78.0219 74.8592 134.444 118.581 125.023 83.6302 71.5705 69.6155 113.476 77.0941 58.925 58.4237 51.9368 66.8311 50.5082 47.6623 39.7077 37.5345
threshold=1.5000000000000002 0 1 29.100000000000005 11.710000000000003 2 5.5833333333333348 25.540000000000003 0.91162302253173733 10.550000000000002 84.145288358644436 1.4333333333333342 3 28.783333333333339 4.9000000000000012 0.49886447486370927 64.866407918129525 0.33982000000000007 4 1.2466833333333336 0.32191804236886312 83.019575584404336 0.12601800000000005 5 34.926666666666669 2.0238000000000005 0.23324949135745474 1.0534666666666672 1.8333333333333337 0.18526700000000004
decision_type=2 1 1 2 2 1 2 2 2 2 2 2 1 2 2 2 2 2 1 2 2 2 2 1 2 2 2 2 2 2
left_child=24 2 3 4 18 8 -5 -6 22 19 11 -10 -12 15 17 23 -17 -15 -2 21 -21 -7 -3 -4 25 29 -26 -16 -27 -1
right_child=1 5 13 6 7 9 -8 -9 10 -11 12 -13 -14 14 27 16 -18 -19 -20 20 -22 -23 -24 -25 26 28 -28 -29 -30 -31
leaf_value=-0.00068159712434790419 0.013754979289783652 -0.0088411602209281948 -0.0047799970741982632 0.071240541613698014 0.028349529343854478 -0.0035603622741809979 0.01947002825631371 -0.011225739811922047 0.025893706989567729 0.029842315926595971 0.046279922858468797 0.0036134723543338686 0.0085344778121730618 -0.01544421194041414 -0.05847966851749354 -0.0013193864151835439 0.053006576820869337 0.028294090062631547 -0.0038648315004234271 -0.00081684060771957138 0.022918943946132826 -0.018381247688580842 0.023188928659437065 0.0057869051627830485 -0.0035426951528436715 -0.0027624461610632188 0.032140655618906021 -0.018026735906709324 -0.025088644756312714 0.015288331754197528
leaf_weight=31552 336 416 695 74 392 3026 78 76 179 80 103 904 118 83 53 67 87 73 509 1154 214 352 58 1411 61 131 84 54 159 132
leaf_count=31552 336 416 695 74 392 3026 78 76 179 80 103 904 118 83 53 67 87 73 509 1154 214 352 58 1411 61 131 84 54 159 132
internal_value=0.000135393 0.00256098 0.00650029 0.0134989 0.0099218 0.000170953 0.0449946 0.0219061 0.00670671 -0.00224611 0.0109708 0.00731924 0.0287381 0.00239433 -0.0127118 0.00416902 0.0294959 0.00505381 0.00326273 -0.00279854 0.00290805 -0.00511062 -0.00487498 0.00230247 -0.000664465 -0.000746049 0.017187 -0.0384479 -0.0150578 -0.000614489
internal_weight=42711 10592 3988 1465 1313 6604 152 468 1778 4826 1304 1083 221 2523 263 2260 154 156 845 4746 1368 3378 474 2106 32119 31974 145 107 290 31684
internal_count=42711 10592 3988 1465 1313 6604 152 468 1778 4826 1304 1083 221 2523 263 2260 154 156 845 4746 1368 3378 474 2106 32119 31974 145 107 290 31684
cat_boundaries=0 1 2 3 4 5 6
cat_threshold=7613540 132759 5316868 131720 2368544 6293504
is_linear=0
shrinkage=0.03


Tree=130
num_leaves=31
num_cat=9
split_feature=0 34 3 13 2 33 25 29 29 5 28 3 2 2 14 31 24 34 8 22 16 31 35 26 31 3 2 26 2 3
split_gain=57.9935 102.949 99.308 134.684 104.15 130.933 83.0015 69.8317 174.863 76.8899 55.4082 117.437 209.499 84.5109 110.021 79.4606 83.4414 72.5837 71.7358 68.6715 64.0007 53.5022 52.1131 49.7964 80.0565 70.8639 118.544 63.4133 52.7828 65.7403
threshold=6.0500000000000007 0.038837365746655729 0 0.28675000000000012 1 0.27645470951146428 1.5266666666666671 83.500000000000014 47.500000000000007 6.5000000000000009 13.730000000000002 2 3 4 0.059245000000000013 6.1000000000000005 19.166666666666675 0.15655898808688001 0.42200000000000004 11.100000000000001 0.39942600000000006 39.45000000000001 1.7066553371408915 12.350000000000003 35.900000000000006 5 6 17.050000000000004 7 8
decision_type=2 2 1 2 1 2 2 2 2 2 2 1 1 1 2 2 2 2 2 2 2 2 2 2 2 1 1 2 1 1
left_child=10 -2 3 4 5 -3 -6 8 9 -4 23 13 15 14 -12 -13 -17 -15 20 -16 -14 -10 -19 24 -1 26 27 -25 29 -27
right_child=1 2 7 -5 6 -7 -8 -9 21 -11 11 12 18 17 19 16 -18 22 -20 -21 -22 -23 -24 25 -26 28 -28 -29 -30 -31
leaf_value=-0.0005257577672056257 0.045847142370308146 0.026892138371892943 -0.0012571520568198137 -0.025747287544271639 0.027577816177838312 -0.022006784529983996 0.00026445181267223801 0.033628107292687184 -0.014412073316726278 0.018762762352122063 -0.011343893283954376 0.0042922249335760818 0.0036179767630165217 -0.040131956191650081 -0.0073226138419575162 0.036491240613863281 0.013525888918465985 -0.011414226496945705 -0.031020068467441781 0.032105500262714443 -0.024986659101271014 -0.047628907479433456 0.010466874821003802 0.039007955384196588 0.035372302217591953 0.01247949978621123 -0.0096712362493642356 0.0059269276306860973 -0.011626903710884411 -0.0093283356986248837
leaf_weight=34393 50 487 1796 92 117 54 663 50 93 190 156 213 819 66 53 306 270 514 66 153 76 84 120 102 55 211 220 107 1141 272
leaf_count=34393 50 487 1796 92 117 54 663 50 93 190 156 213 819 66 53 306 270 514 66 153 76 84 120 102 55 211 220 107 1141 272
internal_value=-8.82649e-05 0.00351452 0.00291748 0.00909289 0.011608 0.0215761 0.0043398 -0.00106276 -0.00188614 0.000665116 -0.000425304 0.00363151 0.00837836 -0.00422725 0.00740438 0.0197411 0.0257735 -0.0102682 -0.00106541 0.0219605 0.00116046 -0.0303719 -0.00725801 -0.00073801 -0.00046733 -0.00527595 0.0055088 0.021186 -0.00811233 0.000258158
internal_weight=42989 3676 3626 1413 1321 541 780 2213 2163 1986 39313 2812 1750 1062 362 789 576 700 961 206 895 177 634 36501 34448 2053 429 209 1624 483
internal_count=42989 3676 3626 1413 1321 541 780 2213 2163 1986 39313 2812 1750 1062 362 789 576 700 961 206 895 177 634 36501 34448 2053 429 209 1624 483
cat_boundaries=0 1 2 3 4 5 6 7 8 9
cat_threshold=3737607 4590651 4821100 6948060 3452448 73766 3509152 2768964 1203464
is_linear=0
shrinkage=0.03


Tree=131
num_leaves=31
num_cat=9
split_feature=14 2 3 21 22 17 7 23 7 2 36 35 7 30 33 36 17 3 26 22 17 37 3 3 26 3 2 2 22 24
split_gain=78.5657 109.949 186.569 116.963 103.35 94.8175 98.7087 92.057 94.5418 177.955 101.413 101.048 88.358 85.2489 80.7081 80.2761 77.9738 75.3185 97.4097 66.0177 56.7851 50.9845 48.261 47.9324 71.5618 74.1202 75.6459 65.3535 60.6199 137.872
threshold=0.059245000000000013 0 1 11.16666666666667 23.450000000000003 0.89245000000000008 4.9000000000000012 41.900000000000006 5.7750000000000012 2 1.0340964514893605 1.7662013802629766 5.7750000000000012 11.16666666666667 0.23717782310077848 0.87248424112072975 0.31315000000000009 3 40.250000000000007 1.1000000000000003 0.63040000000000018 0.55613750108328752 4 5 3.9500000000000006 6 7 8 16.100000000000005 21.283333333333342
decision_type=2 1 1 2 2 2 2 2 2 1 2 2 2 2 2 2 2 1 2 2 2 2 1 1 2 1 1 1 2 2
left_child=21 2 3 13 12 14 -7 8 17 11 -11 -10 16 -2 -5 -9 -4 18 -3 -19 -15 23 -17 28 -25 27 -27 -26 -1 -30
right_child=1 7 4 5 -6 6 -8 15 9 10 -12 -13 -14 20 -16 22 -18 19 -20 -21 -22 -23 -24 24 25 26 -28 -29 29 -31
leaf_value=0.00023470862966566729 -0.0053945481879836494 0.0038376112505513174 0.020908149511295347 0.060041576388581049 -0.030408851505635864 0.027297461204536976 -0.01066970993058626 -0.035831303963399667 0.015475995071451452 -0.036638960988157325 0.013128521419033921 0.071957788192707567 0.041455931703833972 0.048455627563567659 0.024390053431685436 0.01106395083446713 -0.0028021624452589894 0.020839134089051956 0.033946487543764163 -0.0037064222884633539 0.010411862522770057 0.02586471390556544 -0.01118477444946608 -0.00097285870563192979 -0.0032955219095032189 0.0084482402732336103 -0.0070013983244092727 -0.020718754102251522 0.021050268567919441 -0.0022855934325018007
leaf_weight=10442 232 1394 147 115 90 218 85 97 50 53 115 68 50 52 118 108 796 102 103 2309 109 64 343 22536 343 405 900 487 415 503
leaf_count=10442 232 1394 147 115 90 218 85 97 50 53 115 68 50 52 118 108 796 102 103 2309 109 64 343 22536 343 405 900 487 415 503
internal_value=-0.000123991 0.00284536 0.00869918 0.0185003 0.000187504 0.0278041 0.0166367 0.000340626 0.0018537 0.0184731 -0.00252847 0.0446307 0.00299329 0.00623483 0.0421805 -0.01121 0.000908986 0.000632258 0.00589317 -0.00264757 0.0229411 -0.000679755 -0.00584027 -0.000727704 -0.00146988 -0.0067188 -0.00217386 -0.0136594 0.000884358 0.00827201
internal_weight=42849 6754 2012 929 1083 536 303 4742 4194 286 168 118 993 393 233 548 943 3908 1497 2411 161 36095 451 36031 24671 2135 1305 830 11360 918
internal_count=42849 6754 2012 929 1083 536 303 4742 4194 286 168 118 993 393 233 548 943 3908 1497 2411 161 36095 451 36031 24671 2135 1305 830 11360 918
cat_boundaries=0 1 2 3 4 5 6 7 8 9
cat_threshold=2983972 2597031 1690 6038090 1048696 101129 4468848 140744 5921348
is_linear=0
shrinkage=0.03


Tree=132
num_leaves=16
num_cat=3
split_feature=26 26 0 30 30 31 31 17 3 2 2 30 5 31 33
split_gain=77.0071 90.0722 83.9715 74.861 91.5649 68.2945 59.5148 54.2534 279.387 205.213 82.9588 56.6454 53.9738 49.7333 48.1473
threshold=65.600000000000009 61.250000000000007 6.0500000000000007 68.333333333333357 58.166666666666679 46.45000000000001 19.450000000000003 2.1701000000000001 0 1 2 33.833333333333336 5.5000000000000009 26.450000000000003 0.2369217411441214
decision_type=2 2 2 2 2 2 2 2 1 1 1 2 2 2 2
left_child=1 2 7 4 5 -4 12 11 10 -10 -9 13 -2 -1 -13
right_child=6 -3 3 -5 -6 -7 -8 8 9 -11 -12 14 -14 -15 -16
leaf_value=-0.00060113176086142137 -0.026918530064501931 0.035369151474306221 0.0052384757219195626 -0.029042263821019963 0.042422696677775221 -0.017013882854650188 -0.043635208025815032 -0.027028697289636919 0.026248912425039034 0.00096691789777091162 -0.0033891888947514487 -0.032336436885306713 0.015528100825846193 0.014144316321400846 -0.0046101451019281581
leaf_weight=36976 55 64 3277 58 57 128 61 204 558 601 383 90 51 206 150
leaf_count=36976 55 64 3277 58 57 128 61 204 558 601 383 90 51 206 150
internal_value=1.17759e-06 8.09043e-05 2.71008e-05 0.00446491 0.00503536 0.00439634 -0.02027 -0.000371749 0.00479558 0.0132738 -0.0119557 -0.000613043 -0.0065138 -0.000518978 -0.015111
internal_weight=42919 42752 42688 3520 3462 3405 167 39168 1746 1159 587 37422 106 37182 240
internal_count=42919 42752 42688 3520 3462 3405 167 39168 1746 1159 587 37422 106 37182 240
cat_boundaries=0 1 2 3
cat_threshold=814633 3018579 2363626
is_linear=0
shrinkage=0.03


Tree=133
num_leaves=15
num_cat=1
split_feature=6 22 31 26 26 39 30 3 31 38 31 20 38 0
split_gain=54.672 86.2667 51.6113 291.582 194.388 121.376 87.8333 99.8687 89.844 117.568 87.5902 72.1545 55.9363 30.8898
threshold=11.41666666666667 33.45000000000001 35.63333333333334 46.750000000000007 19.950000000000003 61.669851285910617 33.833333333333336 0 30.900000000000002 0.35736213633081482 28.900000000000002 30.500000000000004 0.41941001170282971 6.4500000000000011
decision_type=2 2 2 2 2 2 2 1 2 2 2 2 2 2
left_child=1 2 6 4 5 -4 8 13 10 -10 -1 -6 -9 -8
right_child=-2 -3 3 -5 11 -7 7 12 9 -11 -12 -13 -14 -15
leaf_value=-2.1866112721792408e-06 -0.030424794048070906 0.035425223921575856 -0.020075170605929324 0.076643203802979912 -0.0092935948668290726 0.024315486680611335 -0.004860896896351787 -0.017462110176472596 0.0030035035944864399 0.052594847538577981 -0.025459095897962202 -0.048651337239585937 -0.051407345704468234 0.028197389434365661
leaf_weight=41640 52 61 68 51 137 283 50 212 121 66 121 60 55 50
leaf_count=41640 52 61 68 51 137 283 50 212 121 66 121 60 55 50
internal_value=2.58576e-05 6.348e-05 1.23209e-05 0.00874935 0.0022972 0.0156745 -0.000111491 -0.014704 1.64538e-05 0.0207089 -7.66262e-05 -0.021481 -0.0237455 0.0106951
internal_weight=43027 42975 42914 599 548 351 42315 367 41948 187 41761 197 267 100
internal_count=43027 42975 42914 599 548 351 42315 367 41948 187 41761 197 267 100
cat_boundaries=0 1
cat_threshold=3178632
is_linear=0
shrinkage=0.03


Tree=134
num_leaves=13
num_cat=3
split_feature=29 26 28 21 3 2 15 26 8 2 33 26
split_gain=105.552 71.1833 79.5733 122.031 118.153 136.609 131.656 90.9252 81.2659 144.478 63.5136 44.7925
threshold=87.500000000000014 80.250000000000014 32.763333333333343 36.833333333333336 0 1 0.61850000000000016 33.550000000000004 0.063950000000000021 2 0.20605488075495668 48.850000000000001
decision_type=2 2 2 2 1 1 2 2 2 1 2 2
left_child=1 2 3 8 7 10 -7 -4 11 -10 -6 -1
right_child=-2 -3 4 -5 5 6 -8 -9 9 -11 -12 -13
leaf_value=-0.00057726440354711843 0.0340138141116718 -0.031187199297276411 -0.043618626159840614 -0.046090023794999491 -0.025382534970098465 0.021935435658004647 0.075336096896575042 0.009563622407358266 0.012526441674678949 0.00011397857808154742 0.0099340708391483998 0.020380189890608837
leaf_weight=38081 81 65 57 51 66 217 51 57 1219 2702 144 91
leaf_count=38081 81 65 57 51 66 217 51 57 1219 2702 144 91
internal_value=9.61827e-06 -5.5457e-05 -7.30789e-06 -0.000160929 0.0109056 0.0172642 0.0311914 -0.0157775 -0.000104116 0.00400809 -0.00116375 -0.000526692
internal_weight=42882 42801 42736 42144 592 478 268 114 42093 3921 210 38172
internal_count=42882 42801 42736 42144 592 478 268 114 42093 3921 210 38172
cat_boundaries=0 1 2 3
cat_threshold=528644 3224853 5048404
is_linear=0
shrinkage=0.03


Tree=135
num_leaves=26
num_cat=3
split_feature=16 31 9 16 3 10 0 15 25 32 18 34 31 26 31 31 28 1 30 27 3 23 39 33 26
split_gain=69.0837 76.6406 95.8563 73.7968 103.232 114.893 107.083 97.4078 134.774 85.7437 82.4223 79.3546 74.9255 57.9068 62.2842 55.7961 158.542 96.7729 61.7093 103.582 66.0047 54.516 49.7442 40.4903 34.771
threshold=0.77300000000000013 53.70000000000001 0.75416666666666676 0.18014400000000003 0 0.17808000000000004 7.1500000000000012 0.71350666666666684 30.420000000000005 0.59395413418014353 1.4111500000000003 0.22761171180084119 5.4500000000000011 25.050000000000004 14.633333333333335 37.900000000000006 12.945000000000002 1 23.416666666666668 38.183333333333337 2 3.3000000000000007 86.657536924762425 0.2475865041587946 22.350000000000005
decision_type=2 2 2 2 1 2 2 2 2 2 2 2 2 2 2 2 2 1 2 2 1 2 2 2 2
left_child=3 2 -2 15 7 6 12 8 10 -10 -5 -9 -6 14 -7 18 -17 -18 19 22 21 -20 -1 -15 -22
right_child=1 -3 -4 4 5 13 -8 11 9 -11 -12 -13 -14 23 -16 16 17 -19 20 -21 24 -23 -24 -25 -26
leaf_value=-0.00035969310022397703 -0.029010355565543863 -0.048634043917341052 0.021940918180786192 0.0059122284422727274 -0.01768866093492508 -0.019559935343269032 0.038489787134073347 0.0064365885485455675 -0.00077770070594710273 -0.036270509350558984 0.020156301078447222 0.05572268104812373 0.0079688138959032508 -0.036086316190106736 -5.0582250499596385e-05 0.053512298269028015 0.024720478650596407 -0.030007465109938666 -0.024788330390939094 0.035334971566357322 -0.016268522299826144 0.0092157953456689385 0.0068608403791873733 -0.0071436993599503845 -0.043611112405688074
leaf_weight=37160 72 52 60 1320 124 192 87 52 184 91 506 68 566 100 623 65 53 62 56 73 155 165 878 78 58
leaf_count=37160 72 52 60 1320 124 192 87 52 184 91 506 68 566 100 623 65 53 62 56 73 155 165 878 78 58
internal_value=0.000147043 -0.0181458 -0.00583729 0.000226333 0.00411001 -0.00130677 0.0073192 0.00839496 0.00691986 -0.0126223 0.0098699 0.0346199 0.00333464 -0.00807314 -0.00466867 -0.000173937 0.0164434 -0.00476349 -0.00025204 -0.000123717 -0.0114875 0.000490893 -0.000192773 -0.0235311 -0.0228301
internal_weight=42900 184 132 42716 3991 1770 777 2221 2101 275 1826 120 690 993 815 38725 180 115 38545 38111 434 221 38038 178 213
internal_count=42900 184 132 42716 3991 1770 777 2221 2101 275 1826 120 690 993 815 38725 180 115 38545 38111 434 221 38038 178 213
cat_boundaries=0 1 2 3
cat_threshold=5923031 2 6395034
is_linear=0
shrinkage=0.03


Tree=136
num_leaves=31
num_cat=8
split_feature=27 7 0 2 3 25 3 12 0 9 0 21 9 23 3 16 2 12 23 2 20 10 27 15 2 3 9 0 7 21
split_gain=76.6396 93.6684 130.734 128.975 130.639 121.685 120.272 106.801 102.34 90.75 84.5463 79.1149 98.3454 41.0797 115.175 125.783 106.916 91.2013 88.1441 80.8188 68.231 66.7849 53.6733 48.6666 74.8481 96.3741 70.8974 47.8882 54.4258 31.3674
threshold=12.516666666666667 9.2250000000000014 8.6500000000000004 0 1 19.580000000000009 2 0.35114166666666674 7.4500000000000011 0.019999999999999973 7.9500000000000011 21.583333333333339 0.38335000000000002 35.300000000000004 3 0.40287900000000004 4 0.010000000000000028 41.500000000000007 5 32.500000000000007 0.047910000000000015 4.3666666666666707 0.19666666666666674 6 7 0.50355000000000005 4.6500000000000012 5.7750000000000012 19.416666666666668
decision_type=2 2 2 1 1 2 1 2 2 2 2 2 2 2 1 2 1 2 2 1 2 2 2 2 1 1 2 2 2 2
left_child=13 2 3 4 8 -4 10 -6 -2 -8 -5 -7 -13 20 16 17 18 19 -15 -16 23 -19 -20 27 25 -25 -26 -1 -29 -18
right_child=1 -3 5 6 7 11 9 -9 -10 -11 -12 12 -14 14 15 -17 29 21 22 -21 -22 -23 -24 24 26 -27 -28 28 -30 -31
leaf_value=-0.0011504845163578157 -0.0081835779998717557 -0.03020091490549584 0.056260481687262651 -0.0061914823232585587 0.015190119049488566 -0.01289193372724399 -0.0062649455218734291 -0.026387855707442964 0.031811539571560347 0.0095441625709603069 -0.035853564258585581 -0.0013424705479007501 0.057491103389683898 0.035094125620571959 0.026642919175796337 -0.029097093598200723 -0.010569046665238481 0.061698868143185974 0.011192404112330188 -0.0057629505796082444 -0.028981853519223239 0.023954307201620822 -0.027417120427307155 0.016589334276276981 -0.01678638045446073 -0.0093150934138786553 0.013850162363671635 0.0013042375178465219 -0.022368952103509483 -0.032296667493639457
leaf_weight=22899 503 72 77 1103 1379 72 487 57 64 988 93 51 50 82 110 51 174 59 80 158 75 153 53 222 587 280 76 12701 87 92
leaf_count=22899 503 72 77 1103 1379 72 487 57 64 988 93 51 50 82 110 51 174 59 80 158 75 153 53 222 587 280 76 12701 87 92
internal_value=3.84633e-05 0.00353094 0.00403082 0.00289676 0.00862567 0.0251253 -0.00142683 0.013427 -0.00355324 0.00429265 -0.00845786 0.0110065 0.0280317 -0.000421446 0.0055384 0.0149958 -0.00511037 0.0200494 0.010349 0.00835262 -0.000585005 0.0347131 -0.00426074 -0.000526346 -0.00655772 0.00224488 -0.0130578 -0.00032919 0.00114121 -0.0175313
internal_weight=42935 4996 4924 4674 2003 250 2671 1436 567 1475 1196 173 101 37939 1012 531 481 480 215 268 36927 212 133 36852 1165 502 663 35687 12788 266
internal_count=42935 4996 4924 4674 2003 250 2671 1436 567 1475 1196 173 101 37939 1012 531 481 480 215 268 36927 212 133 36852 1165 502 663 35687 12788 266
cat_boundaries=0 1 2 3 4 5 6 7 8
cat_threshold=5016940 314720 1675405 8138066 463644 1280642 811699 4425870
is_linear=0
shrinkage=0.03


Tree=137
num_leaves=28
num_cat=7
split_feature=13 11 3 15 2 16 2 16 35 38 38 9 35 15 23 3 2 23 3 2 17 23 27 16 26 24 21
split_gain=89.4179 95.5501 75.3321 166.822 116.596 145.574 92.189 114.68 78.9987 161.724 86.1227 71.4685 68.745 67.6885 79.2287 205.726 122.475 130.843 125.902 112.202 65.4369 65.1862 56.6421 56.4443 46.8772 119.222 41.2944
threshold=0.10400400000000003 0.71405500000000011 0 0.71350666666666684 1 0.4210000000000001 2 0.17012700000000006 1.9290030148906343 0.40297900062146558 0.29118252724074056 0.066550000000000012 0.96949337549621173 0.84500000000000008 34.500000000000007 3 4 37.70000000000001 5 6 1.6039000000000001 41.500000000000007 39.283333333333339 0.21800000000000003 10.250000000000002 26.766666666666673 14.16666666666667
decision_type=2 2 1 2 1 2 1 2 2 2 2 2 2 2 2 1 1 2 1 1 2 2 2 2 2 2 2
left_child=13 2 3 6 8 11 12 -8 10 -10 -4 -6 -2 14 22 16 18 -18 -16 21 -7 -17 24 -21 26 -26 -1
right_child=1 -3 4 -5 5 20 7 -9 9 -11 -12 -13 -14 -15 15 19 17 -19 -20 23 -22 -23 -24 -25 25 -27 -28
leaf_value=-0.00034939561489226488 0.028649938989211532 -0.027023245164676558 0.012473505504827767 0.054056859851519513 -0.0072154019067359231 -0.033177283641666749 -0.012550032061667969 0.027965532127333277 0.045511521035131619 -0.0088801941634400888 -0.014968131181219934 0.012839685767638281 -0.0037652117818374404 -0.02865090008735657 0.0031493282406167547 0.044709261205860155 0.036859882903983822 -0.0027253430183637735 0.042164721749013374 -0.017106392600531369 0.0034147672574838688 0.00086804470350699766 0.030322591294844943 0.0077001151305813231 -0.0021604942013448039 -0.023594550124201252 0.003732871547779982
leaf_weight=32391 67 78 373 81 327 187 77 328 140 75 141 311 438 74 121 54 95 345 241 418 57 69 53 102 3783 248 2394
leaf_count=32391 67 78 373 81 327 187 77 328 140 75 141 311 438 74 121 54 95 345 241 418 57 69 53 102 3783 248 2394
internal_value=0.000175131 0.0054807 0.00646623 0.0129238 0.00239143 -0.00492379 0.0093458 0.0197566 0.0111876 0.0265705 0.00492547 0.00256077 0.000566411 -0.00017698 -0.00012393 0.00677117 0.0167771 0.00574851 0.0296092 -0.00588027 -0.0246378 0.0188267 -0.000380508 -0.011999 -0.000423287 -0.00348545 -6.82572e-05
internal_weight=43068 2680 2602 991 1611 882 910 405 729 215 514 638 505 40388 40314 1445 802 440 362 643 244 123 38869 520 38816 4031 34785
internal_count=43068 2680 2602 991 1611 882 910 405 729 215 514 638 505 40388 40314 1445 802 440 362 643 244 123 38869 520 38816 4031 34785
cat_boundaries=0 1 2 3 4 5 6 7
cat_threshold=2680002 5545129 5937865 251132 6918211 36904 408
is_linear=0
shrinkage=0.03


Tree=138
num_leaves=28
num_cat=5
split_feature=30 30 2 3 30 15 36 11 23 3 19 36 19 23 22 16 2 31 11 16 9 17 2 17 25 7 19
split_gain=94.1692 76.4569 107.821 146.629 150.471 136.038 101.446 131.957 227.491 98.6675 99.2749 98.1906 89.3658 135.394 62.1166 50.2998 106.831 82.9956 63.836 51.627 67.8374 50.4076 209.982 49.0156 43.0251 38.1783 19.224
threshold=71.416666666666671 21.166666666666668 0 1 33.833333333333336 0.44239000000000001 0.83653932127100861 0.019945000000000004 18.900000000000002 2 0.47813000000000011 1.8300085098056591 1.1920800000000003 7.1000000000000005 19.633333333333336 0.39225000000000004 3 20.100000000000005 0.12949500000000003 0.36016300000000007 0.14673333333333338 2.1701000000000001 4 1.3605500000000001 22.926666666666673 4.1000000000000005 1.1287300000000002
decision_type=2 2 1 1 2 2 2 2 2 1 2 2 2 2 2 2 1 2 2 2 2 2 1 2 2 2 2
left_child=1 15 3 4 5 -3 7 -4 -9 11 -11 -8 13 -5 -6 19 18 25 -17 21 -21 23 -23 -1 -14 -18 -19
right_child=-2 2 6 12 14 -7 9 8 -10 10 -12 -13 24 -15 -16 16 17 26 -20 20 -22 22 -24 -25 -26 -27 -28
leaf_value=-0.00016003938591239531 -0.040739095019067036 0.026210496626894123 -0.0090927531829273159 -0.022568971438092344 -0.0099404078667578478 0.072978102055868424 -0.0022487606927752493 0.07797244854247054 -0.0022716395386627743 0.0061803005494634215 -0.018548429226034148 0.02442345124730089 0.0004068753708153963 0.021853382542094759 0.026395851386015984 -0.0068706057088555031 0.0060337242711450629 -0.026734689384698865 0.039761607480498978 -0.0015070135481655598 0.039557119437109899 0.017968977404471769 -0.0038834749054882925 -0.004644632758342657 -0.033130360762338815 -0.020016682134695211 -0.051957923088608117
leaf_weight=35985 50 223 87 84 114 75 395 64 62 211 470 180 59 225 66 52 96 61 52 77 67 652 977 2335 81 105 57
leaf_count=35985 50 223 87 84 114 75 395 64 62 211 470 180 59 225 66 52 96 61 52 77 67 652 977 2335 81 105 57
internal_value=1.92835e-06 5.04169e-05 0.0052566 0.013192 0.0246337 0.0381956 0.000150664 0.0192474 0.0387567 -0.00309702 -0.010727 0.006019 0.00070701 0.00973388 0.00343854 -0.00025751 -0.0105363 -0.01882 0.0151324 -0.000148729 0.0177196 -0.000213654 0.0049531 -0.000433497 -0.0190729 -0.00759157 -0.0392782
internal_weight=42962 42912 2396 927 478 298 1469 213 126 1256 681 575 449 309 180 40516 423 319 104 40093 144 39949 1629 38320 140 201 118
internal_count=42962 42912 2396 927 478 298 1469 213 126 1256 681 575 449 309 180 40516 423 319 104 40093 144 39949 1629 38320 140 201 118
cat_boundaries=0 1 2 3 4 5
cat_threshold=4041732 1282796 5744720 2097195 1711890
is_linear=0
shrinkage=0.03


Tree=139
num_leaves=30
num_cat=6
split_feature=0 39 37 3 20 2 3 17 9 2 10 2 0 20 0 26 11 25 38 24 3 13 38 39 39 17 19 18 18
split_gain=54.2172 74.5491 60.9231 46.2273 65.7958 122.346 163.829 122.842 56.2003 136.76 131.286 146.334 120.589 46.9331 46.2177 42.0923 49.6746 31.8147 43.7282 24.1838 23.6765 38.113 18.362 15.8642 18.3758 10.8537 5.88309 25.1313 1.28624
threshold=4.0500000000000007 36.147527237043597 0.55613750108328752 0 7.5000000000000009 1 2 1.2006500000000002 0.14008333333333337 3 0.10200000000000005 4 8.6500000000000004 40.500000000000007 7.1500000000000012 27.250000000000004 0.10961000000000003 7.245000000000001 0.082959477841268517 11.266666666666671 5 0.013999999999999999 0.057236602117774434 28.476829325232853 21.091333872805503 1.0750000000000004 0.37804000000000004 0.10333333333333337 0.50163333333333349
decision_type=2 2 2 1 2 1 1 2 2 1 2 1 2 2 2 2 2 2 2 2 1 2 2 2 2 2 2 2 2
left_child=1 23 3 8 15 6 -6 -7 10 12 13 -12 -10 -2 -11 16 -5 22 20 -17 21 -19 -3 24 26 -22 27 -1 -28
right_child=2 17 -4 4 5 7 -8 -9 9 14 11 -13 -14 -15 -16 19 -18 18 -20 -21 25 -23 -24 -25 -26 -27 28 -29 -30
leaf_value=-0.0016461541947464281 -0.0011342607132921118 -0.015213371807351134 0.032026618826931176 0.00031546857827596336 -0.014689180942631705 0.010833526277986616 0.0037682476815791475 0.00037380518786989971 -0.00071737302838629417 -0.012198042659699282 0.032065647618853096 -0.00092550873763264259 0.047300890488693348 0.026153029566924821 -0.031131027779971749 0.0044062411662410287 -0.01519601908125023 0.01199535419737153 0.015902495325926472 0.033806973434411566 -0.011820416460966779 -0.022118861383830124 -0.040808289467746561 0.014600936627170691 -0.016800595621112732 -0.027979259465898697 -0.0052082982319924566 0.01449185401929373 -0.011454552474949094
leaf_weight=6487 11616 51 54 15929 637 2587 1295 1659 495 469 222 259 51 56 155 50 187 67 50 51 62 51 54 53 71 107 80 87 53
leaf_count=6487 11616 51 54 15929 637 2587 1295 1659 495 469 222 259 51 56 155 50 187 67 50 51 62 51 54 53 71 107 80 87 53
internal_value=-3.99982e-06 -0.00236514 0.000476026 0.000427347 0.00125951 0.00389439 -0.00236452 0.0067326 -0.000971446 -0.0072491 -0.000367087 0.014976 0.00377169 -0.00100086 -0.0166811 0.00025615 0.000134365 -0.0142923 -0.00973348 0.0194675 -0.0142498 -0.00256974 -0.0286656 -0.00159098 -0.00172017 -0.0209414 -0.0015576 -0.00142996 -0.0077867
internal_weight=43045 7273 35772 35718 22395 6178 1932 4246 13323 1170 12153 481 546 11672 624 16217 16116 442 337 101 287 118 105 6831 6778 169 6707 6574 133
internal_count=43045 7273 35772 35718 22395 6178 1932 4246 13323 1170 12153 481 546 11672 624 16217 16116 442 337 101 287 118 105 6831 6778 169 6707 6574 133
cat_boundaries=0 1 2 3 4 5 6
cat_threshold=8131664 1077262 213504 1238403 6993064 2107664
is_linear=0
shrinkage=0.03


Tree=140
num_leaves=31
num_cat=6
split_feature=16 2 17 24 35 32 3 7 15 19 37 25 23 32 2 2 6 17 11 32 24 18 12 11 11 18 6 16 3 2
split_gain=59.2988 99.9547 146.975 118.392 131.096 159.65 113.764 122.791 113.674 113.159 162.901 108.303 94.8741 92.5525 128.543 85.7256 81.2921 88.0613 84.4576 79.2453 64.6356 60.6288 58.3966 94.0792 80.0058 81.9122 73.3055 53.776 95.7326 62.7655
threshold=0.17825300000000002 0 1.2006500000000002 12.283333333333337 2.1395283843234627 0.39691656012697946 1 6.9000000000000012 0.40166666666666678 1.4050000000000005 0.23238954235842121 20.926666666666673 39.900000000000006 0.74631802324850183 2 3 8.1666666666666696 2.3450000000000002 0.16986000000000004 0.7294859541089983 25.200000000000003 0.48341666666666688 0.13020666666666672 0.054605000000000008 0.38083000000000006 1.5901000000000003 2.5833333333333335 0.15209100000000006 4 5
decision_type=2 1 2 2 2 2 1 2 2 2 2 2 2 2 1 1 2 2 2 2 2 2 2 2 2 2 2 2 1 1
left_child=22 2 3 21 5 -5 11 8 19 20 -11 13 -9 14 -3 -10 17 -13 -18 -8 -4 -2 27 -24 25 26 -25 -1 -29 -30
right_child=1 6 9 4 -6 -7 7 12 15 10 -12 16 -14 -15 -16 -17 18 -19 -20 -21 -22 -23 23 24 -26 -27 -28 28 29 -31
leaf_value=-0.00022020798324301117 0.02672943158452399 0.029034828010601019 -0.035579463550417696 0.015470764210035924 -0.0001292745413862773 0.066345209553355364 -0.0032716814541524594 0.056420493069817043 0.0050245946100431265 -0.0211942023800686 0.043728091378438187 -0.010725853625731543 -0.0016458388076109043 -0.024527237919691417 0.0062128265980704155 -0.026079713571494807 0.04408716024068686 0.018860754770537218 -0.0055856324954558223 0.031647374891465713 0.0033570162228425036 -0.011413098150193691 -0.0065981759697134636 0.021419878603982142 -0.0018912929661402652 0.0019503849451514806 0.067527431349982223 -0.023807795366179583 0.018808426837343722 -0.0086741892898820287
leaf_weight=37662 59 361 96 94 73 138 1031 50 105 59 82 559 50 55 601 342 64 107 58 61 63 99 173 60 87 54 67 230 109 188
leaf_count=37662 59 361 96 94 73 138 1031 50 105 59 82 559 50 55 601 342 64 107 58 61 63 99 173 60 87 54 67 230 109 188
internal_value=0.000140272 0.00352217 0.0132636 0.0240185 0.034909 0.0459 0.00131759 -0.00438849 -0.00651592 -0.0029089 0.016583 0.00649575 0.0276288 0.0129958 0.0151674 -0.0192417 -0.00181293 -0.0059468 0.0205944 -0.00129116 -0.0202085 0.00288966 -0.000228037 0.0106136 0.0217186 0.0330316 0.0461053 -0.000353588 -0.00986142 0.00171379
internal_weight=42837 4207 763 463 305 232 3444 1639 1539 300 141 1805 100 1017 962 447 788 666 122 1092 159 158 38630 441 268 181 127 38189 527 297
internal_count=42837 4207 763 463 305 232 3444 1639 1539 300 141 1805 100 1017 962 447 788 666 122 1092 159 158 38630 441 268 181 127 38189 527 297
cat_boundaries=0 1 2 3 4 5 6
cat_threshold=2665472 7909399 4538532 4211240 1069383 446489
is_linear=0
shrinkage=0.03


Tree=141
num_leaves=24
num_cat=0
split_feature=28 26 19 19 39 31 31 24 24 39 24 26 39 13 26 10 6 32 26 20 5 29 33
split_gain=50.8716 105.79 61.9867 81.1545 129.484 251.083 140.226 120.488 68.3163 81.2917 91.7084 61.6097 59.9842 53.1251 53.6823 59.9712 47.5848 73.8132 44.8011 50.4957 83.8371 71.0949 14.9526
threshold=23.310000000000006 65.600000000000009 1.0364400000000002 1.5565600000000002 81.814504529394341 21.633333333333336 24.266666666666669 13.66666666666667 38.966666666666676 74.899661392702555 7.4666666666666677 33.550000000000004 84.689773014867356 0.26014300000000007 48.850000000000001 0.060000000000000005 4.5833333333333348 0.51965615260255504 43.050000000000004 40.500000000000007 10.500000000000002 55.500000000000007 0.2437302153981202
decision_type=2 2 2 2 2 2 2 2 2 2 2 2 2 2 2 2 2 2 2 2 2 2 2
left_child=13 2 8 4 5 -4 -6 -5 9 10 -2 -11 -9 14 18 -16 -3 -18 19 20 -1 -21 -20
right_child=1 16 3 7 6 -7 -8 12 -10 11 -12 -13 -14 -15 15 -17 17 -19 22 21 -22 -23 -24
leaf_value=-0.00017398220195661264 0.02634229642074359 -0.036536428239034573 0.015067476608712415 0.036749780242711728 0.02205928650102083 0.078139542461505965 -0.027664408271759748 -0.019654810079422439 -0.027080322782482416 0.0021386007799053604 -0.016187044515237864 0.027486467509351162 0.0087207500174641597 -0.030238011319260547 0.044553298631135156 -0.0015964665886233833 -0.028971818732414042 0.021582365350249932 -0.030744595391365388 0.026123498796435021 -0.020924413177459925 -0.009604494487474623 -0.0081166766554794535
leaf_weight=40594 56 68 178 70 140 83 79 151 69 187 228 160 119 52 50 50 52 50 53 147 175 75 54
leaf_count=40594 56 68 178 70 140 83 79 151 69 187 228 160 119 52 50 50 52 50 53 147 175 75 54
internal_value=-1.24309e-05 0.00508741 0.00760134 0.0131939 0.0211248 0.035358 0.00406458 0.00195951 0.00103628 0.00415357 -0.00772745 0.0138804 -0.00715144 -0.000221561 -0.000182868 0.0216614 -0.0172855 -0.00419229 -0.000236619 -0.000185699 -0.000263638 0.0140508 -0.0195336
internal_weight=42940 1690 1520 820 480 261 219 340 700 631 284 347 270 41250 41198 100 170 102 41098 40991 40769 222 107
internal_count=42940 1690 1520 820 480 261 219 340 700 631 284 347 270 41250 41198 100 170 102 41098 40991 40769 222 107
is_linear=0
shrinkage=0.03


Tree=142
num_leaves=25
num_cat=5
split_feature=0 38 36 24 39 2 3 17 39 3 2 2 17 17 34 33 27 7 27 10 14 17 6 32
split_gain=68.4643 72.7261 107.987 75.5356 48.5422 118.807 135.133 115.738 98.9424 98.9351 138.222 121.549 177.719 171.793 112.155 100.973 64.4852 74.525 69.5463 42.5669 70.8954 51.397 55.1744 43.092
threshold=11.100000000000003 0.4796345320271504 0.85144728015043325 25.200000000000003 71.230197990120374 0 1 2.5250000000000004 75.482077273266512 2 3 4 0.41100000000000009 2.7350000000000008 0.37333534173711352 0.29474065668736632 17.183333333333337 4.7750000000000012 3.5000000000000013 0.54700000000000015 0.99500000000000011 2.9128500000000006 6.5833333333333348 0.44151191456868905
decision_type=2 2 2 2 2 1 1 2 2 1 1 1 2 2 2 2 2 2 2 2 2 2 2 2
left_child=4 2 -2 -4 19 6 16 8 -8 11 15 12 -7 -13 -12 -11 18 -18 -6 20 21 22 -1 -23
right_child=1 -3 3 -5 5 9 7 -9 -10 10 14 13 -14 -15 -16 -17 17 -19 -20 -21 -22 23 -24 -25
leaf_value=-0.00044462064793288303 -0.02992832968427854 0.045593237991990714 -0.00030216113886525557 0.048361851255098981 0.0054102223080736162 0.036103141633503422 0.033645182380647017 0.046369561567436907 0.0083499564220753594 0.001125652322897792 -0.018769175943808461 -0.0033175325877466814 0.0052758655162537119 0.027895841485709588 -0.0025454871176455889 0.040512469964926363 0.025488724939028422 -0.015200850359324749 -0.016103680974169678 0.022896104473727089 -0.026133169526906357 -0.0070275567225762635 0.017103794073030629 -0.038589929234443446
leaf_weight=34600 50 57 61 53 236 230 162 95 967 1485 714 1613 623 175 829 60 134 57 314 69 96 143 161 53
leaf_count=34600 50 57 61 53 236 230 162 95 967 1485 714 1613 623 175 829 60 134 57 314 69 96 143 161 53
internal_value=8.50654e-05 0.0167021 0.00642704 0.0225201 -1.02355e-06 0.00215695 0.00849863 0.0145947 0.0120088 -3.35538e-05 -0.003674 0.00421951 0.0134664 -0.000245597 -0.00999724 0.00266515 -0.00163312 0.0133142 -0.00687375 -0.000473892 -0.000520632 -0.000449463 -0.000362767 -0.0157301
internal_weight=43037 221 164 114 42816 7694 1965 1224 1129 5729 3088 2641 853 1788 1543 1545 741 191 550 35122 35053 34957 34761 196
internal_count=43037 221 164 114 42816 7694 1965 1224 1129 5729 3088 2641 853 1788 1543 1545 741 191 550 35122 35053 34957 34761 196
cat_boundaries=0 1 2 3 4 5
cat_threshold=921152 7645376 6465683 1098154 6356997
is_linear=0
shrinkage=0.03


Tree=143
num_leaves=23
num_cat=4
split_feature=7 39 17 17 3 17 26 25 3 18 9 32 17 19 32 19 3 33 24 3 0 39
split_gain=68.95 67.7505 70.6468 108.074 144.471 97.9006 94.1792 67.2831 53.4477 44.0184 39.1151 26.5239 18.3092 13.9408 16.7861 16.739 21.506 17.1413 9.18109 40.2249 7.76341 6.54933
threshold=9.9000000000000021 16.657263029366618 3.4650000000000003 2.7350000000000008 0 2.6950000000000007 23.050000000000004 1.0000000000000007 1 2.4116666666666671 0.04161666666666667 0.41326361233531828 4.4850000000000003 0.96000000000000019 0.2297403256731495 0.49818000000000012 2 0.24803966893707494 1.0000000180025095e-35 3 10.15 13.054856008791438
decision_type=2 2 2 2 1 2 2 2 1 2 2 2 2 2 2 2 1 2 2 1 2 2
left_child=1 13 3 5 9 7 -6 -3 10 -5 -4 12 -10 15 -15 18 17 -17 20 -20 -1 -18
right_child=-2 2 8 4 6 -7 -8 -9 11 -11 -12 -13 -14 14 -16 16 21 -19 19 -21 -22 -23
leaf_value=-0.00097379393962740651 -0.031244426561962992 0.0073884589710116882 0.022703800661397763 -0.013378446150343956 0.018642293889259968 -0.03239779904929848 0.057156377048139841 0.00091728855548747269 -0.0054573501616128183 0.01503639862231378 -0.012898053762229049 -0.033460683438971822 -0.026306728887146916 -0.002619811702159143 0.018762418831423135 0.015504396352601736 -0.005948505941033363 -0.0073621768719620171 -0.0049333959743325445 0.0039740373572701203 -0.011876515652163553 -0.013930903278134373
leaf_weight=21500 62 1589 60 163 307 76 70 16004 113 69 50 82 57 61 70 64 189 53 665 1395 58 189
leaf_count=21500 62 1589 60 163 307 76 70 16004 113 69 50 82 57 61 70 64 189 53 665 1395 58 189
internal_value=0.000117012 0.00016315 0.00152307 0.00178339 0.014199 0.00135451 0.0252653 0.00150232 -0.0115814 -0.00468526 0.00598455 -0.0187497 -0.0125785 -0.000882322 0.00883866 -0.000935622 -0.00639085 0.00474397 -0.000820896 0.00109147 -0.00100382 -0.00971745
internal_weight=42946 42884 18640 18278 609 17669 377 17593 362 232 110 252 170 24244 131 24113 495 117 23618 2060 21558 378
internal_count=42946 42884 18640 18278 609 17669 377 17593 362 232 110 252 170 24244 131 24113 495 117 23618 2060 21558 378
cat_boundaries=0 1 2 3 4
cat_threshold=1911332 2260996 537352 1839896
is_linear=0
shrinkage=0.03


Tree=144
num_leaves=29
num_cat=9
split_feature=20 30 2 3 19 9 15 29 15 2 20 13 2 3 18 39 2 9 8 3 34 28 19 21 2 2 11 36
split_gain=70.7425 76.9206 225.672 152.874 115.664 127.322 108.592 92.8735 88.4672 188.986 208.372 124.633 95.2176 126.018 63.7732 48.4442 171.659 80.9402 102.842 77.3764 108.984 68.0016 84.4109 68.636 146.588 52.6781 35.2752 28.3674
threshold=50.500000000000007 21.166666666666668 0 1 1.3591100000000003 0.27023333333333344 0.70000000000000007 36.500000000000007 0.71350666666666684 2 12.500000000000002 0.12597600000000003 3 4 1.5335833333333335 87.088078827489525 5 0.090000000000000066 0.0098500000000000029 6 0.50970560318238534 41.45000000000001 0.96000000000000019 24.416666666666668 7 8 0.050055000000000009 1.3115350347106889
decision_type=2 2 1 1 2 2 2 2 2 1 2 2 1 1 2 2 1 2 2 1 2 2 2 2 1 1 2 2
left_child=1 15 3 4 5 -3 7 -5 12 11 -11 -10 13 -4 -14 21 17 18 -17 27 -21 23 -23 25 -25 -1 -2 -18
right_child=26 2 8 6 -6 -7 -8 -9 9 10 -12 -13 14 -15 -16 16 19 -19 -20 20 -22 22 -24 24 -26 -27 -28 -29
leaf_value=0.00099384232510735943 -0.002347277952778724 0.0072140045273331324 -0.028199749807310583 0.0018256268571130931 0.078811304998804219 0.05594150882688436 -0.031379404917359348 0.035795471960917501 -0.045545162829306887 0.00011556564096142263 0.081915039855055508 0.017128474365799656 -0.00086726874559650102 -0.00046604486912328277 0.018441490093284114 0.021475989232772531 0.028290577230086694 0.050235390836178367 -0.018876792716267313 -0.02317458158354746 0.015508630402129272 0.050696686984254766 0.0025180142998695375 0.0054581232699095657 -0.029827226849169369 -0.0012793810711416249 -0.031678406947223764 -0.0005119767843161599
leaf_weight=14779 61 108 245 191 54 87 53 116 52 50 63 61 716 360 195 324 64 66 68 266 86 51 89 207 205 24155 94 58
leaf_count=14779 61 108 245 191 54 87 53 116 52 50 63 61 716 360 195 324 64 66 68 266 86 51 89 207 205 24155 94 58
internal_value=-7.79768e-05 -4.35293e-06 0.0052696 0.0208015 0.0386531 0.0291438 0.00766605 0.0147454 -0.000285117 0.0171785 0.0423505 -0.0108785 -0.002902 -0.0120049 0.00324263 -0.000311321 0.00644511 0.0192814 0.0144382 -0.00624058 -0.0133206 -0.00047103 0.0203252 -0.000545617 -0.0127114 -0.000416479 -0.0202435 0.0135765
internal_weight=42924 42769 2351 609 249 195 360 307 1742 226 113 113 1516 605 911 40418 932 458 392 474 352 39486 140 39346 412 38934 155 122
internal_count=42924 42769 2351 609 249 195 360 307 1742 226 113 113 1516 605 911 40418 932 458 392 474 352 39486 140 39346 412 38934 155 122
cat_boundaries=0 1 2 3 4 5 6 7 8 9
cat_threshold=3484672 1245389 20637 4326210 1053470 641973 1053442 2933212 5112166
is_linear=0
shrinkage=0.03


Tree=145
num_leaves=31
num_cat=6
split_feature=0 2 3 16 38 3 17 19 9 38 24 28 28 6 35 17 17 32 36 35 28 17 23 28 18 28 2 3 28 3
split_gain=71.9483 75.3552 149.603 143.24 106.734 80.6275 96.5882 124.467 137.982 87.0646 77.0326 188.628 61.8025 60.9084 52.731 102.643 54.6932 51.7792 128.649 88.5963 67.2932 65.4448 61.1984 50.8212 47.5053 45.3795 99.8746 110.918 86.3655 169.684
threshold=5.3500000000000005 0 1 0.48000000000000009 0.41941001170282971 2 1.5607000000000002 1.1360800000000004 0.3303666666666667 0.13671343558803026 23.566666666666674 8.2633333333333372 14.040000000000001 2.5833333333333335 1.5522489491833142 1.7950000000000002 1.6827500000000002 0.55101519271404986 0.97939016581150062 2.0413276727446359 4.5500000000000016 0.7350000000000001 58.500000000000007 7.8600000000000012 0.19666666666666674 17.945000000000004 3 4 13.730000000000002 5
decision_type=2 1 1 2 2 1 2 2 2 2 2 2 2 2 2 2 2 2 2 2 2 2 2 2 2 2 1 1 2 1
left_child=25 2 3 10 14 6 7 9 -9 -3 11 -2 23 24 16 -16 -4 18 -7 20 -19 -21 -20 -8 -6 28 27 -27 -1 -30
right_child=1 5 4 -5 13 17 12 8 -10 -11 -12 -13 -14 -15 15 -17 -18 19 22 21 -22 -23 -24 -25 -26 26 -28 -29 29 -31
leaf_value=-0.00072924258892857502 0.0058689507725749081 -0.010797785838417123 0.0022788638059035942 0.068555373937894529 -0.016026987172746927 0.041214601507160206 -0.012457609793240272 0.013605527934502568 0.064677738099289464 0.007830507897650307 -0.013371281984059706 0.047069888926762199 -0.024668606368426622 -0.032620198988016241 0.0074456975293900746 0.046161672535149946 -0.029271900995024316 -0.0049208408064988184 -0.00011647251056122553 0.0057699845991274227 -0.032071858308072153 -0.017126337393311559 -0.027583107898235322 0.023627738086927322 0.019636476326319905 0.017423026454471982 -0.016509167328860416 -0.01047989335787766 0.024188886497693286 -0.0030920330631128367
leaf_weight=33312 277 266 334 51 88 66 80 168 66 1462 68 156 144 106 588 68 57 146 2759 394 189 156 74 61 53 229 485 265 359 461
leaf_count=33312 277 266 334 51 88 66 80 168 66 1462 68 156 144 106 588 68 57 146 2759 394 189 156 74 61 53 229 485 265 359 461
internal_value=-9.37311e-05 0.00249719 0.00778122 0.0207226 0.00213021 0.000863976 0.00535194 0.00774772 0.0282372 0.00495664 0.0161333 0.0207939 -0.0109129 -0.01555 0.00633523 0.0115277 -0.0023759 -0.00180804 0.000125925 -0.00815994 -0.0202977 -0.000738096 -0.000844459 0.00318911 -0.00255656 -0.000675133 -0.00704028 0.00254668 -0.000492275 0.00911991
internal_weight=42988 7877 1846 552 1294 6031 2247 1962 234 1728 501 433 285 247 1047 656 391 3784 2899 885 335 550 2833 141 141 35111 979 494 34132 820
internal_count=42988 7877 1846 552 1294 6031 2247 1962 234 1728 501 433 285 247 1047 656 391 3784 2899 885 335 550 2833 141 141 35111 979 494 34132 820
cat_boundaries=0 1 2 3 4 5 6
cat_threshold=4459904 199313 678926 3757265 1385362 2157251
is_linear=0
shrinkage=0.03


Tree=146
num_leaves=31
num_cat=9
split_feature=30 14 3 2 18 2 31 35 32 3 29 2 35 29 12 22 19 3 2 28 19 35 24 26 29 2 20 1 33 35
split_gain=65.8725 63.9104 59.7867 153.098 112.109 102.535 100.505 96.1101 155.798 109.575 95.681 76.4594 71.7019 62.3089 103.837 61.1127 53.2359 67.3171 67.871 67.1026 47.9556 44.0786 42.1732 73.4997 42.3923 92.985 56.8409 27.5286 20.9882 20.0461
threshold=72.166666666666671 0.059245000000000013 0 1 1.8166666666666671 2 42.100000000000009 2.1212611275253157 0.69151977986171287 3 37.500000000000007 4 1.287774910996228 37.500000000000007 0.06116166666666667 27.225000000000005 1.8200000000000003 5 6 0.50000000000000056 1.1141300000000003 1.2398321728533757 37.833333333333343 12.550000000000002 11.500000000000002 7 4.5000000000000009 8 0.21311195180304884 0.86920780388791885
decision_type=2 2 1 1 2 1 2 2 2 1 2 1 2 2 2 2 2 1 1 2 2 2 2 2 2 1 2 1 2 2
left_child=1 16 3 4 6 13 -3 9 -9 -5 20 -6 -12 15 -15 -4 22 21 28 -20 -7 29 24 27 26 -26 -1 -24 -19 -18
right_child=-2 2 5 7 11 10 -8 8 -10 -11 12 -13 -14 14 -16 -17 17 18 19 -21 -22 -23 23 -25 25 -27 -28 -29 -30 -31
leaf_value=-0.00063985682634640434 -0.033698813054997188 0.010596109945551104 0.0034753250076785618 -0.016667848011757001 0.0076679425154941088 0.0016774800137061769 -0.031178495675739316 0.039099351594732566 -0.010723462397627757 0.0014452030296377854 -0.00096192942830649285 0.043961320831999183 -0.040205078759614155 0.038846788497041852 -0.00036449161881492253 -0.028130067348480225 -0.020628906770917194 -0.0062746628464844358 0.027080026554901684 -0.0021587739738170054 -0.010176131460639037 -0.035459084675186561 0.043132777640409771 -0.010534459845788442 0.0064983796974066544 -0.01224694882578531 0.0028072707754781957 0.012699902707567582 -0.032588405420545676 -0.004099672985646792
leaf_weight=29218 51 1300 1611 384 105 745 53 131 98 1255 65 144 118 117 125 56 120 51 104 215 521 94 59 66 347 720 5048 51 60 148
leaf_count=29218 51 1300 1611 384 105 745 53 131 98 1255 65 144 118 117 125 56 120 51 104 215 521 94 59 66 347 720 5048 51 60 148
internal_value=4.60966e-05 8.68499e-05 0.00274946 0.00550236 0.0122805 -0.000111198 0.00893567 -0.000346823 0.0178108 -0.00289706 -0.00610372 0.0308259 -0.0263635 0.00444469 0.0186625 0.00239557 -0.000413951 -0.00810168 0.000122296 0.00719427 -0.00320248 -0.0173768 -0.000242174 0.0143647 -0.000315423 -0.0062014 -0.000131878 0.0292915 -0.0189932 -0.0115611
internal_weight=43180 43129 6828 3470 1602 3358 1353 1868 229 1639 1449 249 183 1909 242 1667 36301 792 430 319 1266 362 35509 176 35333 1067 34266 110 111 268
internal_count=43180 43129 6828 3470 1602 3358 1353 1868 229 1639 1449 249 183 1909 242 1667 36301 792 430 319 1266 362 35509 176 35333 1067 34266 110 111 268
cat_boundaries=0 1 2 3 4 5 6 7 8 9
cat_threshold=7484129 2944166 5702269 4225 25636 470056 6308369 3150854 2
is_linear=0
shrinkage=0.03


Tree=147
num_leaves=17
num_cat=3
split_feature=11 31 2 30 26 32 33 32 31 31 8 3 33 24 3 26
split_gain=78.7286 77.1625 162.38 142.972 116.155 88.295 134.144 110.242 83.2009 90.6539 52.271 119.075 46.3968 51.9019 42.5308 34.7568
threshold=0.71405500000000011 35.63333333333334 0 38.166666666666679 19.150000000000002 0.60501323493541059 0.2758059122695255 0.36815948437041507 33.366666666666674 32.45000000000001 0.062150000000000004 1 0.25938696743336193 23.966666666666672 2 20.450000000000006
decision_type=2 2 1 2 2 2 2 2 2 2 2 1 2 2 1 2
left_child=1 8 3 -3 -5 6 7 -4 9 10 14 -12 13 -10 -1 -7
right_child=-2 2 5 4 -6 15 -8 -9 12 -11 11 -13 -14 -15 -16 -17
leaf_value=0.00095448331044410825 -0.028661969194166803 0.066798220312063186 -0.0019255562591350686 0.036916548774436571 -0.012804974983672836 -0.0061075596112919895 -0.032611659453860645 0.039581282079219821 -0.054945282380370532 0.038650441529534077 0.0127009623947063 0.00041694619484680738 0.0018331051500623716 -0.012355378490754148 -0.0010745326718238622 -0.03683916862783107
leaf_weight=15984 84 69 117 98 73 68 57 112 50 54 933 2886 50 54 22194 65
leaf_count=15984 84 69 117 98 73 68 57 112 50 54 933 2886 50 54 22194 65
internal_value=0.000181239 0.0002385 0.010417 0.0294145 0.0157219 -0.00117399 0.00818116 0.0184455 7.92558e-05 0.000160191 0.000109709 0.00345565 -0.0218598 -0.0331881 -0.000224994 -0.021312
internal_weight=42948 42864 659 240 171 419 286 229 42205 42051 41997 3819 154 104 38178 133
internal_count=42948 42864 659 240 171 419 286 229 42205 42051 41997 3819 154 104 38178 133
cat_boundaries=0 1 2 3
cat_threshold=1411602 5783712 2212493
is_linear=0
shrinkage=0.03


Tree=148
num_leaves=10
num_cat=0
split_feature=20 20 19 9 16 11 26 26 39
split_gain=44.4398 92.9692 126.298 66.9912 82.6327 48.6674 46.0432 91.9804 26.1577
threshold=50.500000000000007 42.500000000000007 0.70032000000000016 0.91166666666666674 0.90629500000000018 0.044125000000000004 77.100000000000009 55.550000000000004 78.048334660827223
decision_type=2 2 2 2 2 2 2 2 2
left_child=1 3 -3 4 6 -2 7 -1 -4
right_child=5 2 8 -5 -6 -7 -8 -9 -10
leaf_value=-0.00016817854424671765 0.0060871347988906664 0.053715777761850728 0.01836814940282527 0.033909472212195396 -0.036910270060463386 -0.028774654724606965 -0.023919389067855599 0.020536362340846628 -0.01013959778511702
leaf_weight=42079 56 67 50 51 54 98 72 193 66
leaf_count=42079 56 67 50 51 54 98 72 193 66
internal_value=-8.63443e-05 -2.79758e-05 0.0212505 -0.000120278 -0.000162081 -0.0161208 -0.000114276 -7.30939e-05 0.00217455
internal_weight=42786 42632 183 42449 42398 154 42344 42272 116
internal_count=42786 42632 183 42449 42398 154 42344 42272 116
is_linear=0
shrinkage=0.03


Tree=149
num_leaves=30
num_cat=5
split_feature=0 16 2 19 3 16 39 31 30 20 30 29 39 19 30 10 3 17 5 30 2 26 29 24 2 13 13 24 25
split_gain=70.5084 72.4519 62.7673 87.5716 86.536 85.997 69.6621 59.5295 72.7415 86.4413 85.8903 56.5985 79.8059 93.5588 100.296 39.0137 54.7096 63.7574 97.3291 52.4472 103.77 55.275 43.4017 43.1582 37.8347 35.9297 61.7125 43.6294 19.9093
threshold=5.3500000000000005 1.0640000000000003 0 1.9550000000000003 1 0.61442500000000011 83.30086454497895 56.675000000000004 41.166666666666679 36.500000000000007 47.416666666666679 41.500000000000007 81.248639003691778 0.4701800000000001 30.416666666666668 0.17613000000000004 2 1.3605500000000001 2.5000000000000004 16.833333333333339 3 1.0500000000000003 20.500000000000004 4.2666666666666719 4 0.13406300000000007 0.11200000000000006 14.533333333333337 20.620000000000008
decision_type=2 2 1 2 1 2 2 2 2 2 2 2 2 2 2 2 1 2 2 2 1 2 2 2 1 2 2 2 2
left_child=11 2 3 4 5 -2 -6 8 9 -4 -10 15 13 -13 -15 19 17 18 -17 25 22 -22 -21 -18 -25 26 -1 -27 -19
right_child=1 -3 7 -5 6 -7 -8 -9 10 -11 -12 12 -14 14 -16 16 23 28 -20 20 21 -23 -24 24 -26 27 -28 -29 -30
leaf_value=-0.00071809533749924272 0.0099950171534202836 -0.031472318664193151 0.00053633471622236025 0.042736529501565437 -0.0012224154339708592 0.045358397253535014 0.021799864475314436 0.031084117958257933 -0.036148688089411456 0.022248000077380422 0.00059288583789020776 -0.010255952961169755 -0.018826137760106252 0.060882626285931725 0.0065935890791091051 -0.0024759105165738479 0.0091160971721013367 -0.0023679654684246464 0.046822436998649075 0.017739680130163141 0.02249156109473846 -0.0041642617590373328 0.056023292048922126 -0.0037093540461733939 -0.027046573871384476 0.0014554096574357039 0.014841407164641015 -0.017589353425948605 -0.029130825938109086
leaf_weight=33178 1040 55 4747 58 1311 65 129 57 103 170 127 51 50 71 54 104 53 50 54 57 88 327 52 109 205 192 230 246 50
leaf_count=33178 1040 55 4747 58 1311 65 129 57 103 170 127 51 50 71 54 104 53 50 54 57 88 327 52 109 205 192 230 246 50
internal_value=-4.14875e-05 0.00252701 0.00277092 0.00656316 0.00574691 0.0120085 0.000845743 0.000858337 0.000518716 0.00129197 -0.0159332 -0.000614966 0.0143161 0.0238016 0.037692 -0.000711884 -0.00813433 0.00260158 0.0145425 -0.00057659 0.00883239 0.00148561 0.0333428 -0.0153305 -0.0199688 -0.000722605 -0.000610444 -0.00924983 -0.015935
internal_weight=43083 7862 7807 2603 2545 1105 1440 5204 5147 4917 230 35221 226 176 125 34995 625 258 158 34370 524 415 109 367 314 33846 33408 438 100
internal_count=43083 7862 7807 2603 2545 1105 1440 5204 5147 4917 230 35221 226 176 125 34995 625 258 158 34370 524 415 109 367 314 33846 33408 438 100
cat_boundaries=0 1 2 3 4 5
cat_threshold=6704640 2474133 4202682 1835268 180491
is_linear=0
shrinkage=0.03


end of trees

feature_importances:
opponent_name=474
team_name=435
projected_minutes=346
price=234
anytime_goal_scorer_prob=142
expected_goals_conceded_last_1=138
threat_mean_last_5=135
opponent_implied_goals=108
creativity_mean_last_5=102
creativity_last_1=97
team_implied_goals=96
influence_last_1=94
win_prob=94
loss_prob=94
bps_last_1=88
draw_prob=87
expected_goals_conceded_mean_last_5=82
expected_goal_involvements_last_1=80
influence_mean_last_3=78
clean_sheet_prob=78
expected_goals_conceded_mean_last_3=77
creativity_mean_last_3=77
expected_goal_involvements_mean_last_5=75
total_points_mean_last_5=73
threat_mean_last_3=70
expected_assists_mean_last_5=65
bps_mean_last_5=65
influence_mean_last_5=63
expected_goal_involvements_mean_last_3=60
threat_last_1=59
total_points_mean_last_3=58
position=54
bps_mean_last_3=53
expected_goals_mean_last_3=52
was_home=51
expected_assists_mean_last_3=49
expected_goals_mean_last_5=46
expected_assists_last_1=44
total_points_last_1=37
expected_goals_last_1=36
start_probability=15

parameters:
[boosting: gbdt]
[objective: regression]
[metric: rmse]
[tree_learner: serial]
[device_type: cpu]
[data_sample_strategy: bagging]
[data: ]
[valid: ]
[num_iterations: 150]
[learning_rate: 0.03]
[num_leaves: 31]
[num_threads: 0]
[seed: 0]
[deterministic: 0]
[force_col_wise: 0]
[force_row_wise: 0]
[histogram_pool_size: -1]
[max_depth: 6]
[min_data_in_leaf: 50]
[min_sum_hessian_in_leaf: 0.001]
[bagging_fraction: 0.8]
[pos_bagging_fraction: 1]
[neg_bagging_fraction: 1]
[bagging_freq: 1]
[bagging_seed: 3]
[bagging_by_query: 0]
[feature_fraction: 0.8]
[feature_fraction_bynode: 1]
[feature_fraction_seed: 2]
[extra_trees: 0]
[extra_seed: 6]
[early_stopping_round: 0]
[early_stopping_min_delta: 0]
[first_metric_only: 0]
[max_delta_step: 0]
[lambda_l1: 0.1]
[lambda_l2: 1]
[linear_lambda: 0]
[min_gain_to_split: 0]
[drop_rate: 0.1]
[max_drop: 50]
[skip_drop: 0.5]
[xgboost_dart_mode: 0]
[uniform_drop: 0]
[drop_seed: 4]
[top_rate: 0.2]
[other_rate: 0.1]
[min_data_per_group: 100]
[max_cat_threshold: 32]
[cat_l2: 10]
[cat_smooth: 10]
[max_cat_to_onehot: 4]
[top_k: 20]
[monotone_constraints: ]
[monotone_constraints_method: basic]
[monotone_penalty: 0]
[feature_contri: ]
[forcedsplits_filename: ]
[refit_decay_rate: 0.9]
[cegb_tradeoff: 1]
[cegb_penalty_split: 0]
[cegb_penalty_feature_lazy: ]
[cegb_penalty_feature_coupled: ]
[path_smooth: 0]
[interaction_constraints: ]
[verbosity: -1]
[saved_feature_importance_type: 0]
[use_quantized_grad: 0]
[num_grad_quant_bins: 4]
[quant_train_renew_leaf: 0]
[stochastic_rounding: 1]
[linear_tree: 0]
[max_bin: 255]
[max_bin_by_feature: ]
[min_data_in_bin: 3]
[bin_construct_sample_cnt: 200000]
[data_random_seed: 1]
[is_enable_sparse: 1]
[enable_bundle: 1]
[use_missing: 1]
[zero_as_missing: 0]
[feature_pre_filter: 1]
[pre_partition: 0]
[two_round: 0]
[header: 0]
[label_column: ]
[weight_column: ]
[group_column: ]
[ignore_column: ]
[categorical_feature: 1,2,3,4]
[forcedbins_filename: ]
[precise_float_parser: 0]
[parser_config_file: ]
[objective_seed: 5]
[num_class: 1]
[is_unbalance: 0]
[scale_pos_weight: 1]
[sigmoid: 1]
[boost_from_average: 1]
[reg_sqrt: 0]
[alpha: 0.9]
[fair_c: 1]
[poisson_max_delta_step: 0.7]
[tweedie_variance_power: 1.5]
[lambdarank_truncation_level: 30]
[lambdarank_norm: 1]
[label_gain: ]
[lambdarank_position_bias_regularization: 0]
[eval_at: ]
[multi_error_top_k: 1]
[auc_mu_weights: ]
[num_machines: 1]
[local_listen_port: 12400]
[time_out: 120]
[machine_list_filename: ]
[machines: ]
[gpu_platform_id: -1]
[gpu_device_id: -1]
[gpu_device_id_list: ]
[gpu_use_dp: 0]
[num_gpu: 1]

end of parameters

pandas_categorical:[["False", "True"], ["Arsenal", "Aston Villa", "Bournemouth", "Brentford", "Brighton", "Burnley", "Chelsea", "Crystal Palace", "Everton", "Fulham", "Leeds", "Leicester", "Liverpool", "Luton", "Man City", "Man Utd", "Newcastle", "Nott'm Forest", "Sheffield Utd", "Southampton", "Spurs", "West Ham", "Wolves"], ["Arsenal", "Aston Villa", "Bournemouth", "Brentford", "Brighton", "Burnley", "Chelsea", "Crystal Palace", "Everton", "Fulham", "Leeds", "Leicester", "Liverpool", "Luton", "Man City", "Man Utd", "Newcastle", "Nott'm Forest", "Sheffield Utd", "Southampton", "Spurs", "West Ham", "Wolves"], ["DEF", "FWD", "GK", "MID"]]
