tree
version=v4
num_class=1
num_tree_per_iteration=1
label_index=0
max_feature_idx=11
objective=regression
feature_names=minutes_last_1 minutes_mean_last_3 minutes_mean_last_5 starts_last_1 starts_mean_last_3 starts_mean_last_5 benched_sum_last_3 benched_sum_last_5 days_rest position price team_name
feature_infos=[0:180] [0:150] [0:144] [0:2] [0:1.6666666666666667] [0:1.6000000000000001] [0:3] [0:5] [1.6875:46.3125] -1:3:0:1:2 [3.6000000000000001:14.5] -1:17:6:1:16:3:15:9:20:22:4:2:8:12:7:0:21:14:13:5:18:19:10:11
tree_sizes=2760 2811 2815 2788 2819 2806 2786 2788 2795 2796 2794 2780 2810 2762 2798 2774 2795 2793 2784 2769 2804 2770 2807 2795 2752 2791 2764 2785 2778 2810 2786 2763 2813 2751 2795 2766 2786 2785 2737 2756 2807 2753 2805 2775 2785 2761 2790 2752 2752 2806 2775 2769 2765 2779 2764 2781 2814 2786 2807 2773 2804 2800 2779 2775 2791 2796 2804 2779 2825 2801 2831 2815 2809 2774 2807 2791 2791 2780 2801 2836 2723 2794 2815 2837 2801 2794 2780 2810 2829 2826 2818 2794 2794 2822 2801 2798 2827 2526 2792 2780

Tree=0
num_leaves=31
num_cat=3
split_feature=0 0 1 6 1 1 10 1 0 5 1 1 9 10 11 1 0 11 0 0 10 1 10 5 0 3 0 4 0 7
split_gain=4.54492e+07 3.09439e+06 2.01509e+06 867365 643294 294843 267044 232849 139017 127130 113691 91697.3 82264.2 121391 51403.5 46674.8 44262.5 40588.6 38434.1 48526 36418.1 35904 35382.9 30898.3 30626.7 29893.3 95595.2 40957.3 35937.5 29139.4
threshold=21.500000000000004 72.500000000000014 3.4166666666666674 1.0000000180025095e-35 82.833333333333357 47.833333333333336 4.9500000000000011 58.833333333333336 10.500000000000002 1.0000000180025095e-35 56.166666666666679 1.0000000180025095e-35 0 4.4500000000000011 1 37.416666666666679 87.500000000000014 2 95.500000000000014 167.50000000000003 5.4500000000000011 20.833333333333339 4.8500000000000005 0.90000000000000013 88.500000000000014 1.0000000180025095e-35 55.500000000000007 0.58333333333333337 44.500000000000007 1.0000000180025095e-35
decision_type=2 2 2 2 2 2 2 2 2 2 2 2 1 2 1 2 2 1 2 2 2 2 2 2 2 2 2 2 2 2
left_child=2 7 3 6 10 8 12 15 14 11 -3 -5 13 -1 21 17 -6 22 23 -20 -8 -4 -2 -18 -12 27 28 -9 -27 -28
right_child=1 4 5 9 16 -7 20 25 -10 -11 24 -13 -14 -15 -16 -17 18 -19 19 -21 -22 -23 -24 -25 -26 26 29 -29 -30 -31
leaf_value=26.825167875907368 28.342024593795987 29.551321295465229 27.322877954024381 26.577613144063772 30.264444084491668 28.35260285331448 28.195812063185063 29.292567321902926 27.926758763426989 27.120417897386453 29.84180172448275 26.968776505799276 26.859411133264288 28.481306306579768 27.181270115726367 28.829169616359298 30.561969632149541 28.202291736759538 29.46965430221266 30.546762373643457 28.934576830086968 27.740190663893777 29.033791345873258 30.776400638793888 30.175166616532721 27.307213095591568 29.67689568491587 30.206999325552744 28.668800427522243 29.101104852680777
leaf_weight=191 349 1593 1018 24696 775 1209 323 335 1388 1235 1011 1595 521 263 2195 1117 2773 1027 145 375 345 1044 393 4262 2163 63 500 193 210 392
leaf_count=191 349 1593 1018 24696 775 1209 323 335 1388 1235 1011 1595 521 263 2195 1117 2773 1027 145 375 345 1044 393 4262 2163 63 500 193 210 392
internal_value=27.8915 29.968 26.8725 26.6912 30.3592 27.644 27.8072 28.8492 27.4922 26.6246 29.896 26.6013 27.2796 27.7869 27.3505 28.5761 30.6243 28.4163 30.6612 30.2464 28.5774 27.5359 28.6976 30.6919 30.069 29.3147 29.1733 29.6268 28.3546 29.4239
internal_weight=53699 17676 36023 29169 13097 6854 1643 4579 5645 27526 4767 26291 975 454 4257 2886 8330 1769 7555 520 668 2062 742 7035 3174 1693 1165 528 273 892
internal_count=53699 17676 36023 29169 13097 6854 1643 4579 5645 27526 4767 26291 975 454 4257 2886 8330 1769 7555 520 668 2062 742 7035 3174 1693 1165 528 273 892
cat_boundaries=0 1 2 3
cat_threshold=1 6347348 5370128
is_linear=0
shrinkage=1


Tree=1
num_leaves=31
num_cat=4
split_feature=0 0 1 6 1 1 10 2 2 0 2 9 10 2 2 11 0 10 1 2 1 11 2 2 1 3 0 0 11 0
split_gain=4.10188e+07 2.79256e+06 1.81848e+06 782359 580573 266137 241214 219383 214904 125501 114996 74408.3 109555 65399.1 63065.5 46437.4 33734.9 32867.3 32403.4 31979.3 31966.5 29266.9 28684.9 28485.2 28139.9 32285.9 67051.4 28076.3 27612.3 26223.3
threshold=21.500000000000004 72.500000000000014 3.4166666666666674 1.0000000180025095e-35 82.833333333333357 47.833333333333336 4.9500000000000011 1.0000000180025095e-35 55.900000000000006 10.500000000000002 44.900000000000006 0 4.4500000000000011 22.900000000000002 89.225000000000009 1 89.500000000000014 5.4500000000000011 20.833333333333339 69.63333333333334 59.833333333333336 2 17.900000000000002 39.100000000000009 73.166666666666671 1.0000000180025095e-35 44.500000000000007 15.500000000000002 3 96.500000000000014
decision_type=2 2 2 2 2 2 2 2 2 2 2 1 2 2 2 1 2 2 2 2 2 1 2 2 2 2 2 2 1 2
left_child=2 8 3 6 10 9 11 -5 13 15 20 12 -1 21 29 18 -12 -8 -4 -18 -3 -2 -9 28 25 -10 -27 -7 -11 -6
right_child=1 4 5 7 14 27 17 22 24 23 16 -13 -14 -15 -16 -17 19 -19 -20 -21 -22 -23 -24 -25 -26 26 -28 -29 -30 -31
leaf_value=-1.0129861781734446 0.65143218941733561 1.4282632026821376 -0.540161586902699 -1.2620642706540519 2.4547709269747764 0.34601915441418152 0.28912579824588619 -0.9365023037119381 1.479329193339924 0.18315861260362448 1.8524017308781919 -0.98142685396298635 0.56034530210857614 0.82702437175876831 2.7062324532716882 -0.67485008514387002 2.0038291753086215 0.99095230574733106 -0.14371452465139586 2.3939943842443334 1.9736599716837007 0.11247849628329276 -0.62098977126435306 0.60578975373126098 1.5663844380765926 -0.70220678818636939 1.097821547803401 1.0687334861074176 -0.29279718500502566 1.7645728957425391
leaf_weight=191 417 1202 1018 23483 3106 1055 323 3105 445 599 1116 521 263 1748 5080 2195 1086 345 1044 1017 346 650 938 188 782 58 479 154 601 144
leaf_count=191 417 1202 1018 23483 3106 1055 323 3105 445 599 1116 521 263 1748 5080 2195 1086 345 1044 1017 346 650 938 188 782 58 479 154 601 144
internal_value=-1.33487e-05 1.97276 -0.968025 -1.14023 2.34436 -0.235162 -0.0803293 -1.20349 0.909888 -0.379351 1.9043 -0.581792 -0.099374 0.638734 2.59619 -0.513969 2.0746 0.651596 -0.3378 2.19251 1.55017 0.330269 -0.863302 0.0335252 1.3426 1.16439 0.903405 0.438077 -0.0561296 2.42419
internal_weight=53699 17676 36023 29169 13097 6854 1643 27526 4579 5645 4767 975 454 2815 8330 4257 3219 668 2062 2103 1548 1067 4043 1388 1764 982 537 1209 1200 3250
internal_count=53699 17676 36023 29169 13097 6854 1643 27526 4579 5645 4767 975 454 2815 8330 4257 3219 668 2062 2103 1548 1067 4043 1388 1764 982 537 1209 1200 3250
cat_boundaries=0 1 2 3 4
cat_threshold=1 6347348 4297496 5648842
is_linear=0
shrinkage=0.05


Tree=2
num_leaves=31
num_cat=3
split_feature=0 0 1 6 1 1 2 2 0 2 2 2 11 11 0 1 2 1 0 3 0 2 2 2 0 8 11 0 0 2
split_gain=3.70207e+07 2.51997e+06 1.64102e+06 705684 523967 240231 197993 193872 113282 103784 59082.3 56916.6 41951 31691.5 30445.8 29485.6 28861.3 28849.7 26880.2 79780.9 37585.5 26874.3 25888.2 25711.7 25338.9 26120.8 24963.1 23666.6 25430.5 23477.4
threshold=21.500000000000004 72.500000000000014 3.4166666666666674 1.0000000180025095e-35 82.833333333333357 47.833333333333336 1.0000000180025095e-35 55.900000000000006 10.500000000000002 44.900000000000006 25.100000000000005 89.225000000000009 0 1 89.500000000000014 24.833333333333339 69.63333333333334 59.833333333333336 57.500000000000007 1.0000000180025095e-35 44.500000000000007 70.90000000000002 17.900000000000002 39.100000000000009 15.500000000000002 4.0416666666666679 2 96.500000000000014 157.50000000000003 62.100000000000009
decision_type=2 2 2 2 2 2 2 2 2 2 2 2 1 1 2 2 2 2 2 2 2 2 2 2 2 2 1 2 2 2
left_child=2 7 3 -1 9 8 -5 10 12 17 13 27 15 -2 -11 -4 -16 -3 19 -9 -21 -20 -8 26 25 -7 -10 -6 -29 -27
right_child=1 4 5 6 11 24 22 18 23 14 -12 -13 -14 -15 16 -17 -18 -19 21 20 -22 -23 -24 -25 -26 29 -28 28 -30 -31
leaf_value=-0.07661149998490796 0.64608233246310365 1.3568501046682846 -0.48512307388244302 -1.198960978631997 2.3320324245790838 0.92596630263022883 -0.88967717760762932 1.4980787464969163 0.17415104755284558 1.7597816436414651 0.80295553039988654 2.5709208672056634 -0.64126059407279612 0.11808485508969252 1.9036377240829925 -0.10268583694300876 2.2742947037358316 1.8749770070776084 1.1412364266213328 -0.61653083906029216 0.72494086802005775 1.6581286884806801 -0.58994024180368321 0.57550025069491662 1.0152967912616668 -0.08756999987281032 -0.27839693577560776 0.76528864383697515 2.1609481815248728 0.4339000442391866
leaf_weight=1643 484 1202 1185 23483 3106 156 3105 417 599 1116 1625 5080 2195 706 1086 877 1017 346 435 66 250 596 938 188 154 360 601 50 94 539
leaf_count=1643 484 1202 1185 23483 3106 156 3105 417 599 1116 1625 5080 2195 706 1086 877 1017 346 435 66 250 596 938 188 154 360 601 50 94 539
internal_value=-2.19654e-05 1.87414 -0.919648 -1.08324 2.22714 -0.223461 -1.14332 0.864477 -0.360453 1.80908 0.606933 2.46638 -0.48835 0.339255 1.97087 -0.32091 2.08289 1.47266 1.27547 1.04399 0.44476 1.44004 -0.820136 0.0318094 0.416173 0.328718 -0.0533688 2.30298 1.67634 0.22508
internal_weight=53699 17676 36023 29169 13097 6854 27526 4579 5645 4767 2815 8330 4257 1190 3219 2062 2103 1548 1764 733 316 1031 4043 1388 1209 1055 1200 3250 144 899
internal_count=53699 17676 36023 29169 13097 6854 27526 4579 5645 4767 2815 8330 4257 1190 3219 2062 2103 1548 1764 733 316 1031 4043 1388 1209 1055 1200 3250 144 899
cat_boundaries=0 1 2 3
cat_threshold=6347348 1159960 5648842
is_linear=0
shrinkage=0.05


Tree=3
num_leaves=31
num_cat=5
split_feature=0 0 1 6 1 1 2 1 0 2 2 2 11 0 1 2 1 11 3 0 4 0 11 9 2 2 11 2 0 0
split_gain=3.3412e+07 2.27398e+06 1.48083e+06 636880 472880 216848 178689 177280 102253 93665.1 55207.3 51367.2 37898 27477.3 26802.7 26047.3 26036.9 25365.4 24393.2 75874 37082 26101.7 24306.5 26809.3 23852.6 23498.3 23404.3 23364.1 21359.1 22951
threshold=21.500000000000004 72.500000000000014 3.4166666666666674 1.0000000180025095e-35 82.833333333333357 47.833333333333336 1.0000000180025095e-35 58.833333333333336 10.500000000000002 44.900000000000006 22.900000000000002 89.225000000000009 0 89.500000000000014 20.833333333333339 69.63333333333334 59.833333333333336 1 1.0000000180025095e-35 55.500000000000007 0.58333333333333337 44.500000000000007 2 3 72.90000000000002 35.45000000000001 4 17.900000000000002 96.500000000000014 157.50000000000003
decision_type=2 2 2 2 2 2 2 2 2 2 2 2 1 2 2 2 2 1 2 2 2 2 1 1 2 2 1 2 2 2
left_child=2 7 3 -1 9 8 -5 10 12 16 17 28 14 -11 -4 -15 -3 -2 20 21 -9 -20 -7 -24 -21 26 -10 -8 -6 -30
right_child=1 4 5 6 11 22 27 18 25 13 -12 -13 -14 15 -16 -17 -18 -19 19 24 -22 -23 23 -25 -26 -27 -28 -29 29 -31
leaf_value=-0.072780911435786355 0.71686938055327021 1.2890076017320258 -0.48889736526724398 -1.1390130074617735 2.2154307270373406 0.12977509513330551 -0.8451933243530001 1.1914027750536578 0.18924941799257075 1.6717925971600907 0.7505415500508783 2.442374779643623 -0.60934298225135763 1.8084558327855547 -0.12833570879794859 2.1605799269330421 1.7812281428734005 0.15095989869396187 -0.52223207534305638 1.0573821628217324 2.0614997831650967 0.6381638656911397 0.7333068405407378 -0.10983052356975286 1.5746827448478302 0.48587654559536181 -0.26071813622837037 -0.56044326212241269 0.72702422177791604 2.0529008578112786
leaf_weight=1643 261 1202 1018 23483 3106 526 3105 335 509 1116 1819 5080 2195 1086 1044 1017 346 806 63 434 193 210 566 117 458 235 644 938 50 94
leaf_count=1643 261 1202 1018 23483 3106 526 3105 335 509 1116 1819 5080 2195 1086 1044 1017 346 806 63 434 193 210 566 117 458 235 644 938 50 94
internal_value=-2.07376e-05 1.78046 -0.873676 -1.02907 2.11578 -0.212342 -1.08615 0.821337 -0.342496 1.71863 0.583053 2.34306 -0.464008 1.87232 -0.304865 1.97874 1.39903 0.297521 1.22753 1.09976 1.50945 0.37038 0.395365 0.589374 1.32299 0.0301814 -0.0626966 -0.77913 2.18783 1.59253
internal_weight=53699 17676 36023 29169 13097 6854 27526 4579 5645 4767 2886 8330 4257 3219 2062 2103 1548 1067 1693 1165 528 273 1209 683 892 1388 1153 4043 3250 144
internal_count=53699 17676 36023 29169 13097 6854 27526 4579 5645 4767 2886 8330 4257 3219 2062 2103 1548 1067 1693 1165 528 273 1209 683 892 1388 1153 4043 3250 144
cat_boundaries=0 1 2 3 4 5
cat_threshold=6347348 103168 5931310 9 5648714
is_linear=0
shrinkage=0.05


Tree=4
num_leaves=31
num_cat=1
split_feature=0 0 1 6 1 10 1 2 2 0 2 9 10 2 2 1 3 0 10 10 0 2 2 10 1 2 0 8 2 2
split_gain=3.01549e+07 2.0544e+06 1.33646e+06 574784 445098 217883 195913 161267 147475 92638.6 84246 67363.6 98873.7 47855.2 34737.7 32000.3 30451 50394.1 30024.4 29480.5 28943.8 25776.2 23990.6 32001.9 23714.9 23507.7 22905.2 23554 21144.4 21086.1
threshold=21.500000000000004 71.500000000000014 3.4166666666666674 1.0000000180025095e-35 82.833333333333357 4.9500000000000011 47.833333333333336 1.0000000180025095e-35 40.100000000000009 6.5000000000000009 44.900000000000006 0 4.4500000000000011 89.225000000000009 73.225000000000009 26.500000000000004 1.0000000180025095e-35 57.500000000000007 5.9500000000000011 5.3500000000000005 89.500000000000014 39.100000000000009 20.450000000000003 6.5500000000000007 59.833333333333336 69.63333333333334 15.500000000000002 4.0416666666666679 62.100000000000009 17.900000000000002
decision_type=2 2 2 2 2 2 2 2 2 2 2 1 2 2 2 2 2 2 2 2 2 2 2 2 2 2 2 2 2 2
left_child=2 8 3 5 10 11 9 -5 22 15 24 12 -1 -6 16 -4 -10 -18 -7 -16 -12 -11 23 -2 -3 -22 27 -8 -29 -9
right_child=1 4 6 7 13 18 26 29 14 21 20 -13 -14 -15 19 -17 17 -19 -20 -21 25 -23 -24 -25 -26 -27 -28 28 -30 -31
leaf_value=-0.9548671692453754 0.1657675670508133 1.2212947860746874 -0.57809819387211758 -1.0820623447637301 2.0761029621890006 0.41592292991274338 0.8599029278955781 -0.80293363722410183 1.1173710842221716 -0.10796816644880861 1.5720585506856442 -0.92595069583526435 0.53979770722498011 2.3212314331359667 1.0396553351652809 -0.27911965220730178 0.14857766696326047 0.94542382786530088 1.160134923331952 1.6724599946405168 1.7180330641444219 0.4365985499665378 0.59994904008642802 1.3008160550564307 1.6886806062668904 2.0525509557619439 0.94553385235659493 -0.1023649576223559 0.3925173873638178 -0.53242108328128934
leaf_weight=191 849 1233 2381 23483 3274 479 156 3105 799 1578 1200 521 263 5081 453 1434 289 633 189 310 1086 252 1037 67 348 1017 154 360 539 938
leaf_count=191 849 1233 2381 23483 3274 479 156 3105 799 1578 1200 521 263 5081 453 1434 289 633 189 310 1086 252 1037 67 348 1017 154 360 539 938
internal_value=-1.09365e-05 1.69146 -0.829991 -0.97762 2.00352 -0.0691419 -0.20172 -1.03185 0.760342 -0.325431 1.62433 -0.545736 -0.0870966 2.22518 1.01594 -0.465717 0.891442 0.695653 0.626486 1.29676 1.768 -0.0329787 0.435248 0.24879 1.32417 1.8798 0.375908 0.292759 0.194344 -0.740173
internal_weight=53699 17676 36023 29169 13239 1643 6854 27526 4437 5645 4884 975 454 8355 2484 3815 1721 922 668 763 3303 1830 1953 916 1581 2103 1209 1055 899 4043
internal_count=53699 17676 36023 29169 13239 1643 6854 27526 4437 5645 4884 975 454 8355 2484 3815 1721 922 668 763 3303 1830 1953 916 1581 2103 1209 1055 899 4043
cat_boundaries=0 1
cat_threshold=1
is_linear=0
shrinkage=0.05


Tree=5
num_leaves=31
num_cat=6
split_feature=0 0 1 6 1 10 1 1 2 0 2 2 11 2 11 10 1 3 0 4 11 10 11 10 11 8 11 2 10 8
split_gain=2.72151e+07 1.85574e+06 1.20621e+06 518423 352468 196807 177091 170795 145543 86108.7 69887.2 53765.3 42592.7 39461.5 32556.5 27876.7 27206.5 28569 57671.7 30573.7 25770 24878.9 24251.4 24091 28944.5 23812.7 22976.1 21018.6 20780.1 20160.3
threshold=21.500000000000004 74.500000000000014 3.4166666666666674 1.0000000180025095e-35 82.833333333333357 4.9500000000000011 45.166666666666679 58.833333333333336 1.0000000180025095e-35 10.500000000000002 44.900000000000006 25.100000000000005 0 89.225000000000009 1 5.4500000000000011 80.833333333333357 1.0000000180025095e-35 55.500000000000007 0.58333333333333337 2 4.4500000000000011 3 6.3500000000000005 4 7.8593750000000009 5 12.633333333333335 4.8500000000000005 4.0937500000000009
decision_type=2 2 2 2 2 2 2 2 2 2 2 2 1 2 1 2 2 2 2 2 1 2 1 2 1 2 1 2 2 2
left_child=2 7 3 5 10 12 9 11 -5 14 25 22 -1 -6 27 26 17 19 -19 -9 -8 -14 28 24 -11 29 -7 -4 -2 -3
right_child=1 4 6 8 13 15 20 16 -10 23 -12 -13 21 -15 -16 -17 -18 18 -20 -21 -22 -23 -24 -25 -26 -27 -28 -29 -30 -31
leaf_value=-0.86341842420573944 0.2305058586603087 1.0414608589496959 -0.54475237932361542 -1.0279591630388534 1.9802973304159714 -0.30728290893319177 0.053047459251648478 1.0823414228810855 -0.70316445673183592 -0.42657801358744418 1.7052814445921578 0.71841493360100417 -0.75377297873298332 2.2047140844638191 -0.56403018836473318 0.90769324107230576 1.5241322429165476 0.25126640273075479 1.1200985762042224 1.9110356218363407 0.50949391150430556 0.020256859384557253 0.048175809995548151 0.66077481030370111 0.10978940040045554 1.004150044168505 0.55549808803945788 -0.18241322683113689 0.80349271255790411 1.5630235373459305
leaf_weight=459 330 249 549 23483 3193 113 524 326 4043 339 3056 1776 144 5068 2151 345 386 255 761 169 786 372 582 136 892 497 210 1477 304 724
leaf_count=459 330 249 549 23483 3193 113 524 326 4043 339 3056 1776 144 5068 2151 345 386 255 761 169 786 372 582 136 892 497 210 1477 304 724
internal_value=-1.89866e-05 1.60688 -0.788505 -0.928755 1.92367 -0.0659666 -0.191634 0.778348 -0.980254 -0.315177 1.56901 0.543033 -0.518924 2.11797 -0.427906 0.595162 1.14949 1.05379 0.902035 1.36527 0.33121 -0.19203 0.286882 0.0292756 -0.040492 1.28572 0.261343 -0.279221 0.497405 1.42955
internal_weight=53699 17676 36023 29169 12787 1643 6854 4889 27526 5544 4526 2992 975 8261 4177 668 1897 1511 1016 495 1310 516 1216 1367 1231 1470 323 2026 634 973
internal_count=53699 17676 36023 29169 12787 1643 6854 4889 27526 5544 4526 2992 975 8261 4177 668 1897 1511 1016 495 1310 516 1216 1367 1231 1470 323 2026 634 973
cat_boundaries=0 1 2 3 4 5 6
cat_threshold=5361747 6347348 2007334 5632792 2214945 143976
is_linear=0
shrinkage=0.05


Tree=6
num_leaves=31
num_cat=7
split_feature=0 0 1 6 1 1 2 2 0 1 2 2 11 0 2 11 2 11 1 11 11 9 1 11 0 0 2 1 4 8
split_gain=2.45619e+07 1.67893e+06 1.08857e+06 467675 361297 160718 131353 122121 81130.2 68853 38959.2 37419.2 32547.9 23842 25921.7 23315.4 22979.1 24549.8 22243.1 21226.9 20903.6 23323.4 20892.6 19533 19149.4 20713.3 19030.2 16432.1 18965.8 15466.5
threshold=21.500000000000004 71.500000000000014 3.4166666666666674 1.0000000180025095e-35 82.833333333333357 49.833333333333336 1.0000000180025095e-35 55.900000000000006 10.500000000000002 49.166666666666679 89.225000000000009 22.900000000000002 0 89.500000000000014 69.63333333333334 1 20.450000000000003 2 24.833333333333339 3 4 5 22.583333333333339 6 96.500000000000014 157.50000000000003 17.900000000000002 73.166666666666671 0.83333333333333337 7.901041666666667
decision_type=2 2 2 2 2 2 2 2 2 2 2 2 1 2 2 1 2 1 2 1 1 1 2 1 2 2 2 2 2 2
left_child=2 7 3 -1 9 8 -5 11 12 29 24 19 18 -11 -15 -9 -10 -18 -4 -2 21 -7 -13 -24 -6 -26 -8 28 -17 -3
right_child=1 4 5 6 10 20 26 15 16 13 -12 22 -14 14 -16 27 17 -19 -20 -21 -22 -23 23 -25 25 -27 -28 -29 -30 -31
leaf_value=-0.062855441990403133 0.63261113794548296 1.2802333144538374 -0.39514546541913653 -0.97656126498220397 1.8997841006807819 0.69984654655983292 -0.72762874503822439 1.3522599224489098 -0.11672939858495235 1.4052607588131321 2.0950212740213048 1.0964082238250885 -0.53039894980487945 1.5280566237657562 1.8647592791944447 0.90903309353259432 0.68915843844737701 0.0019252790949748227 -0.066358075779837086 0.11357864896627889 0.12075522944976605 -0.13465735859575526 0.16788456572107222 0.6473513716110928 0.48785300350189209 1.7474357549180377 -0.47064177889917008 1.1028590903562658 0.3608366350201353 0.91647457378666586
leaf_weight=1643 258 830 1185 23483 3130 506 3105 471 874 1276 5081 207 2227 1317 1010 476 220 309 909 801 521 103 288 1207 50 94 938 493 236 451
leaf_count=1643 258 830 1185 23483 3130 506 3105 471 874 1276 5081 207 2227 1317 1010 476 220 309 909 801 521 103 288 1207 50 94 938 493 236 451
internal_value=-2.62988e-05 1.52654 -0.749092 -0.882327 1.80865 -0.182075 -0.931241 0.684802 -0.289652 1.46701 2.00835 0.480429 -0.396915 1.57895 1.6742 1.02148 0.0406979 0.300795 -0.25122 0.247075 0.362854 0.558812 0.625624 0.560439 1.87385 1.31008 -0.668006 0.873717 0.727328 1.15217
internal_weight=53699 17676 36023 29169 13239 6854 27526 4437 5724 4884 8355 2761 4321 3603 2327 1676 1403 529 2094 1059 1130 609 1702 1495 3274 144 4043 1205 712 1281
internal_count=53699 17676 36023 29169 13239 6854 27526 4437 5724 4884 8355 2761 4321 3603 2327 1676 1403 529 2094 1059 1130 609 1702 1495 3274 144 4043 1205 712 1281
cat_boundaries=0 1 2 3 4 5 6 7
cat_threshold=6347348 114825 4866138 103168 2195153 9 295520
is_linear=0
shrinkage=0.05


Tree=7
num_leaves=31
num_cat=6
split_feature=1 1 1 6 1 3 10 2 3 4 2 9 10 10 1 3 10 4 11 1 4 1 11 10 11 9 10 10 11 4
split_gain=2.07531e+07 1.59052e+06 1.44766e+06 408714 256064 209096 177829 174788 97983.2 66645.6 66181.9 62674.9 150180 45719.2 43624.9 41186.7 51988.7 49837.4 34763.3 30094.1 28086.5 28267.7 27284.3 25868.6 24869.7 22626.9 21066.8 20764 20659.8 20379.6
threshold=35.833333333333336 6.166666666666667 80.833333333333357 1.0000000180025095e-35 58.416666666666679 1.0000000180025095e-35 4.9500000000000011 1.0000000180025095e-35 1.0000000180025095e-35 0.41666666666666669 87.90000000000002 0 4.4500000000000011 5.6500000000000012 25.166666666666668 1.0000000180025095e-35 4.7500000000000009 0.83333333333333337 1 73.166666666666671 0.83333333333333337 46.416666666666679 2 6.4500000000000011 3 4 4.4500000000000011 4.3500000000000005 5 1.1666666666666667
decision_type=2 2 2 2 2 2 2 2 2 2 2 1 2 2 2 2 2 2 1 2 2 2 1 2 1 1 2 2 1 2
left_child=1 3 4 6 8 13 11 -5 9 -2 29 12 -1 18 26 16 22 24 -3 -19 21 -10 -6 25 -17 -8 -7 -12 -18 -4
right_child=2 5 10 7 15 14 23 -9 20 -11 27 -13 -14 -15 -16 17 28 19 -20 -21 -22 -23 -24 -25 -26 -27 -28 -29 -30 -31
leaf_value=-0.94843215493910571 0.61993349431419309 -0.3760609237453803 1.7190925586531873 -0.92773314099853266 0.96456682879986355 -0.6154417555672782 1.0602593623840058 -0.60101897364971435 0.71915668179655379 0.022118003376220403 1.6459224391587908 -1.0061345096485204 0.61176122919796339 0.2462708786017819 0.90338471168601842 1.7758789589292867 1.467804782455115 0.82254421069591988 -0.062047338873142524 1.2683221510920126 -0.22325830763461543 1.170042370653092 0.24747909841477306 1.2078195535577834 1.2339328650039496 0.23969568116984485 0.43615413680422627 1.9998837506586751 0.90969710246113389 1.1191858716510439
leaf_weight=311 1206 1185 3258 23483 261 70 101 4958 622 760 450 358 306 897 740 678 475 595 3410 1041 51 788 307 128 766 439 149 5226 532 148
leaf_count=311 1206 1185 3258 23483 261 70 101 4958 622 760 450 358 306 897 740 678 475 595 3410 1041 51 788 307 128 766 439 149 5226 532 148
internal_value=1.0054e-05 -0.673716 1.43409 -0.826483 0.947319 0.0387104 -0.0597127 -0.870778 0.619309 0.388835 1.86726 -0.490278 -0.171872 -0.0802421 0.719928 1.1888 0.980819 1.29515 -0.143981 1.1062 0.929447 0.971141 0.598325 0.568732 1.50924 0.417245 0.100028 1.97182 1.19657 1.69302
internal_weight=53699 36535 17164 30084 8082 6451 1643 28441 3427 1966 9082 975 617 5492 959 4655 1575 3080 4595 1636 1461 1410 568 668 1444 540 219 5676 1007 3406
internal_count=53699 36535 17164 30084 8082 6451 1643 28441 3427 1966 9082 975 617 5492 959 4655 1575 3080 4595 1636 1461 1410 568 668 1444 540 219 5676 1007 3406
cat_boundaries=0 1 2 3 4 5 6
cat_threshold=5 68771 4531915 5611943 5 150687
is_linear=0
shrinkage=0.05


Tree=8
num_leaves=31
num_cat=6
split_feature=0 0 1 6 1 10 1 2 2 0 9 10 2 2 2 1 11 10 10 0 11 11 10 11 1 10 11 2 0 0
split_gain=2.01237e+07 1.37772e+06 863774 384914 247354 160966 134831 120518 91806.5 73603.6 56761.5 135538 53633.9 30277.3 28399.5 27231.6 26724.2 25120.7 24231.8 21653.2 22802.1 20630 20405.6 25150.3 18274.7 17879.8 19593.1 17673.8 16946.6 18565.7
threshold=21.500000000000004 74.500000000000014 2.8333333333333335 1.0000000180025095e-35 82.833333333333357 4.9500000000000011 45.166666666666679 50.100000000000009 1.0000000180025095e-35 10.500000000000002 0 4.4500000000000011 44.900000000000006 21.225000000000005 89.225000000000009 69.416666666666671 1 6.9500000000000011 5.4500000000000011 15.500000000000002 2 3 6.3500000000000005 4 20.833333333333339 5.3500000000000005 5 17.900000000000002 96.500000000000014 157.50000000000003
decision_type=2 2 2 2 2 2 2 2 2 2 1 2 2 2 2 2 1 2 2 2 1 1 2 1 2 2 1 2 2 2
left_child=2 7 3 5 12 10 9 13 -5 16 11 -1 -3 17 28 25 24 -2 21 20 -8 -7 23 -11 -4 26 -9 -10 -6 -30
right_child=1 4 6 8 14 18 19 15 27 22 -12 -13 -14 -15 -16 -17 -18 -19 -20 -21 -22 -23 -24 -25 -26 -27 -28 -29 29 -31
leaf_value=-0.90101050937674065 0.15994591138882033 1.1095267017358015 -0.38960157126203121 -0.88134651653519702 1.725809935421954 -0.30696156055219781 0.42738550904954375 0.15258541969699904 -0.6757887463547575 -0.39194964717721359 -0.95719483514194903 0.58117313355137445 1.4770725537505958 0.56902335396722969 1.8911579613633389 1.0982493556448045 -0.49296540073475636 1.3102824308872223 0.83265303226849208 0.80231807150301471 -0.019235905204119722 0.50935608043589375 0.6134153234964127 0.1079975369033257 -0.080320516694848298 0.98592572652406718 0.77571727521248368 -0.42144633402697773 0.39229919958114623 1.5847989576611115
leaf_weight=311 934 1470 1004 23483 3049 113 537 212 2843 339 358 306 3056 1645 5068 1204 2563 50 345 168 605 210 136 892 911 457 387 899 50 94
leaf_count=311 934 1470 1004 23483 3049 113 537 212 2843 339 358 306 3056 1645 5068 1204 2563 50 345 168 605 210 136 892 911 457 387 899 50 94
internal_value=6.96416e-05 1.38185 -0.67795 -0.799843 1.6548 -0.0566376 -0.186156 0.667957 -0.844695 -0.288911 -0.46628 -0.163278 1.3577 0.437789 1.81757 0.935705 -0.386943 0.218398 0.541269 0.27232 0.194352 0.230037 0.0322223 -0.0319875 -0.241211 0.75038 0.570674 -0.614684 1.70078 1.17074
internal_weight=53699 17676 36023 28868 12787 1643 7155 4889 27225 5845 975 617 4526 2629 8261 2260 4478 984 668 1310 1142 323 1367 1231 1915 1056 599 3742 3193 144
internal_count=53699 17676 36023 28868 12787 1643 7155 4889 27225 5845 975 617 4526 2629 8261 2260 4478 984 668 1310 1142 323 1367 1231 1915 1056 599 3742 3193 144
cat_boundaries=0 1 2 3 4 5 6
cat_threshold=5 6347344 6315217 143976 2214945 1881360
is_linear=0
shrinkage=0.05


Tree=9
num_leaves=31
num_cat=6
split_feature=1 1 1 6 1 3 10 2 3 4 2 9 10 10 1 3 10 4 11 2 11 4 1 11 1 10 11 9 6 10
split_gain=1.69154e+07 1.29576e+06 1.17934e+06 332926 212016 166448 145467 142347 77858.5 56690.3 54141.8 51406 122323 38826.1 36169.1 31696.4 44366.3 43571.9 31132.1 26273.6 24642.8 24428.5 24991.5 23947.2 23526.9 22155.1 21071.4 20955.1 18969.9 18804.9
threshold=35.833333333333336 6.166666666666667 80.833333333333357 1.0000000180025095e-35 58.416666666666679 1.0000000180025095e-35 4.9500000000000011 0.63333333333333341 1.0000000180025095e-35 0.41666666666666669 87.90000000000002 0 4.4500000000000011 6.1500000000000012 25.166666666666668 1.0000000180025095e-35 4.7500000000000009 0.83333333333333337 1 78.450000000000017 2 0.83333333333333337 46.416666666666679 3 13.16666666666667 6.4500000000000011 4 5 2.5000000000000004 4.4500000000000011
decision_type=2 2 2 2 2 2 2 2 2 2 2 1 2 2 2 2 2 2 1 2 1 2 2 1 2 2 1 1 2 2
left_child=1 3 4 6 8 13 11 -5 9 -2 -4 12 -1 18 29 16 20 23 -3 -19 -6 22 -10 -17 -20 27 -16 -8 -15 -7
right_child=2 5 10 7 15 14 25 -9 21 -11 -12 -13 -14 28 26 17 -18 19 24 -21 -22 -23 -24 -25 -26 -27 -28 -29 -30 -31
leaf_value=-0.85595998011134167 0.5646501154320277 -0.3494185173966185 1.5281539307820819 -0.83242970421984586 0.88671801387163984 -0.59778498717716766 0.99160484021848383 -0.51626143809577607 0.6353682764377625 0.013289639022397368 1.7803182711072632 -0.91063561420077876 0.55211447316641904 -0.045985480275222979 0.47741325600853179 1.6230471526727428 1.0920070650300164 0.85093341540017908 -0.23114188096770216 1.276841243773754 0.20837789803085266 -0.24160705384086159 1.0593209289562733 1.1077878599775206 0.035776799423588072 1.1057958644116297 1.0652956475517643 0.20485562833082055 0.54818987233511041 0.39575635840828793
leaf_weight=311 1206 1101 3406 24269 261 70 101 4172 622 760 5676 358 306 218 348 678 1007 1095 1206 541 307 51 788 766 2617 128 392 439 350 149
leaf_count=311 1206 1101 3406 24269 261 70 101 4172 622 760 5676 358 306 218 348 678 1007 1095 1206 541 307 51 788 766 2617 128 392 439 350 149
internal_value=6.43212e-05 -0.608186 1.29478 -0.746073 0.855424 0.0348464 -0.0540355 -0.786051 0.556957 0.35151 1.68575 -0.443457 -0.155114 -0.071284 0.642634 1.07516 0.892703 1.16846 -0.116436 0.991775 0.53936 0.833417 0.872301 1.36863 -0.0482988 0.514357 0.809679 0.374164 0.320144 0.0781861
internal_weight=53699 36535 17164 30084 8082 6451 1643 28441 3427 1966 9082 975 617 5492 959 4655 1575 3080 4924 1636 568 1461 1410 1444 3823 668 740 540 568 219
internal_count=53699 36535 17164 30084 8082 6451 1643 28441 3427 1966 9082 975 617 5492 959 4655 1575 3080 4924 1636 568 1461 1410 1444 3823 668 740 540 568 219
cat_boundaries=0 1 2 3 4 5 6
cat_threshold=5 3235 4531915 5611943 4540187 5
is_linear=0
shrinkage=0.05


Tree=10
num_leaves=31
num_cat=7
split_feature=0 0 1 6 2 1 0 2 2 0 0 0 1 2 11 2 1 11 2 3 0 11 11 11 11 8 1 11 8 2
split_gain=1.64899e+07 1.13773e+06 683416 313591 225016 107671 75566.6 74888 73410.9 64716.9 36469.8 35190.4 30966.8 26675.8 26396.7 26216 23732.5 34970 22064.8 26008.4 38272.8 23461.4 21601.6 19328.3 19046.4 18919.8 17922.4 17184.3 15518.1 15378.8
threshold=21.500000000000004 71.500000000000014 2.8333333333333335 1.0000000180025095e-35 69.63333333333334 49.833333333333336 1.0000000180025095e-35 1.0000000180025095e-35 55.900000000000006 88.500000000000014 94.500000000000014 167.50000000000003 64.500000000000014 41.100000000000009 0 103.7 26.500000000000004 1 26.100000000000005 1.0000000180025095e-35 55.500000000000007 2 3 4 5 7.8593750000000009 49.166666666666679 6 5.8437500000000009 17.900000000000002
decision_type=2 2 2 2 2 2 2 2 2 2 2 2 2 2 1 2 2 1 2 2 2 1 1 1 1 2 2 1 2 2
left_child=2 8 3 -1 12 6 16 -5 18 -6 15 -12 14 24 25 -11 -4 -18 21 23 -21 -2 -10 -20 -8 -3 -16 -7 -29 -9
right_child=1 4 5 7 9 27 13 29 22 10 11 -13 -14 -15 26 -17 17 -19 19 20 -22 -23 -24 -25 -26 -27 -28 28 -30 -31
leaf_value=-0.051246703711320778 0.48744794179703943 1.0037187554848106 -0.52200636493746466 -0.79565773375755289 1.2967802070097489 0.49061306375348401 0.074930948372310888 -0.61181568675931652 1.1259030892794444 1.6704315244697796 0.61100034925761637 1.5269495499588677 1.3499346056010049 0.37890486117294636 1.0643764812704977 2.0436894343249383 0.20126572827786116 -0.39421173572275503 0.30720585849703913 -0.32476310186333712 0.52772570172277822 0.049695683670758869 0.68408945531940757 0.86632051343986438 -0.22295293014611817 0.58983219595892089 1.4491144557897233 0.52932169523376682 -0.044270955479663351 -0.37456092661344043
leaf_weight=1643 543 806 2068 23483 1375 491 832 2843 471 7061 149 354 1353 307 652 504 322 1003 259 182 476 707 1205 594 1493 420 565 156 483 899
leaf_count=1643 543 806 2068 23483 1375 491 832 2843 471 7061 149 354 1353 307 652 504 322 1003 259 182 476 707 1205 594 1493 420 565 156 483 899
internal_value=0.000110511 1.25093 -0.613649 -0.722071 1.48316 -0.176201 -0.260201 -0.762555 0.558013 1.61385 1.66789 1.25562 1.15804 -0.0591499 1.05176 1.6953 -0.416158 -0.250956 0.399557 0.528118 0.291931 0.244152 0.81905 0.710312 -0.116992 0.854957 1.23286 0.271671 0.0942855 -0.554816
internal_weight=53699 17676 36023 28868 13239 7155 6025 27225 4437 9443 8068 503 3796 2632 2443 7565 3393 1325 2761 1511 658 1250 1676 853 2325 1226 1217 1130 639 3742
internal_count=53699 17676 36023 28868 13239 7155 6025 27225 4437 9443 8068 503 3796 2632 2443 7565 3393 1325 2761 1511 658 1250 1676 853 2325 1226 1217 1130 639 3742
cat_boundaries=0 1 2 3 4 5 6 7
cat_threshold=4739675 16976 1176344 114825 6326441 4599896 2184401
is_linear=0
shrinkage=0.05


Tree=11
num_leaves=31
num_cat=6
split_feature=0 0 1 6 2 10 1 0 2 2 0 11 0 0 2 2 10 2 11 10 2 1 11 11 8 8 2 11 10 11
split_gain=1.48838e+07 1.02587e+06 616807 283016 203077 131678 97397.5 71198.1 67586.4 66329.9 58407 35382.3 32914 32021.2 28859 27285.2 24568.7 23659.9 22543 21083 20004.2 23732.2 19865 18517.2 18454.8 18275.1 18234 18228.5 18117 17344.2
threshold=21.500000000000004 71.500000000000014 2.8333333333333335 1.0000000180025095e-35 69.63333333333334 4.9500000000000011 50.416666666666679 1.0000000180025095e-35 1.0000000180025095e-35 55.900000000000006 88.500000000000014 0 94.500000000000014 156.50000000000003 44.900000000000006 39.100000000000009 7.0500000000000007 103.7 1 5.4500000000000011 22.900000000000002 22.583333333333339 2 3 7.8593750000000009 4.0937500000000009 12.225000000000001 4 5.7500000000000009 5
decision_type=2 2 2 2 2 2 2 2 2 2 2 1 2 2 2 2 2 2 1 2 2 2 1 1 2 2 2 1 2 1
left_child=2 9 3 5 14 11 7 18 -5 20 -6 -1 17 -14 24 16 -9 -12 26 23 27 -22 -11 -7 25 -3 -4 -2 -26 -23
right_child=1 4 6 8 10 19 -8 15 -10 22 12 -13 13 -15 -16 -17 -18 -19 -20 -21 21 29 -24 -25 28 -27 -28 -29 -30 -31
leaf_value=-0.73261124083418838 0.49492250585144826 0.70373437227264279 -0.58417019464752895 -0.75587483055152571 1.2319411892213605 -0.30535420441045996 0.2677716357117399 -0.14461905333582833 -0.52707542828431053 1.3705906308081843 1.5869099504193678 -0.12379137890080537 0.42078973763393912 1.3989836418658721 1.2166092366321144 0.34534438188330102 0.82725876375143204 1.9415049324906062 -0.44900507361960296 0.76389028085092003 0.98780868712830672 0.10790183480017455 0.70899099926431031 0.46698616400699722 0.59154226923593756 1.1827213612119516 0.10106837293513789 0.056766233046187768 1.4818019140683689 0.51293700024012534
leaf_weight=459 356 268 132 23483 1375 113 1090 2209 3742 145 7061 516 106 397 2215 373 67 504 2917 345 207 371 1531 210 473 775 367 703 65 1124
leaf_count=459 356 268 132 23483 1375 113 1090 2209 3742 145 7061 516 106 397 2215 373 67 504 2917 345 207 371 1531 210 473 775 367 703 65 1124
internal_value=0.000139165 1.18848 -0.582964 -0.685968 1.409 -0.0486844 -0.167381 -0.245586 -0.724427 0.530509 1.53316 -0.419189 1.58449 1.19284 1.10014 -0.0510471 -0.116009 1.61053 -0.396445 0.492097 0.379889 0.48605 0.778638 0.201791 0.936955 1.05965 -0.0786216 0.209269 0.699102 0.416576
internal_weight=53699 17676 36023 28868 13239 1643 7155 6065 27225 4437 9443 975 8068 503 3796 2649 2276 7565 3416 668 2761 1702 1676 323 1581 1043 499 1059 538 1495
internal_count=53699 17676 36023 28868 13239 1643 7155 6065 27225 4437 9443 975 8068 503 3796 2649 2276 7565 3416 668 2761 1702 1676 323 1581 1043 499 1059 538 1495
cat_boundaries=0 1 2 3 4 5 6
cat_threshold=5361747 2114048 16385 143976 4297480 2392928
is_linear=0
shrinkage=0.05


Tree=12
num_leaves=31
num_cat=5
split_feature=0 0 1 6 1 10 1 1 0 9 10 5 10 7 11 0 1 0 0 0 11 1 11 5 10 8 0 8 1 9
split_gain=1.34343e+07 927033 556625 255254 149063 118993 88577.4 88261.9 58997 46520.6 109523 39779 34396.5 30608.2 28286.8 25292.3 23825.9 23226.8 23189.8 28575.1 22469.8 20663.2 31703.5 19453.7 19179.1 18262.4 18258.3 20155.4 18081 23149.7
threshold=21.500000000000004 75.500000000000014 2.8333333333333335 1.0000000180025095e-35 82.833333333333357 4.9500000000000011 62.166666666666679 47.833333333333336 1.0000000180025095e-35 0 4.4500000000000011 1.0000000180025095e-35 4.3500000000000005 1.5000000000000002 1 1.0000000180025095e-35 51.166666666666679 87.500000000000014 95.500000000000014 167.50000000000003 2 26.500000000000004 3 0.70833333333333337 5.9500000000000011 7.8593750000000009 15.500000000000002 4.0416666666666679 13.16666666666667 4
decision_type=2 2 2 2 2 2 2 2 2 1 2 2 2 2 1 2 2 2 2 2 1 2 1 2 2 2 2 2 2 1
left_child=2 6 3 5 13 9 12 8 21 10 -1 15 -2 -3 25 -5 -16 -6 23 -20 -8 -4 -23 -19 -7 -15 27 -9 29 -10
right_child=1 4 7 11 17 24 20 26 28 -11 -12 -13 -14 14 16 -17 -18 18 19 -21 -22 22 -24 -25 -26 -27 -28 -29 -30 -31
leaf_value=-0.78806394692210913 -0.048891594654101499 1.3058408392656218 -0.47497947313205824 -0.70834289873413114 1.2017880197786539 0.2993224604331377 1.0046686909478708 0.68080449937245791 -0.28369330231224443 -0.84285470025978337 0.54430299625287659 -0.40501259606061457 0.45821587703276312 0.9883911172008002 0.96818255908879858 -0.36563943633301693 1.4059624758493108 1.4034404012628414 0.59047753161397476 1.4170216757456462 0.61402022045154081 0.12355687521916155 -0.3990222314722881 1.586102788137576 0.89412633595327851 0.63245481551512261 0.73897839326701775 0.065131405489861113 0.085264377687126414 0.19936185974674012
leaf_weight=311 379 1509 2068 25489 671 479 989 156 1123 358 306 1186 2841 1060 523 550 766 2062 145 375 837 443 825 4973 189 546 154 899 1175 312
leaf_count=311 379 1509 2068 25489 671 479 989 156 1123 358 306 1186 2841 1060 523 550 766 2062 145 375 837 443 825 4973 189 546 154 899 1175 312
internal_value=0.000151835 1.12915 -0.553832 -0.651681 1.35802 -0.0464616 0.556282 -0.159043 -0.23823 -0.398668 -0.125249 -0.688206 0.398528 1.12326 1.0281 -0.701104 1.21888 1.48371 1.50875 1.18654 0.834468 -0.377539 -0.218622 1.53256 0.467613 0.862014 0.230406 0.156169 -0.0601702 -0.179254
internal_weight=53699 17676 36023 28868 12630 1643 5046 7155 5946 975 617 27225 3220 4404 2895 26039 1289 8226 7555 520 1826 3336 1268 7035 668 1606 1209 1055 2610 1435
internal_count=53699 17676 36023 28868 12630 1643 5046 7155 5946 975 617 27225 3220 4404 2895 26039 1289 8226 7555 520 1826 3336 1268 7035 668 1606 1209 1055 2610 1435
cat_boundaries=0 1 2 3 4 5
cat_threshold=5 7101018 6673561 2122322 10
is_linear=0
shrinkage=0.05


Tree=13
num_leaves=31
num_cat=7
split_feature=0 1 0 6 2 10 0 2 1 2 2 0 9 10 11 0 0 11 2 10 0 6 11 10 9 1 10 11 9 10
split_gain=1.21284e+07 674511 632452 226385 136661 107504 106704 71317.5 69824 62699.5 53211.3 42211.2 42127.2 98844.3 30345.2 28393 32963.2 22266.8 22225.9 21518.6 21251.3 40526.6 20495.9 20482.9 21923 19413.2 19362 18247.8 18150.4 23226.1
threshold=28.500000000000004 4.166666666666667 75.500000000000014 1.0000000180025095e-35 64.100000000000009 4.9500000000000011 10.500000000000002 1.0000000180025095e-35 50.416666666666679 67.450000000000017 28.675000000000004 88.500000000000014 0 4.4500000000000011 1 94.500000000000014 156.50000000000003 2 103.7 4.3500000000000005 57.500000000000007 1.0000000180025095e-35 3 6.4500000000000011 4 73.166666666666671 4.4500000000000011 5 6 5.4500000000000011
decision_type=2 2 2 2 2 2 2 2 2 2 2 2 1 2 1 2 2 1 2 2 2 2 1 2 1 2 2 1 1 2
left_child=1 3 9 5 22 12 8 -5 17 19 23 -6 13 -1 -12 18 -17 -3 -13 -2 21 25 -4 24 -8 -11 -24 -10 -7 -30
right_child=2 6 4 7 11 28 10 -9 27 20 14 15 -14 -15 -16 16 -18 -19 -20 -21 -22 -23 26 -25 -26 -27 -28 -29 29 -31
leaf_value=-0.74866078129918634 0.065297351644507479 -0.18365405192489648 1.2347892912993768 -0.68266392383358476 1.1066810255462534 1.0191063101008788 -0.15966547164749545 -0.46093787742054709 0.44974690554663543 -0.49916654290824103 0.063738067974856968 1.422055081234574 -0.80185716365990434 0.51708783757236787 0.66724124134602869 0.32863427269256723 1.2772428054972791 -0.41804690474162742 1.7651522618260178 0.49894656539762422 0.99626694577069408 1.1323051611582438 0.66120152273200672 0.6276623818459881 0.327468172778838 0.50653272393707915 0.99106983225830136 -0.010177077500551355 -0.048634091528450572 0.60017992479216531
leaf_weight=311 322 2125 805 23483 1229 108 1073 4289 374 87 321 7440 358 306 650 118 409 2040 504 2564 929 159 634 119 284 107 1491 500 246 314
leaf_count=311 322 2125 805 23483 1229 108 1073 4289 374 87 321 7440 358 306 650 118 409 2040 504 2564 929 159 634 119 284 107 1491 500 246 314
internal_value=0.000148128 -0.506842 1.11388 -0.614683 1.29012 -0.044395 -0.0830963 -0.648421 -0.214643 0.579814 0.187792 1.38052 -0.379167 -0.118987 0.475259 1.42025 1.06484 -0.299903 1.44382 0.450563 0.87078 0.540533 0.990867 -0.0013213 -0.056479 0.0555233 0.888472 0.191662 0.444232 0.309636
internal_weight=53699 36901 16798 29415 12630 1643 7486 27772 5039 4168 2447 9700 975 617 971 8471 527 4165 7944 2886 1282 353 2930 1476 1357 194 2125 874 668 560
internal_count=53699 36901 16798 29415 12630 1643 7486 27772 5039 4168 2447 9700 975 617 971 8471 527 4165 7944 2886 1282 353 2930 1476 1357 194 2125 874 668 560
cat_boundaries=0 1 2 3 4 5 6 7
cat_threshold=5 6860192 6355540 1122724 10 6319312 5
is_linear=0
shrinkage=0.05


Tree=14
num_leaves=31
num_cat=7
split_feature=0 0 1 6 1 10 2 2 2 0 2 11 3 0 0 0 11 11 11 11 11 11 0 8 3 0 5 4 2 10
split_gain=1.09475e+07 759399 453306 207836 153167 97313.8 75422.3 52215 51100.7 51096 33493.3 31310.8 29438.4 69889.1 31986.3 28206.1 30614.2 26924.1 25781.4 19556 19121.5 18421.6 18285.7 22128.2 19456.9 36011.9 17678.4 17151.2 16975.2 16878.7
threshold=21.500000000000004 71.500000000000014 2.8333333333333335 1.0000000180025095e-35 82.833333333333357 4.9500000000000011 45.100000000000009 40.100000000000009 1.0000000180025095e-35 1.0000000180025095e-35 44.900000000000006 0 1.0000000180025095e-35 57.500000000000007 44.500000000000007 14.500000000000002 1 2 3 4 5 6 87.500000000000014 13.97916666666667 1.5000000000000002 151.50000000000003 1.0000000180025095e-35 0.83333333333333337 63.100000000000009 6.4500000000000011
decision_type=2 2 2 2 2 2 2 2 2 2 2 1 2 2 2 2 1 1 1 1 1 1 2 2 2 2 2 2 2 2
left_child=2 7 3 5 10 11 9 19 -5 -4 -3 -1 18 14 -14 16 -8 -15 -9 -2 -12 -11 23 -6 27 -26 -20 -24 -18 -7
right_child=1 4 6 8 22 29 15 12 -10 21 20 -13 13 17 -16 -17 28 -19 26 -21 -22 -23 24 -25 25 -27 -28 -29 -30 -31
leaf_value=-0.68892266980463945 0.46220562679953475 0.79735190343192164 -0.38658114991442438 -0.64853072794787969 1.1963401465251529 0.30041777253702834 0.32674417162980934 0.44453601499193723 -0.44958305972369961 0.12753916507921156 0.90175533026383425 -0.11128689503316545 -0.94605776947664921 0.19928730952973461 0.14221650702024691 0.66123758470086758 -0.27302896317071029 0.82948686159480123 0.75555099963563166 0.1330017675414524 1.1969426223093529 -0.16621642184481508 1.245318661380773 0.29416991964975997 -0.10058205390380602 1.217097620700843 1.2841683871053837 1.4278861032281005 0.14468005297681955 0.93901314755203202
leaf_weight=407 734 1581 2807 23483 725 540 638 378 3742 770 1411 568 83 245 362 219 633 783 309 1219 1892 1693 1691 75 59 428 324 5377 395 128
leaf_count=407 734 1581 2807 23483 725 540 638 378 3742 770 1411 568 83 245 362 219 633 783 309 1219 1892 1693 1691 75 59 428 324 5377 395 128
internal_value=0.000161096 1.01932 -0.499926 -0.588228 1.20905 -0.0421091 -0.143656 0.453215 -0.621186 -0.240744 0.986608 -0.36062 0.605305 0.462703 -0.060765 0.127779 0.057654 0.689301 0.813072 0.259775 1.0772 -0.0745376 1.33907 1.11176 1.36315 1.05746 1.01016 1.38421 -0.111444 0.422783
internal_weight=53699 17676 36023 28868 13239 1643 7155 4437 27225 5270 4884 975 2484 1473 445 1885 1666 1028 1011 1953 3303 2463 8355 800 7555 487 633 7068 1028 668
internal_count=53699 17676 36023 28868 13239 1643 7155 4437 27225 5270 4884 975 2484 1473 445 1885 1666 1028 1011 1953 3303 2463 8355 800 7555 487 633 7068 1028 668
cat_boundaries=0 1 2 3 4 5 6 7
cat_threshold=1167443 6579282 1966160 4763428 1178880 4741212 405592
is_linear=0
shrinkage=0.05


Tree=15
num_leaves=31
num_cat=5
split_feature=0 1 0 6 2 10 0 1 2 2 2 3 9 10 0 1 0 1 11 11 10 2 10 9 9 10 0 3 1 7
split_gain=9.888e+06 549076 514834 184359 112973 87922.6 87322.3 58679.4 57891.3 53403.4 44752.6 46312.2 38141.4 88472.5 36030.2 26940.1 22662.1 25781.8 19865.6 19365.7 19027.3 17674.5 17296.8 20862.9 17192.5 30870.3 17054.8 37708.8 17401.8 16483.4
threshold=28.500000000000004 4.166666666666667 75.500000000000014 1.0000000180025095e-35 71.225000000000009 4.9500000000000011 10.500000000000002 50.416666666666679 0.63333333333333341 67.450000000000017 26.633333333333336 1.0000000180025095e-35 0 4.4500000000000011 89.500000000000014 66.166666666666671 94.500000000000014 105.16666666666667 1 2 4.3500000000000005 103.7 6.5500000000000007 3 4 6.4500000000000011 57.500000000000007 1.0000000180025095e-35 73.166666666666671 3.5000000000000004
decision_type=2 2 2 2 2 2 2 2 2 2 2 2 1 2 2 2 2 2 1 1 2 2 2 1 1 2 2 2 2 2
left_child=1 3 9 5 19 12 7 18 -5 20 22 15 13 -1 -6 -12 21 -18 -3 29 -2 -16 23 -8 -7 -26 27 -11 -29 -4
right_child=2 6 4 8 14 24 10 -9 -10 26 11 -13 -14 -15 16 -17 17 -19 -20 -21 -22 -23 -24 -25 25 -27 -28 28 -30 -31
leaf_value=-0.69154750104885787 0.042387642586453361 -0.16280558211707119 1.2125642666591336 -0.61275804962072111 0.99205880723450568 -0.12454870870645099 -0.16026889441221503 0.17820249911380648 -0.39532069886390941 1.0943447584446693 0.429654957063619 -0.97815913983753744 -0.74504028555188007 0.50595314164518146 1.2995921516792619 1.4758241532426892 0.36335236102111579 1.1851025982351329 -0.38394043465140393 0.81899980674218475 0.45016223781636094 1.6072482905107106 0.65398170288120006 0.32136033688365789 0.37541033308549876 1.4567663839885168 0.90489811788005337 -0.45258626079046604 0.47849622664101626 0.85367212767930745
leaf_weight=311 322 2125 1002 24269 1093 129 1048 874 3503 151 910 56 358 306 6844 66 129 367 2040 2224 2564 501 91 276 462 77 929 93 109 470
leaf_count=311 322 2125 1002 24269 1093 129 1048 874 3503 151 910 56 358 306 6844 66 129 367 2040 2224 2564 501 91 276 462 77 929 93 109 470
internal_value=0.000187062 -0.457587 1.0058 -0.554886 1.16482 -0.0402472 -0.075267 -0.194268 -0.585332 0.523951 0.169788 0.420168 -0.342999 -0.0960919 1.261 0.5004 1.29849 0.971381 -0.272429 0.932322 0.404666 1.32058 -0.012822 -0.0586521 0.401644 0.520238 0.792482 0.496633 0.0498295 1.09056
internal_weight=53699 36901 16798 29415 12630 1643 7486 5039 27772 4168 2447 1032 975 617 8934 976 7841 496 4165 3696 2886 7345 1415 1324 668 539 1282 353 202 1472
internal_count=53699 36901 16798 29415 12630 1643 7486 5039 27772 4168 2447 1032 975 617 8934 976 7841 496 4165 3696 2886 7345 1415 1324 668 539 1282 353 202 1472
cat_boundaries=0 1 2 3 4 5
cat_threshold=5 6355540 3220902 10 2
is_linear=0
shrinkage=0.05


Tree=16
num_leaves=31
num_cat=8
split_feature=0 1 0 6 1 0 2 2 1 2 3 1 2 11 9 0 2 11 3 11 7 11 11 0 3 11 1 8 8 11
split_gain=8.92445e+06 495644 464687 162480 102728 70909.4 68775.1 48196.6 47567.7 37435.6 44733.7 27738.5 22987.3 20882.3 19943.3 19864.3 19109.1 18108.5 18137.8 16164.3 19477.5 15862.3 15853.8 15391.9 34032.2 16082.1 15705.1 14907.9 15318.9 12584.9
threshold=28.500000000000004 6.166666666666667 75.500000000000014 1.0000000180025095e-35 82.833333333333357 10.500000000000002 0.63333333333333341 67.450000000000017 50.416666666666679 17.450000000000003 1.0000000180025095e-35 66.166666666666671 44.900000000000006 0 1 1.0000000180025095e-35 35.900000000000006 2 1.5000000000000002 3 1.5000000000000002 4 5 57.500000000000007 1.0000000180025095e-35 6 73.166666666666671 7.8593750000000009 4.0937500000000009 7
decision_type=2 2 2 2 2 2 2 2 2 2 2 2 2 1 1 2 2 1 2 1 2 1 1 2 2 1 2 2 2 1
left_child=1 3 7 -1 12 8 -5 22 13 -7 11 -11 27 16 -6 -8 -3 18 -16 20 -14 -10 -2 24 -9 -25 -26 28 -4 -17
right_child=2 5 4 6 14 9 15 23 21 10 -12 -13 19 -15 17 29 -18 -19 -20 -21 -22 -23 -24 25 26 -27 -28 -29 -30 -31
leaf_value=-0.038499474364468329 0.50475064996447594 -0.19073085144964225 0.52126564012492094 -0.58212012070601415 1.4417224917899478 -0.079682637700441997 -0.4261902100882437 1.0396275192597846 0.40993296133334911 0.35043046551333501 -0.97126610202174035 1.4020329536813678 1.0399179369403266 -0.29120048837028339 1.0681289381570007 0.046597417448500746 0.40050607493038676 1.2419996285718433 0.49954224431874766 1.1210991594143351 0.67127480738303247 -0.018534744125334363 0.26265455373171037 1.1301532185607657 -0.42995696042173653 0.64192226600373392 0.45457140311188654 0.51834246454459121 0.97944115329818759 -0.30758259362706308
leaf_weight=1643 1420 353 246 24269 1222 853 3108 151 374 1257 62 66 674 3129 2391 403 223 4464 149 1537 765 500 1466 378 93 551 109 476 706 661
leaf_count=1643 1420 353 246 24269 1222 853 3108 151 374 1257 62 66 674 3129 2391 403 223 4464 149 1537 765 500 1466 378 93 551 109 476 706 661
internal_value=0.000173661 -0.434724 0.955536 -0.521954 1.10661 -0.0497718 -0.549883 0.497753 -0.16251 0.180893 0.341377 0.402891 0.911721 -0.240781 1.21095 -0.362354 0.0375168 1.16696 1.03072 0.99085 0.838116 0.169292 0.384432 0.752858 0.471802 0.859653 0.047338 0.746812 0.861047 -0.175886
internal_weight=53699 36901 16798 30084 12630 6817 28441 4168 4579 2238 1385 1323 4404 3705 8226 4172 576 7004 2540 2976 1439 874 2886 1282 353 929 202 1428 952 1064
internal_count=53699 36901 16798 30084 12630 6817 28441 4168 4579 2238 1385 1323 4404 3705 8226 4172 576 7004 2540 2976 1439 874 2886 1282 353 929 202 1428 952 1064
cat_boundaries=0 1 2 3 4 5 6 7 8
cat_threshold=2113552 4 7261216 4741214 6319312 5372934 4309019 441428
is_linear=0
shrinkage=0.05


Tree=17
num_leaves=31
num_cat=8
split_feature=0 0 2 6 2 10 2 2 0 9 10 0 0 3 0 11 11 11 0 0 2 10 11 3 11 9 10 11 10 8
split_gain=8.05937e+06 627475 294028 155112 114477 79414.9 54055 48143.2 44703.1 34548.8 79846.4 34308.8 32250.7 25376.5 60228.6 32878.9 29138.2 24788.5 19534.3 23268.3 19133.2 17304.2 17696.8 19078.1 17305.5 17106.3 19678.5 16920.4 16618.8 16111.4
threshold=18.500000000000004 71.500000000000014 6.9000000000000012 1.0000000180025095e-35 71.225000000000009 4.9500000000000011 45.100000000000009 40.100000000000009 1.0000000180025095e-35 0 4.4500000000000011 1.0000000180025095e-35 89.500000000000014 1.0000000180025095e-35 44.500000000000007 1 2 3 94.500000000000014 167.50000000000003 44.900000000000006 5.3500000000000005 4 1.0000000180025095e-35 5 6 5.4500000000000011 7 4.9500000000000011 4.7812500000000009
decision_type=2 2 2 2 2 2 2 2 2 1 2 2 2 2 2 1 1 1 2 2 2 2 1 2 1 1 2 1 2 2
left_child=2 7 3 5 20 9 11 21 -5 10 -1 27 -6 16 -15 -16 -9 -8 -14 -20 -3 22 23 -2 -23 -7 -27 28 -4 -13
right_child=1 4 6 8 12 25 17 13 -10 -11 -12 29 18 14 15 -17 -18 -19 19 -21 -22 24 -24 -25 -26 26 -28 -29 -30 -31
leaf_value=-0.65504516251984146 0.42620846963603587 0.67979611046441435 -0.31831658580723932 -0.55066313632089037 0.91068495937771721 0.93820183357949982 0.32128222623096514 0.31020434759508997 -0.23216572210207245 -0.70692789331078532 0.48258046156732864 0.31058242123990931 1.1944550051171918 -0.85510328101075217 0.13918403808140395 0.65087401373079579 0.8776983019788015 -0.05832156944457028 0.34511675721890223 1.0935841261344994 0.9028896787752535 0.059936971250845461 -0.046783865515996864 -0.1564652496058008 0.60695342169598099 -0.075223488751344575 0.52198780309052983 -0.33667277344422775 0.66471053341339381 -0.10857687339228683
leaf_weight=311 594 1581 85 25725 1366 108 689 376 1151 358 306 277 7345 92 518 872 750 1115 148 348 2451 235 823 184 420 246 314 3494 87 1330
leaf_count=311 594 1581 85 25725 1366 108 689 376 1151 358 306 277 7345 92 518 872 750 1115 148 348 2451 235 823 184 420 246 314 3494 87 1330
internal_value=0.00022255 0.859162 -0.436607 -0.508192 1.03759 -0.0365745 -0.148133 0.373512 -0.537023 -0.324307 -0.089393 -0.22896 1.13489 0.519816 0.383867 0.465871 0.698747 0.0881178 1.17395 0.870251 0.815412 0.20438 0.115807 0.284744 0.420877 0.383394 0.255086 -0.313401 0.169082 -0.036326
internal_weight=53699 18103 35596 28519 13239 1643 7077 4864 26876 975 617 5273 9207 2608 1482 1390 1126 1804 7841 496 4032 2256 1601 778 655 668 560 3666 172 1607
internal_count=53699 18103 35596 28519 13239 1643 7077 4864 26876 975 617 5273 9207 2608 1482 1390 1126 1804 7841 496 4032 2256 1601 778 655 668 560 3666 172 1607
cat_boundaries=0 1 2 3 4 5 6 7 8
cat_threshold=5 1975120 4762916 6571632 1684824 2130001 5 16384
is_linear=0
shrinkage=0.05


Tree=18
num_leaves=31
num_cat=9
split_feature=0 1 0 6 1 0 2 2 2 3 2 0 1 11 9 11 2 8 11 1 3 11 11 11 9 2 11 0 3 0
split_gain=7.2796e+06 402492 376696 135481 85000.5 65026.7 43942 41303.6 41111.2 30783.9 44792.8 21236.3 19099.5 21074.6 18584 18460.8 20488.7 17687.5 17305 16373.8 15670.4 15177.4 13852 13434.4 25326.8 13173.2 13668.5 11516.4 11313.1 40916.3
threshold=28.500000000000004 4.166666666666667 75.500000000000014 1.0000000180025095e-35 82.833333333333357 14.500000000000002 1.0000000180025095e-35 54.100000000000009 67.450000000000017 1.0000000180025095e-35 40.100000000000009 90.500000000000014 49.166666666666679 0 1 2 25.633333333333336 4.0052083333333348 3 66.166666666666671 1.5000000000000002 4 5 6 7 27.450000000000003 8 1.0000000180025095e-35 1.0000000180025095e-35 58.500000000000007
decision_type=2 2 2 2 2 2 2 2 2 2 2 2 2 1 1 1 2 2 1 2 2 1 1 1 1 2 1 2 2 2
left_child=1 3 8 -1 11 7 -5 15 22 10 -7 12 -4 -14 -6 16 -3 -9 20 -12 -16 -19 -2 -10 -25 27 -27 -8 -24 -30
right_child=2 5 4 6 14 9 25 17 23 -11 19 -13 13 -15 18 -17 -18 21 -20 -21 -22 -23 28 24 -26 26 -28 -29 29 -31
leaf_value=-0.03467538794916411 0.45852192488479449 -0.2562718639154597 0.66288309131122458 -0.52882714818084187 1.3117232427001 0.071277121934742171 -0.42792823613155023 0.63526825185276969 0.93891959725480012 -0.97917443535544657 0.51601139793003148 0.23303771397551976 0.677083114295983 0.99691201397790119 0.95794788333094627 -0.32226347760221591 0.034842741864394587 0.27864321004929421 1.1240076807433732 1.3778633306896877 0.4294493597325863 -0.1398887258472227 0.38147002950461661 0.76976206291880878 0.19914418639699846 0.36865831972137703 -0.2643354509967078 -0.22081163350349936 -0.44415563005435321 0.34434785822953434
leaf_weight=1643 1420 1289 1100 23483 1222 1352 3044 152 410 55 440 148 961 2195 2391 2141 1138 385 4464 63 149 471 691 530 342 113 271 861 237 538
leaf_count=1643 1420 1289 1100 23483 1222 1352 3044 152 410 55 440 148 961 2195 2391 2141 1138 385 4464 63 149 471 691 530 342 113 271 861 237 538
internal_value=0.000237077 -0.392544 0.863078 -0.475849 0.999097 -0.0652112 -0.501948 -0.151459 0.45091 0.186577 0.221141 0.821821 0.842296 0.904828 1.09401 -0.215384 -0.119279 0.138233 1.05264 0.623957 0.92331 0.0499738 0.34625 0.686518 0.55076 -0.354783 -0.0753471 -0.382262 0.232785 0.103218
internal_weight=53699 36901 16798 29415 12630 7486 27772 5576 4168 1910 1855 4404 4256 3156 8226 4568 2427 1008 7004 503 2540 856 2886 1282 872 4289 384 3905 1466 775
internal_count=53699 36901 16798 29415 12630 7486 27772 5576 4168 1910 1855 4404 4256 3156 8226 4568 2427 1008 7004 503 2540 856 2886 1282 872 4289 384 3905 1466 775
cat_boundaries=0 1 2 3 4 5 6 7 8 9
cat_threshold=4855888 4 7363164 7261216 7193668 5372934 4244505 8 3162119
is_linear=0
shrinkage=0.05


Tree=19
num_leaves=31
num_cat=10
split_feature=0 1 0 6 2 10 0 2 2 9 10 2 3 0 11 2 11 11 11 10 11 2 10 9 11 9 8 9 10 0
split_gain=6.57197e+06 363671 341168 119549 94781.6 71899.2 52916.7 51312.4 38476.3 31293.6 72061.4 30837 35194.4 27665.6 25291 25092.5 22667.7 19359.2 18226.3 22238.2 17924.8 17553.5 16125.7 15927.6 20199.3 15860.1 15658.1 15656.7 27243.8 14909
threshold=28.500000000000004 6.166666666666667 71.500000000000014 1.0000000180025095e-35 71.225000000000009 4.9500000000000011 10.500000000000002 0.63333333333333341 65.90000000000002 0 4.4500000000000011 17.450000000000003 1.0000000180025095e-35 89.500000000000014 1 50.100000000000009 2 3 4 3.9500000000000006 5 35.900000000000006 6.5500000000000007 6 7 8 21.208333333333339 9 6.4500000000000011 1.0000000180025095e-35
decision_type=2 2 2 2 2 2 2 2 2 1 2 2 2 2 1 2 1 1 1 2 1 2 2 1 1 1 2 1 2 2
left_child=1 3 15 5 18 9 8 -5 16 10 -1 22 14 -6 -13 -2 21 -17 -4 -20 -15 -3 25 -19 -25 -8 -21 -7 -29 -9
right_child=2 6 4 7 13 27 11 29 -10 -11 -12 12 -14 20 -16 17 -18 23 19 26 -22 -23 -24 24 -26 -27 -28 28 -30 -31
leaf_value=-0.62055913934370333 0.25456985765345347 -0.15174703193443451 0.87530114769160283 -0.49943909640564599 0.81782750796433268 -0.13358043631632552 -0.24081970992612228 -0.36491653582121952 0.26004162852915952 -0.67085532143853766 0.46018518165630456 -0.00053167150910757971 -0.86255900782923556 1.1620249307602735 0.4902239894676419 0.8169096916474724 -0.24393962889514095 0.51223241147110421 -0.32143252946562689 0.68106911812022075 0.97589664769934681 0.37465612532597192 0.78169035578475288 -0.43008494074145953 0.38172623004555423 0.31507233338696616 -0.18026515982217262 0.34373968898629154 1.3595955712454659 -0.14806880393937313
leaf_weight=311 1804 358 1614 24269 1366 129 651 3108 530 358 306 371 62 3498 952 431 3407 1010 59 2305 4343 284 51 110 204 151 54 462 77 1064
leaf_count=311 1804 358 1614 24269 1366 129 651 3108 530 358 306 371 62 3498 952 431 3407 1010 59 2305 4343 284 51 110 204 151 54 462 77 1064
internal_value=0.000284776 -0.372918 0.820117 -0.447637 0.936949 -0.0329416 -0.043174 -0.471594 -0.140564 -0.30672 -0.0832173 0.156088 0.301743 1.02548 0.356306 0.385518 -0.193002 0.520122 0.734785 0.634747 1.06166 0.0798725 -0.0804091 0.41421 0.0928371 -0.135231 0.661352 0.36666 0.479957 -0.309613
internal_weight=53699 36901 16798 30084 13239 1643 6817 28441 4579 975 617 2238 1385 9207 1323 3559 4049 1755 4032 2418 7841 642 853 1324 314 802 2359 668 539 4172
internal_count=53699 36901 16798 30084 13239 1643 6817 28441 4579 975 617 2238 1385 9207 1323 3559 4049 1755 4032 2418 7841 642 853 1324 314 802 2359 668 539 4172
cat_boundaries=0 1 2 3 4 5 6 7 8 9 10
cat_threshold=5 6859808 2113552 4276233 3485092 107417 10 1617936 10 2
is_linear=0
shrinkage=0.05


Tree=20
num_leaves=31
num_cat=8
split_feature=1 1 1 6 1 10 2 3 11 9 10 11 2 11 10 4 1 3 4 11 8 10 1 9 10 10 9 10 11 10
split_gain=5.53529e+06 429941 383256 105570 71336.1 64938.5 57432.1 32683.5 29067.2 28335.4 65035.4 25846.6 23366.2 22151.9 32246.3 21068.4 20692.4 19871.8 26561.2 20025.6 18938.1 18684.3 17222.1 15671.3 17363.7 15026.5 14706.1 16980.9 14328.7 13589.9
threshold=36.416666666666679 8.1666666666666696 80.833333333333357 1.0000000180025095e-35 58.416666666666679 4.9500000000000011 1.6333333333333335 1.0000000180025095e-35 0 1 4.4500000000000011 2 87.90000000000002 3 4.2500000000000009 1.0000000180025095e-35 29.833333333333339 1.0000000180025095e-35 0.41666666666666669 4 6.135416666666667 4.3500000000000005 45.833333333333336 5 5.4500000000000011 4.9500000000000011 6 5.3500000000000005 7 6.1500000000000012
decision_type=2 2 2 2 2 2 2 2 1 1 2 1 2 1 2 2 2 2 2 1 2 2 2 1 2 2 1 2 1 2
left_child=1 3 4 5 17 9 -5 8 15 10 -1 -9 -4 14 -6 29 -17 18 -2 -19 -15 -14 -21 -7 -25 -22 28 -28 -8 -3
right_child=2 7 12 6 13 23 26 11 -10 -11 -12 -13 21 20 -16 16 -18 19 -20 22 25 -23 -24 24 -26 -27 27 -29 -30 -31
leaf_value=-0.58953119389880515 0.35974400055517813 0.16208880551412422 0.86312881349626969 -0.47231876810410828 -0.014517826842565607 0.87811036635253403 0.026663671136966771 0.62342017100454916 -0.13623832694956625 -0.63822407033091988 0.43717590985344912 0.097870107861015743 0.71963868406746123 0.68982600749270317 0.77541702900878451 -0.2849059101354296 0.16043188177005249 0.20569968179776252 -0.023116167964165411 0.34123137940822001 0.22450639615596182 1.0554063195218517 0.79465755549055928 -0.08419905163771739 0.47678863293236229 0.54801009072724616 -0.40795002272278141 -0.11713372148924948 -0.29398190699008658 0.58398247291688965
leaf_weight=311 1144 1325 3406 24866 137 108 690 377 2376 358 306 625 450 815 2267 535 509 548 750 352 710 5226 517 246 314 726 2127 657 698 223
leaf_count=311 1144 1325 3406 24866 137 108 690 377 2376 358 306 625 450 815 2267 535 509 548 750 352 710 5226 517 246 314 726 2127 657 698 223
internal_value=0.000306012 -0.345913 0.744632 -0.421454 0.4915 -0.0315393 -0.443516 0.0423078 -0.0102322 -0.291728 -0.0790564 0.302806 0.96666 0.617689 0.727374 0.105392 -0.0677824 0.314087 0.208136 0.455703 0.495119 1.02879 0.60404 0.348227 0.226313 0.38806 -0.271846 -0.338105 -0.135533 0.222865
internal_weight=53699 36651 17048 30681 7966 1643 29038 5970 4968 975 617 1002 9082 4655 2404 2592 1044 3311 1894 1417 2251 5676 869 668 560 1436 4172 2784 1388 1548
internal_count=53699 36651 17048 30681 7966 1643 29038 5970 4968 975 617 1002 9082 4655 2404 2592 1044 3311 1894 1417 2251 5676 869 668 560 1436 4172 2784 1388 1548
cat_boundaries=0 1 2 3 4 5 6 7 8
cat_threshold=5501016 5 1620192 5588395 6066200 5 1 8164995
is_linear=0
shrinkage=0.05


Tree=21
num_leaves=31
num_cat=10
split_feature=1 1 1 6 10 2 3 4 3 11 9 2 9 10 10 1 4 11 1 11 11 11 11 10 3 9 9 10 4 10
split_gain=4.99638e+06 539627 230999 95314.6 58797 51815 35210.8 33521.8 28182.7 25735.7 32161.3 24540.6 22018.2 21022.5 20964.8 20358.6 20075.7 31904.7 19316 17423.5 16527 16175.8 15956 16609.6 15531.1 15114.6 14320.7 15670.8 13953.4 13767.4
threshold=46.416666666666679 8.1666666666666696 81.166666666666671 1.0000000180025095e-35 4.9500000000000011 1.6333333333333335 1.0000000180025095e-35 0.58333333333333337 1.0000000180025095e-35 0 1 65.90000000000002 2 6.2500000000000009 4.5500000000000007 25.166666666666668 0.83333333333333337 3 59.833333333333336 4 5 6 7 4.5500000000000007 1.5000000000000002 8 9 5.4500000000000011 1.0000000180025095e-35 4.4500000000000011
decision_type=2 2 2 2 2 2 2 2 2 1 1 2 1 2 2 2 2 1 2 1 1 1 1 2 2 1 1 2 2 2
left_child=1 3 8 4 9 -5 13 15 11 -1 -11 20 -4 19 21 29 17 -10 -18 -3 -2 -13 23 -14 -24 -20 -6 -28 -21 -8
right_child=2 6 12 5 26 -7 7 -9 16 10 -12 14 22 -15 -16 -17 18 -19 25 28 -22 -23 24 -25 -26 -27 27 -29 -30 -31
leaf_value=-0.5747616025616975 0.044616557972430138 -0.17940185575420597 1.1428415507223078 -0.44870283450962173 0.8379257145574539 -0.25828565998823932 -0.66307458036086142 -0.29955725257641802 0.96574455433569506 -0.54877057145394026 0.22324127755152487 0.71082209999869139 0.77966297598355983 0.28647259891148685 0.7024564241798672 0.4557368949004289 -0.41062331795692447 0.5531803064090266 0.63714069275417407 0.11410869886145317 0.39748617543841069 -0.025474229204500543 0.85493646399634504 1.1283071719319266 0.48279709158812545 0.31037912599333545 -0.079989137421778544 0.45294915353226817 -0.075080160042037922 0.19920322821058078
leaf_weight=407 557 1235 1224 24866 108 4172 68 214 830 200 368 104 457 645 845 1160 58 1410 1038 2325 856 222 5653 1353 295 646 246 314 1678 145
leaf_count=407 557 1235 1224 24866 108 4172 68 214 830 200 368 104 457 645 845 1160 58 1410 1038 2325 856 222 5653 1353 295 646 246 314 1678 145
internal_value=0.000297816 -0.307595 0.75579 -0.400382 -0.0298894 -0.421345 0.073505 0.282511 0.53038 -0.277469 -0.0533852 0.401788 0.920569 0.0171235 0.57105 0.373234 0.613827 0.712831 0.486519 -0.0160437 0.261515 0.230441 0.88289 1.03456 0.835076 0.517418 0.331473 0.214998 0.0347167 -0.076078
internal_weight=53699 38151 15548 30681 1643 29038 7470 1587 6566 975 568 2584 8982 5883 1171 1373 3982 2240 1742 5238 1413 326 7758 1810 5948 1684 668 560 4003 213
internal_count=53699 38151 15548 30681 1643 29038 7470 1587 6566 975 568 2584 8982 5883 1171 1373 3982 2240 1742 5238 1413 326 7758 1810 5948 1684 668 560 4003 213
cat_boundaries=0 1 2 3 4 5 6 7 8 9 10
cat_threshold=1167443 10 4 107943 2362529 6720296 6620672 73753 12 5
is_linear=0
shrinkage=0.05


Tree=22
num_leaves=31
num_cat=9
split_feature=0 0 1 6 1 10 1 10 0 8 11 9 10 11 11 8 10 11 1 3 0 0 11 11 11 8 11 1 8 8
split_gain=4.90079e+06 385236 154546 95269.3 63822.3 53264.2 41270.1 29606.1 25653.4 23601.4 26787.3 23550.2 57872.6 18846.5 18528.9 24738.5 21411.7 18023.7 17712.3 22362.5 64466.1 29537.8 17498.7 16983.7 15839.7 15731.8 15210.1 15116.6 14459.1 25597.8
threshold=18.500000000000004 71.500000000000014 1.0000000180025095e-35 1.0000000180025095e-35 82.833333333333357 4.9500000000000011 30.166666666666668 5.3500000000000005 1.0000000180025095e-35 4.0937500000000009 0 1 4.4500000000000011 2 3 20.973958333333336 4.0500000000000007 4 73.166666666666671 1.0000000180025095e-35 57.500000000000007 32.500000000000007 5 6 7 21.031250000000004 8 59.166666666666679 21.083333333333339 20.380208333333339
decision_type=2 2 2 2 2 2 2 2 2 2 1 1 2 1 1 2 2 1 2 2 2 2 1 1 1 2 1 2 2 2
left_child=2 7 3 5 14 11 8 18 22 10 -8 12 -1 -11 -3 16 -16 27 19 21 -21 -2 -4 -6 -10 -15 -20 -9 29 -25
right_child=1 4 6 -5 23 -7 9 17 24 13 -12 -13 -14 25 15 -17 -18 -19 26 20 -22 -23 -24 28 -26 -27 -28 -29 -30 -31
leaf_value=-0.55171564308585086 0.095628726513605086 0.81746508789920735 -0.17593794442979194 -0.42113368109506899 0.72231396642071521 0.31552650068947924 -0.22478522357710623 0.48663164004683496 0.070123212739636231 0.33058063499014767 0.74564907417449788 -0.57992913533488044 0.41680317188010502 -0.13149464326424495 -0.079302594817687422 -0.1902888362200893 0.64006616128419869 0.35830729424652663 -0.058004192641524024 -0.58327303532172337 0.27759781412793377 0.52235722485067926 -0.39971896631442361 0.93709456777010891 -0.19047217227411917 0.76171882234367683 0.61731260879525496 1.1051301711153341 0.4762479404608409 2.040398850530948
leaf_weight=311 1098 1570 1643 25703 1627 668 104 212 936 293 209 358 306 1475 107 98 3109 1314 112 352 569 643 2012 6507 1527 51 379 185 168 53
leaf_count=311 1098 1570 1643 25703 1627 668 104 212 936 293 209 358 306 1475 107 98 3109 1314 112 352 569 643 2012 6507 1527 51 379 185 168 53
internal_value=0.000324778 0.670125 -0.340314 -0.397538 0.809931 -0.0284139 -0.150636 0.289595 -0.216652 0.0388042 0.439845 -0.264057 -0.0702421 -0.030204 0.666345 0.590503 0.616132 0.457051 0.198723 0.147828 -0.0514212 0.253231 -0.3007 0.893866 -0.0919282 -0.100981 0.47466 0.755811 0.932892 0.946008
internal_weight=53699 18103 35596 27346 13239 1643 8250 4864 6118 2132 313 975 617 1819 4884 3314 3216 1711 3153 2662 921 1741 3655 8355 2463 1526 491 397 6728 6560
internal_count=53699 18103 35596 27346 13239 1643 8250 4864 6118 2132 313 975 617 1819 4884 3314 3216 1711 3153 2662 921 1741 3655 8355 2463 1526 491 397 6728 6560
cat_boundaries=0 1 2 3 4 5 6 7 8 9
cat_threshold=2211852 5 16396 1418656 540813 6348368 2508800 4651088 1581377
is_linear=0
shrinkage=0.05


Tree=23
num_leaves=31
num_cat=9
split_feature=0 0 2 7 2 10 0 2 10 11 2 0 3 0 11 0 2 10 9 8 11 8 11 8 11 11 11 10 0 11
split_gain=4.42364e+06 347624 155769 82695 61368.4 48639.9 39597.6 27613.5 26723 25575.3 25133.1 24403 23471.2 48555.8 28842.8 23237.4 22457.2 20815.9 61827.6 19774.5 25857.4 25155.9 35950.1 18129.6 18004.1 17176.2 17133.2 17007.7 17000.3 26792.5
threshold=18.500000000000004 71.500000000000014 10.225000000000001 1.0000000180025095e-35 69.63333333333334 5.4500000000000011 1.0000000180025095e-35 63.100000000000009 5.3500000000000005 0 20.450000000000003 1.0000000180025095e-35 1.0000000180025095e-35 55.500000000000007 1 89.500000000000014 73.225000000000009 4.4500000000000011 2 7.901041666666667 3 4.0937500000000009 4 20.927083333333336 5 6 7 4.7500000000000009 94.500000000000014 8
decision_type=2 2 2 2 2 2 2 2 2 1 2 2 2 2 1 2 2 2 1 2 1 2 1 2 1 1 1 2 2 1
left_child=2 8 3 5 19 17 -5 9 10 27 -2 23 14 -14 -12 26 -10 -1 -19 21 -21 22 -3 -11 -13 -23 -6 -4 -17 -30
right_child=1 4 7 6 15 -7 -8 -9 16 11 12 24 13 -15 -16 28 -18 18 -20 20 -22 25 -24 -25 -26 -27 -28 -29 29 -31
leaf_value=-0.5241298680759704 -0.042185162688668516 -0.058625223180175268 -0.31908459352410357 -0.40640476214793103 0.38808376399437905 0.50051630266334701 -0.13885424122769283 0.19977878057303966 0.34859087963532581 -0.24454170944886489 0.13847133767402578 0.21672902727048726 -0.38706829038024304 0.32359453536516347 0.65721402293605402 0.89003375575827937 0.8171318164648721 0.43586287208792518 -0.36743914083993301 0.69272860888977816 0.22356094569755963 1.0802702991019408 0.71928884429055895 0.39287648483462956 -0.13194765988156565 0.67270226181983472 0.78063771056476983 0.59616217892616985 1.2369080349922181 0.35686578280362657
leaf_weight=311 857 259 69 26194 499 345 1460 694 1398 3721 491 620 338 832 635 7491 313 383 604 543 699 407 348 115 888 1540 950 192 115 388
leaf_count=311 857 259 69 26194 499 345 1460 694 1398 3721 491 620 338 832 635 7491 313 383 604 543 699 407 348 115 888 1540 950 192 115 388
internal_value=0.000327475 0.636686 -0.323305 -0.371804 0.769493 -0.0271697 -0.392279 -0.0977323 0.275209 -0.13457 0.188876 -0.158145 0.275121 0.118292 0.438079 0.837746 0.434303 -0.167425 -0.0550289 0.599705 0.436058 0.679286 0.398246 -0.225432 0.0119697 0.766904 0.653517 0.34113 0.871139 0.589754
internal_weight=53699 18103 35596 29297 13239 1643 27654 6299 4864 5605 3153 5344 2296 1170 1126 9443 1711 1298 987 3796 1242 2554 607 3836 1508 1947 1449 261 7994 503
internal_count=53699 18103 35596 29297 13239 1643 27654 6299 4864 5605 3153 5344 2296 1170 1126 9443 1711 1298 987 3796 1242 2554 607 3836 1508 1947 1449 261 7994 503
cat_boundaries=0 1 2 3 4 5 6 7 8 9
cat_threshold=16384 6851492 5 3292454 5379347 1478744 1384608 4911200 1053712
is_linear=0
shrinkage=0.05


Tree=24
num_leaves=31
num_cat=12
split_feature=0 0 2 7 0 2 10 2 3 0 11 11 9 11 9 11 11 8 11 11 8 8 8 11 0 11 10 10 9 10
split_gain=3.99398e+06 313929 141358 69221 61213.1 55241.9 44665.8 24325 23132 44823.1 25548 24564.2 21730.6 21480.3 25621.6 21136.6 19060.8 17862.5 23385.8 22829.1 20687.8 18146.7 17838.5 19255.8 16782.7 16209.6 15414.4 14853.7 14815.5 22503.5
threshold=18.500000000000004 71.500000000000014 27.450000000000003 1.0000000180025095e-35 1.0000000180025095e-35 69.63333333333334 4.9500000000000011 40.100000000000009 1.0000000180025095e-35 44.500000000000007 0 1 2 3 4 5 6 7.901041666666667 7 8 4.0937500000000009 6.260416666666667 9.9062500000000018 9 6.5000000000000009 10 7.2500000000000009 4.3500000000000005 11 6.4500000000000011
decision_type=2 2 2 2 2 2 2 2 2 2 1 1 1 1 1 1 1 2 1 1 2 2 2 1 2 1 2 2 1 2
left_child=2 7 3 6 -5 17 13 -2 11 -10 -11 -9 -7 -1 -15 26 -14 19 27 21 -21 -3 24 -24 25 -17 -4 -19 -8 -30
right_child=1 5 15 4 -6 12 28 8 9 10 -12 -13 16 14 -16 22 -18 18 -20 20 -22 -23 23 -25 -26 -27 -28 -29 29 -31
leaf_value=-0.51063553376132231 0.14130872794673019 0.67273244809077104 0.14658179260905518 -0.37725155187127979 -0.10865843093335868 1.0113650839836079 -0.18863119954685514 0.17666800577092817 -0.83310642449752148 0.054522741943206304 0.49037546722797426 0.69404168171452874 0.83757290256069572 -0.47752583719435199 0.2114290676340855 -0.37900482511528633 0.66709851327952197 -0.3120850466590907 0.65871851557956684 0.25772531547092509 0.64320731091063144 1.2068194973841058 0.70150011050350525 -0.0028813621768072331 0.15293547773893659 -0.067791456629368377 0.9457595491409303 0.31626026808011332 0.27749444135178475 1.2007526360548937
leaf_weight=408 2256 330 841 28171 2294 1226 129 360 92 599 791 766 4517 200 368 758 3700 112 543 457 1460 307 126 348 396 953 65 587 462 77
leaf_count=408 2256 330 841 28171 2294 1226 129 360 92 599 791 766 4517 200 368 758 3700 112 543 457 1460 307 126 348 396 953 65 587 462 77
internal_value=0.000376658 0.605042 -0.307137 -0.339973 -0.357027 0.731248 -0.0239448 0.261531 0.365526 0.235728 0.306471 0.536362 0.796005 -0.239555 -0.0352253 -0.00478184 0.761715 0.570158 0.414624 0.645794 0.54845 0.915758 -0.0777398 0.199098 -0.140387 -0.208275 0.201692 0.212541 0.291079 0.401931
internal_weight=53699 18103 35596 32109 30465 13239 1644 4864 2608 1482 1390 1126 9443 976 568 3487 8217 3796 1242 2554 1917 637 2581 474 2107 1711 906 699 668 539
internal_count=53699 18103 35596 32109 30465 13239 1644 4864 2608 1482 1390 1126 9443 976 568 3487 8217 3796 1242 2554 1917 637 2581 474 2107 1711 906 699 668 539
cat_boundaries=0 1 2 3 4 5 6 7 8 9 10 11 12
cat_threshold=1979216 6335780 4 1167443 10 2113618 107423 5096153 876704 98433 230025 2
is_linear=0
shrinkage=0.05


Tree=25
num_leaves=31
num_cat=9
split_feature=0 0 2 6 0 0 1 10 3 10 4 10 11 10 0 0 1 11 11 11 10 9 9 8 11 2 9 8 8 11
split_gain=3.60658e+06 206006 194330 63816.6 55776.3 49292.8 41923.5 40437.2 31008.2 28983.4 29794.5 28053.9 26372.5 23033 22947.1 25816.7 20931.2 19874.1 19795.5 19400.1 18908.8 55251.9 18902.7 17526.4 16072.3 15466 14202 14097.4 13388.2 13161.6
threshold=28.500000000000004 89.500000000000014 17.450000000000003 1.0000000180025095e-35 1.0000000180025095e-35 6.5000000000000009 73.166666666666671 5.4500000000000011 1.0000000180025095e-35 4.3500000000000005 0.41666666666666669 4.3500000000000005 0 6.9500000000000011 90.500000000000014 156.50000000000003 66.166666666666671 1 2 3 4.4500000000000011 4 5 19.895833333333339 6 61.775000000000006 7 7.9531250000000009 21.614583333333339 8
decision_type=2 2 2 2 2 2 2 2 2 2 2 2 1 2 2 2 2 1 1 1 2 1 1 2 1 2 1 2 2 1
left_child=2 6 3 7 -5 12 11 20 16 17 -11 27 -4 22 19 -16 18 -3 -7 -12 -1 -22 -6 25 -8 -14 -9 -2 29 -13
right_child=1 9 5 4 13 8 24 26 -10 10 14 28 23 -15 15 -17 -18 -19 -20 -21 21 -23 -24 -25 -26 -27 -28 -29 -30 -31
leaf_value=-0.49084952924029235 0.089022526552802642 -0.12857292602139134 0.12634603786583609 -0.36354345916338526 -0.2107021473631587 -0.01859956754042822 0.32737692070840418 -0.064427519676921605 -0.83266612291336062 0.62531335985389314 0.67113405789676861 0.46857095782271951 -0.2411232421332431 0.90123840952800094 -0.012385212823196694 0.73498286370825827 1.1158126334659755 0.57312396894771322 0.3518240288988051 0.90640654853049907 0.41923860896964976 -0.3395151297889456 0.13068723307010527 0.45939379609980674 0.63492503521553312 0.067389431687573553 0.65042626397816217 -0.53763093727690581 -0.29381376455811892 0.25997698611146619
leaf_weight=311 285 114 948 26988 1784 568 684 101 68 2538 1482 1298 2674 55 162 403 68 1075 1000 4795 384 604 519 106 1632 479 244 131 85 2114
leaf_count=311 285 114 948 26988 1784 568 684 101 68 2538 1482 1298 2674 55 162 403 68 1075 1000 4795 384 604 519 106 1632 479 244 131 85 2114
internal_value=0.000393924 0.607724 -0.276074 -0.326185 -0.343168 -0.0133485 0.379643 -0.0230412 0.213524 0.742147 0.771626 0.279849 -0.105241 -0.109965 0.8259 0.520693 0.257009 0.509585 0.219765 0.853372 -0.150836 -0.043808 -0.134115 -0.172465 0.54825 -0.194254 0.458136 -0.108313 0.326025 0.341466
internal_weight=53699 16798 36901 30990 29346 5911 6229 1644 1704 10569 9380 3913 4207 2358 6842 565 1636 1189 1568 6277 1299 988 2303 3259 2316 3153 345 416 3497 3412
internal_count=53699 16798 36901 30990 29346 5911 6229 1644 1704 10569 9380 3913 4207 2358 6842 565 1636 1189 1568 6277 1299 988 2303 3259 2316 3153 345 416 3497 3412
cat_boundaries=0 1 2 3 4 5 6 7 8 9
cat_threshold=2113616 4210698 6859937 2508816 5 10 1745216 2 1698825
is_linear=0
shrinkage=0.05


Tree=26
num_leaves=31
num_cat=12
split_feature=0 0 2 6 2 0 10 2 2 3 0 11 11 5 11 9 11 8 11 9 11 0 8 11 10 0 9 10 11 9
split_gain=3.2579e+06 276590 109147 57305.7 47501.2 40556.1 37985.8 24062.6 21105.5 20503.5 40385.9 24016.1 19482.8 21633.9 18974.9 22007.6 17540.8 16888 17788 15245.4 26830.3 17171.7 16475.8 14939.1 13665.2 13414 13371.2 28097.7 13305 12631.2
threshold=16.500000000000004 70.500000000000014 27.450000000000003 1.0000000180025095e-35 87.90000000000002 1.0000000180025095e-35 4.9500000000000011 58.45000000000001 44.900000000000006 1.0000000180025095e-35 57.500000000000007 0 1 1.0000000180025095e-35 2 3 4 9.9062500000000018 5 6 7 44.500000000000007 13.552083333333334 8 4.3500000000000005 89.500000000000014 9 4.2500000000000009 10 11
decision_type=2 2 2 2 2 2 2 2 2 2 2 1 1 2 1 1 1 2 1 1 1 2 2 1 2 2 1 2 1 1
left_child=2 7 3 6 8 26 14 9 -3 12 -11 -12 -2 -14 -1 -16 -4 -18 -19 28 21 -21 -22 -6 -25 -10 27 -5 -9 -8
right_child=1 4 16 5 23 -7 29 19 25 10 11 -13 13 -15 15 -17 17 18 -20 20 22 -23 -24 24 -26 -27 -28 -29 -30 -31
leaf_value=-0.47528785504222493 -0.034639774808116884 0.41781010777768135 0.18117650298752405 -0.36621358823180317 0.52344927847958533 -0.11421092175615746 -0.17411790164254554 0.71104975342438159 0.51044258177300061 -0.47722801633114775 0.60179217167522603 -0.042868765654848588 0.17832622322580549 0.52712907981407164 -0.43861911439824675 0.1998706344653059 -0.13988861428350871 0.68315901854880767 -0.0025128224284873919 -0.18346224696028468 -0.20889349011901284 0.85462553926876605 0.67924321543785837 0.48296707306916897 0.82482778428521952 0.67065587156529549 -0.36495299800366787 -0.1885011773931653 0.30402486186735989 0.37118181865395156
leaf_weight=408 566 1623 877 5121 718 2126 129 467 1898 347 220 392 1263 686 200 368 2031 123 337 51 331 182 62 312 4634 4192 19118 3932 446 539
leaf_count=408 566 1623 877 5121 718 2126 129 467 1898 347 220 392 1263 686 200 368 2031 123 337 51 331 182 62 312 4634 4192 19118 3932 446 539
internal_value=0.000418536 0.540063 -0.280644 -0.30919 0.658767 -0.324791 -0.0216866 0.223305 0.578026 0.150393 -0.0463182 0.198005 0.225401 0.299559 -0.220522 -0.0286486 -0.0099234 -0.0776192 0.195627 0.387889 0.18735 0.601585 -0.0670736 0.768716 0.801642 0.620724 -0.340683 -0.288709 0.517666 0.268827
internal_weight=53699 18390 35309 31941 13377 30297 1644 5013 7713 3474 959 612 2515 1949 976 568 3368 2491 460 1539 626 233 393 5664 4946 6090 28171 9053 913 668
internal_count=53699 18390 35309 31941 13377 30297 1644 5013 7713 3474 959 612 2515 1949 976 568 3368 2491 460 1539 626 233 393 5664 4946 6090 28171 9053 913 668
cat_boundaries=0 1 2 3 4 5 6 7 8 9 10 11 12
cat_threshold=699523 6293665 1167443 10 2113618 98433 8 6439977 411648 1 643781 2
is_linear=0
shrinkage=0.05


Tree=27
num_leaves=31
num_cat=8
split_feature=0 0 2 6 0 10 1 0 11 10 10 5 11 3 1 2 11 11 10 9 10 0 11 10 9 8 8 8 2 9
split_gain=2.94274e+06 167893 160145 55008.8 36457 35077.9 34632.9 26504 25403.1 24808.4 24406.7 25083.9 21885.4 20322.6 23049.8 18742.1 18036.2 18016.8 16551.3 47602.1 15318.3 14608.2 14432.6 13751.8 16541.6 12729 12264.3 12209 12025.1 11884
threshold=28.500000000000004 89.500000000000014 8.1000000000000014 1.0000000180025095e-35 6.5000000000000009 5.4500000000000011 73.166666666666671 1.0000000180025095e-35 0 4.3500000000000005 4.3500000000000005 0.22500000000000003 1 1.0000000180025095e-35 66.166666666666671 65.90000000000002 2 3 4.4500000000000011 4 4.4500000000000011 90.500000000000014 5 5.5500000000000007 6 7.9531250000000009 8.2083333333333339 21.614583333333339 44.900000000000006 7
decision_type=2 2 2 2 2 2 2 2 1 2 2 2 1 2 2 2 1 1 2 1 2 2 1 2 1 2 2 2 2 1
left_child=2 6 3 5 8 18 9 -5 20 25 16 -12 -13 14 17 -10 -3 -6 -1 -20 -4 -14 -8 24 -9 -2 -27 -11 -22 -7
right_child=1 10 4 7 13 29 22 23 15 27 11 12 21 -15 -16 -17 -18 -19 19 -21 28 -23 -24 -25 -26 26 -28 -29 -30 -31
leaf_value=-0.45980154406219437 0.074901639440080589 -0.15001006610994416 -0.17641457730269694 -0.33237047692847177 -0.074602154873891505 -0.053574798316568945 0.28840883209957857 -0.27832631753517567 -0.18694503625703557 0.31057499857435977 0.55445625372682172 0.54862446759467609 0.81592166410252409 -0.73184896275617073 1.0458740530864281 0.156368897293925 0.51728408652946045 0.21838554900993554 0.38907169224955052 -0.31574932274435946 0.14807877385132348 0.52842832021955133 0.57820039787207789 0.32307222807932201 0.10671591695846248 -1.0717935860157013 -0.095964864263864802 -0.29608301499310663 0.72203121785219615 0.60135695277236589
leaf_weight=311 285 113 182 25863 825 101 684 960 4506 3412 2312 1398 5187 69 68 436 1076 1423 383 604 224 483 1632 159 389 57 74 85 154 244
leaf_count=311 285 113 182 25863 825 101 684 960 4506 3412 2312 1398 5187 69 68 436 1076 1423 383 604 224 483 1632 159 389 57 74 85 154 244
internal_value=0.000416629 0.549014 -0.249315 -0.303622 -0.049533 -0.0226204 0.343109 -0.32049 -0.120309 0.252407 0.670366 0.697418 0.744182 0.113742 0.138935 -0.15634 0.456955 0.111501 -0.141728 -0.0415045 0.196939 0.790038 0.496356 -0.11673 -0.168567 -0.112612 -0.520562 0.295829 0.381911 0.425501
internal_weight=53699 16798 36901 29014 7887 1643 6229 27371 5502 3913 10569 9380 7068 2385 2316 4942 1189 2248 1298 987 560 5670 2316 1508 1349 416 131 3497 378 345
internal_count=53699 16798 36901 29014 7887 1643 6229 27371 5502 3913 10569 9380 7068 2385 2316 4942 1189 2248 1298 987 560 5670 2316 1508 1349 416 131 3497 378 345
cat_boundaries=0 1 2 3 4 5 6 7 8
cat_threshold=2113536 2508800 4214792 6859937 5 1745216 10 2
is_linear=0
shrinkage=0.05


Tree=28
num_leaves=31
num_cat=11
split_feature=0 0 1 6 1 10 10 0 11 9 0 11 8 11 9 11 0 1 9 3 11 8 1 9 10 11 10 11 1 10
split_gain=2.65642e+06 227299 77228.5 47448.7 38674.9 32782.4 22540.3 21557.2 17412.4 18905.1 16529 16848.9 18358.1 16455.8 15527.7 14798.9 14887.5 14681.3 14954.5 16089.5 14547.8 12885.2 15640.5 12676.3 27328.1 11770.4 11630.2 11069.2 10996.3 10527.2
threshold=16.500000000000004 70.500000000000014 8.4166666666666696 1.0000000180025095e-35 82.833333333333357 4.9500000000000011 5.3500000000000005 1.0000000180025095e-35 0 1 90.500000000000014 2 20.973958333333336 3 4 5 96.500000000000014 83.416666666666671 6 1.0000000180025095e-35 7 3.2239583333333335 31.416666666666668 8 4.0500000000000007 9 4.7500000000000009 10 59.166666666666679 4.5500000000000007
decision_type=2 2 2 2 2 2 2 2 1 1 2 1 2 1 1 1 2 2 1 2 1 2 2 1 2 1 2 1 2 2
left_child=2 6 3 5 10 8 17 23 -1 -10 11 -3 -13 26 -6 29 -17 18 -2 -20 28 22 -15 24 -5 -9 -4 -7 -8 -16
right_child=1 4 13 7 14 27 20 25 9 -11 -12 12 -14 21 15 16 -18 -19 19 -21 -22 -23 -24 -25 -26 -27 -28 -29 -30 -31
leaf_value=-0.45062160616298375 -0.21840647698764923 0.62701102986787738 -0.29645621971837405 -0.34333140084539904 0.84087315372058336 -0.023164357738785966 0.37936088194145018 0.08742557358643302 -0.40269682185990474 0.18905580723017612 -0.035248214731345311 0.4464845823163695 -0.27070975433225219 -0.051167272833677439 0.53408324224811021 0.61026685202926501 0.26836050083122309 0.92609196582010811 0.23592630128273845 -0.0065637089416595434 0.23942149601953366 -0.11413503972882671 0.62787102073206946 -0.33138068826571643 -0.16738377132314464 -0.21111239861193334 0.50770895239710812 0.39998219537873603 0.82915417175947859 0.87301033721359278
leaf_weight=407 307 1800 58 4488 1222 248 326 497 200 368 148 2960 92 234 294 5485 338 56 1820 1096 1175 4163 133 18592 4342 959 200 420 233 1038
leaf_count=407 307 1800 58 4488 1222 248 326 497 200 368 148 2960 92 234 294 5485 338 56 1820 1096 1175 4163 133 18592 4342 959 200 420 233 1038
internal_value=0.000417924 0.487707 -0.253377 -0.282666 0.595316 -0.0213004 0.200558 -0.297536 -0.206167 -0.02267 0.485272 0.50115 0.423478 -0.0666799 0.660998 0.628224 0.589408 0.123458 0.109512 0.14429 0.346355 -0.088901 0.194915 -0.30749 -0.256522 -0.110057 0.314729 0.248527 0.55688 0.792254
internal_weight=53699 18390 35309 30521 13377 1643 5013 28878 975 568 5000 4852 3052 4788 8377 7155 5823 3279 3223 2916 1734 4530 367 27422 8830 1456 258 668 559 1332
internal_count=53699 18390 35309 30521 13377 1643 5013 28878 975 568 5000 4852 3052 4788 8377 7155 5823 3279 3223 2916 1734 4530 367 27422 8830 1456 258 668 559 1332
cat_boundaries=0 1 2 3 4 5 6 7 8 9 10 11
cat_threshold=1167443 10 3515808 16384 4 73745 2 544909 1 435024 928364
is_linear=0
shrinkage=0.05


Tree=29
num_leaves=31
num_cat=7
split_feature=0 0 2 6 0 0 10 1 10 4 11 10 10 11 8 0 0 11 9 11 10 9 8 8 7 2 10 11 2 0
split_gain=2.40167e+06 139377 134060 42844.4 35222.8 34351.6 29326.7 28865.8 21637.5 23515.2 20707 20461.2 19866.5 18298.9 23907.3 17732.5 22404.8 16544.6 16128.4 15333.8 15052.1 42548.9 14928.6 14747.4 12998.4 12794.8 11735.8 11620.5 11600.3 11232.8
threshold=28.500000000000004 89.500000000000014 17.450000000000003 1.0000000180025095e-35 6.5000000000000009 1.0000000180025095e-35 5.4500000000000011 80.833333333333357 4.3500000000000005 0.41666666666666669 0 4.3500000000000005 6.9500000000000011 1 4.7968750000000009 90.500000000000014 167.50000000000003 2 3 4 4.4500000000000011 5 7.9531250000000009 19.895833333333339 1.5000000000000002 24.100000000000005 9.4500000000000011 6 35.900000000000006 63.500000000000007
decision_type=2 2 2 2 2 2 2 2 2 2 1 2 2 1 2 2 2 1 1 1 2 1 2 2 2 2 2 1 2 2
left_child=2 7 3 6 10 -5 20 11 17 -10 -4 22 18 -6 -15 19 -17 -3 -7 -11 -1 -22 27 24 -12 -19 29 -2 -27 -13
right_child=1 8 4 5 13 12 -8 -9 9 15 23 26 -14 14 -16 16 -18 25 -20 -21 21 -23 -24 -25 -26 28 -28 -29 -30 -31
leaf_value=-0.43063225785444026 0.5097841866554752 -0.16920652706776895 0.09359914192743915 -0.29673033380678804 -0.098529791422868704 -0.19091542432637038 0.39133732783621639 0.51468246171176879 0.50206180132141698 0.54512388845556103 0.076653671608521393 0.19471783353832367 0.84140123854983939 0.70739253681167336 0.17084615841911638 0.0087259870614403885 0.65781527607359447 1.0254212765617574 0.12435792849341053 0.75094039085147657 0.37441805812913148 -0.29139562339615988 -0.47930572356800644 0.46955936159128725 -0.21747865632238961 -0.31196523262904241 0.99206750968406954 -0.0997220545186909 0.4554499034368833 0.35508072124894902
leaf_weight=311 114 114 1172 26988 428 1784 345 1333 2538 1482 442 2151 55 261 1015 214 351 94 519 4795 384 604 147 92 2501 52 58 208 929 2218
leaf_count=311 114 114 1172 26988 428 1784 345 1333 2538 1482 442 2151 55 261 1015 214 351 94 519 4795 384 604 147 92 2501 52 58 208 929 2218
internal_value=0.00040398 0.496007 -0.225203 -0.266825 -0.0069899 -0.28074 -0.0184376 0.308402 0.606574 0.632046 -0.0846683 0.252239 -0.0977268 0.18479 0.278412 0.680262 0.411966 0.405634 -0.120155 0.704412 -0.127269 -0.0317775 -0.0617998 -0.153312 -0.173304 0.463853 0.285509 0.128801 0.414771 0.276129
internal_weight=53699 16798 36901 30990 5911 29346 1644 6229 10569 9380 4207 4896 2358 1704 1276 6842 565 1189 2303 6277 1299 988 469 3035 2943 1075 4427 322 981 4369
internal_count=53699 16798 36901 30990 5911 29346 1644 6229 10569 9380 4207 4896 2358 1704 1276 6842 565 1189 2303 6277 1299 988 469 3035 2943 1075 4427 322 981 4369
cat_boundaries=0 1 2 3 4 5 6 7
cat_threshold=2117712 6858784 4210698 10 2508816 5 4464868
is_linear=0
shrinkage=0.05


Tree=30
num_leaves=31
num_cat=10
split_feature=1 1 1 10 6 4 10 9 10 1 6 11 4 9 11 9 11 11 10 11 3 2 8 8 8 2 8 11 11 10
split_gain=2.03797e+06 204865 89955.8 38163.4 36177.5 25201.5 25639.2 24590.7 43654.6 23596.9 22629 19653.6 16206.4 15576.8 15449.9 13979.8 25464.3 19141.3 20047 13905.3 13856.4 13540.1 19852.7 12692.8 12532.8 12454.9 12192.9 11886.4 9987.42 9595.45
threshold=46.416666666666679 8.1666666666666696 82.833333333333357 5.4500000000000011 1.5000000000000002 0.58333333333333337 6.2500000000000009 0 4.0500000000000007 29.166666666666668 1.5000000000000002 1 1.0000000180025095e-35 2 3 4 5 6 4.7500000000000009 7 1.5000000000000002 1.0000000180025095e-35 13.130208333333334 14.083333333333334 15.781250000000002 79.63333333333334 7.9531250000000009 8 9 4.6500000000000012
decision_type=2 2 2 2 2 2 2 1 2 2 2 1 2 1 1 1 1 1 2 1 2 2 2 2 2 2 2 1 1 2
left_child=1 3 15 7 28 6 9 8 -1 12 -10 -11 -3 -4 -7 16 -2 -17 -19 24 23 -6 -23 -21 26 -20 -15 -8 -5 -9
right_child=2 5 13 4 21 14 27 29 10 11 -12 -13 -14 19 -16 17 -18 18 25 20 -22 22 -24 -25 -26 -27 -28 -29 -30 -31
leaf_value=-0.31151344767241018 -0.079593537582291499 0.018053831352329318 0.76885330464814805 0.76061317904860581 -0.252133163277243 0.025038388005474158 0.11660042129691661 -0.32660199840788734 0.22790429773565118 -0.026797362090930373 -0.13426810207742546 0.25388947796255051 -0.21098847848288022 0.80113661965374039 -0.53495658072265417 0.50260774492089666 0.42987000942931641 0.17269084781859104 0.35419403060255494 0.56905222553347934 0.21737398069571046 -0.080771323454358404 0.7201897588041094 0.31151683654763629 1.4110522649036004 0.67159751678913671 0.43349625294407207 0.51705658123828468 0.19538005687509263 -0.24858479645064252
leaf_weight=4765 503 2454 1223 103 1220 218 371 13079 478 1032 4414 1576 1127 794 286 2104 468 1566 1987 5291 340 551 90 526 65 366 315 406 340 5641
leaf_count=4765 503 2454 1223 103 1220 218 371 13079 478 1032 4414 1576 1127 794 286 2104 468 1566 1987 5291 340 551 90 526 65 366 315 406 340 5641
internal_value=0.000398193 -0.196241 0.482903 -0.253412 -0.0577075 0.038574 0.0632768 -0.269302 -0.203588 0.0292884 -0.09888 0.143691 -0.0540296 0.591652 -0.302854 0.349897 0.167835 0.378342 0.310517 0.560277 0.526775 -0.154374 0.0316881 0.545765 0.730044 0.403565 0.696712 0.334003 0.34838 -0.302931
internal_weight=53699 38151 15548 30681 2304 7470 6966 28377 9657 6189 4892 2608 3581 8554 504 6994 971 6023 3919 7331 6157 1861 641 5817 1174 2353 1109 777 443 18720
internal_count=53699 38151 15548 30681 2304 7470 6966 28377 9657 6189 4892 2608 3581 8554 504 6994 971 6023 3919 7331 6157 1861 641 5817 1174 2353 1109 777 443 18720
cat_boundaries=0 1 2 3 4 5 6 7 8 9 10
cat_threshold=1 3737381 4 2689263 2 5709697 354177 65553 98387 86024
is_linear=0
shrinkage=0.05


Tree=31
num_leaves=31
num_cat=14
split_feature=0 0 2 0 7 1 0 3 9 0 0 4 11 11 11 9 11 11 8 11 9 11 3 0 11 5 11 11 0 11
split_gain=1.97538e+06 116239 107376 39151.4 39631.2 22909.2 20348.4 22181.9 17629.8 17522.7 24265.6 20326.2 19634.1 16501.2 16218.9 15852.4 23629.5 15278.9 14682 14037.7 13726.8 23538.4 12597.2 57684.9 18963.5 12557.9 29215.4 13099 11958.4 11302.5
threshold=28.500000000000004 89.500000000000014 27.450000000000003 1.0000000180025095e-35 1.5000000000000002 68.833333333333357 10.500000000000002 1.0000000180025095e-35 0 90.500000000000014 156.50000000000003 0.41666666666666669 1 2 3 4 5 6 13.97916666666667 7 8 9 1.0000000180025095e-35 58.500000000000007 10 1.0000000180025095e-35 11 12 13.500000000000002 13
decision_type=2 2 2 2 2 2 2 2 1 2 2 2 1 1 1 1 1 1 2 1 1 1 2 2 1 2 1 1 2 1
left_child=2 5 3 4 -1 22 13 14 19 11 -11 29 -12 -4 -8 18 -17 -13 -7 -3 -5 -22 25 -24 -25 27 -27 -2 -23 -10
right_child=1 8 6 20 -6 15 7 -9 9 10 12 17 -14 -15 -16 16 -18 -19 -20 -21 21 28 23 24 -26 26 -28 -29 -30 -31
leaf_value=-0.064662729710478636 0.41048114069176284 0.43334697347190509 -0.18294766440410237 -0.12010189844033151 -0.26937732771084849 0.53982059449040087 0.019176678223324556 -0.73384988478251867 0.27528714507070856 -0.1567413460514317 1.0570825831008994 0.4708799089472942 0.25195647588242659 0.059358721714046318 0.44834150714373755 0.5148054619963538 0.040841203252087815 0.65106039147603179 0.035380256250500682 0.83260493877547648 -0.17031227859872333 0.21759582075032116 -0.39311520404049327 0.052333254541212321 0.40694628234918978 0.083141168843265556 0.90425313022457265 0.055223663346440889 0.83319984174380868 0.50798069610651087
leaf_weight=2589 453 388 1074 2334 27225 1465 361 56 957 219 105 2118 289 1989 589 437 658 4004 160 1009 328 238 441 679 874 217 228 617 118 1480
leaf_count=2589 453 388 1074 2334 27225 1465 361 56 957 219 105 2118 289 1989 589 437 658 4004 160 1009 328 238 441 679 874 217 228 617 118 1480
internal_value=0.000405553 0.449878 -0.204202 -0.234228 -0.2516 0.278551 0.0380728 0.233176 0.550852 0.522877 0.265209 0.541942 0.499745 -0.0260063 0.29018 0.387462 0.232941 0.590557 0.487155 0.725584 -0.0626173 0.133343 0.194129 0.111552 0.25486 0.302814 0.526034 0.209979 0.410124 0.419817
internal_weight=53699 16798 36901 32832 29814 6229 4069 1006 10569 9172 613 8559 394 3063 950 2720 1095 6122 1625 1397 3018 684 3509 1994 1553 1515 445 1070 356 2437
internal_count=53699 16798 36901 32832 29814 6229 4069 1006 10569 9172 613 8559 394 3063 950 2720 1095 6122 1625 1397 3018 684 3509 1994 1553 1515 445 1070 356 2437
cat_boundaries=0 1 2 3 4 5 6 7 8 9 10 11 12 13 14
cat_threshold=4 1053713 232232 7908768 8 4481165 2513424 4587542 10 4276375 1839960 7113324 6136580 5330020
is_linear=0
shrinkage=0.05


Tree=32
num_leaves=31
num_cat=8
split_feature=0 0 2 10 6 0 3 2 10 4 9 10 6 11 11 11 0 0 11 8 8 11 11 9 2 2 8 10 7 2
split_gain=1.78397e+06 104917 97128.4 34365.5 28684.7 27910.4 23189.7 20900.1 18814.2 18760.4 17625.1 33279.9 22578.5 17433.4 14768.4 13893.9 13549.1 18811.8 13526.6 21657.4 13164.7 12888.2 12781.4 23395.2 12388.3 12387.4 17098.5 12090 10533.2 9694.52
threshold=28.500000000000004 89.500000000000014 17.450000000000003 5.4500000000000011 1.5000000000000002 6.5000000000000009 1.0000000180025095e-35 50.100000000000009 4.3500000000000005 0.41666666666666669 0 4.1500000000000012 1.5000000000000002 1 2 3 90.500000000000014 147.50000000000003 4 4.7968750000000009 19.895833333333339 5 6 7 24.100000000000005 1.0000000180025095e-35 13.036458333333334 4.6500000000000012 1.5000000000000002 35.900000000000006
decision_type=2 2 2 2 2 2 2 2 2 2 1 2 2 1 1 1 2 2 1 2 2 1 1 1 2 2 2 2 2 2
left_child=2 7 3 10 -5 13 18 15 14 -10 11 -1 -13 -4 -3 -2 21 -18 -7 -20 28 -11 -9 -24 -16 -6 -27 -12 -15 -26
right_child=1 8 5 4 25 6 -8 22 9 16 27 12 -14 20 24 -17 17 -19 19 -21 -22 -23 23 -25 29 26 -28 -29 -30 -31
leaf_value=-0.27928359717674173 -0.011896438319836895 -0.20166867865670113 0.08616900725235814 0.30834039191103296 -0.226057632648554 -0.049551344824231 -0.7422682565801284 0.45919917342384819 0.43117146088211111 0.50330992555328291 -0.2989082649691131 0.22868114009014959 -0.12977701201553507 0.06575163828032049 0.94338755239831651 0.2375841657550283 -0.14686319404414724 0.52140438972095804 0.70067995434185593 0.17820924030817473 0.44813070523998011 0.66883530532604663 0.34753816505601787 -0.034445930214595258 -0.32184535448367779 -0.057795695879894839 0.68773614446098885 -0.21325295494053279 -0.19902338068958361 0.37970398355223267
leaf_weight=4839 858 114 1172 461 1220 412 68 1421 2538 2247 13242 492 4101 442 94 1612 140 425 249 975 92 4030 1819 519 52 566 89 5980 2501 929
leaf_count=4839 858 114 1172 461 1220 412 68 1421 2538 2247 13242 492 4101 442 94 1612 140 425 249 975 92 4030 1819 519 52 566 89 5980 2501 929
internal_value=0.00045047 0.427591 -0.193991 -0.229419 -0.0450125 -0.00825191 0.162464 0.264822 0.523521 0.547272 -0.244453 -0.187583 -0.0913791 -0.0773985 0.336148 0.151836 0.590339 0.355816 0.200069 0.282191 -0.140383 0.611449 0.339063 0.262958 0.391417 -0.13189 0.0435056 -0.272119 -0.159258 0.342517
internal_weight=53699 16798 36901 30990 2336 5911 1704 6229 10569 9380 28654 9432 4593 4207 1189 2470 6842 565 1636 1224 3035 6277 3759 2338 1075 1875 655 19222 2943 981
internal_count=53699 16798 36901 30990 2336 5911 1704 6229 10569 9380 28654 9432 4593 4207 1189 2470 6842 565 1636 1224 3035 6277 3759 2338 1075 1875 655 19222 2943 981
cat_boundaries=0 1 2 3 4 5 6 7 8
cat_threshold=1 2117712 4210698 2888265 6858784 3037202 6636585 10
is_linear=0
shrinkage=0.05


Tree=33
num_leaves=31
num_cat=11
split_feature=1 1 1 10 6 4 10 9 10 11 11 9 11 1 2 8 4 11 11 8 8 10 11 9 11 11 1 8 2 8
split_gain=1.50856e+06 149237 67277.8 30843.8 28676.8 22357.1 22066.4 19942.7 35328.7 20313.8 17439.3 16966.7 14131.5 13903.2 13893 22547.5 15623.2 16591.2 13383.5 31621.8 12578 12550.9 32075.2 15142 21948.6 16870.4 12908.4 12635.7 10748.2 16773
threshold=46.416666666666679 8.1666666666666696 82.833333333333357 5.4500000000000011 1.5000000000000002 0.58333333333333337 6.2500000000000009 0 4.0500000000000007 1 2 3 4 35.833333333333336 103.7 13.927083333333336 1.1666666666666667 5 6 6.9687500000000009 20.973958333333336 4.3500000000000005 7 8 9 10 67.416666666666671 27.947916666666668 1.0000000180025095e-35 13.130208333333334
decision_type=2 2 2 2 2 2 2 1 2 1 1 1 1 2 2 2 2 1 1 2 2 2 1 1 1 1 2 2 2 2
left_child=1 3 21 7 -5 6 10 8 -1 -10 11 -3 -7 -12 16 18 20 -18 19 -16 -4 22 -2 24 -23 27 -24 -25 -6 -30
right_child=2 5 14 4 28 12 -8 -9 9 -11 13 -13 -14 -15 15 -17 17 -19 -20 -21 -22 23 26 25 -26 -27 -28 -29 29 -31
leaf_value=-0.26978177414080012 0.42019544209807869 0.24495048344314468 0.51813625226226168 0.31995619121039159 -0.21475475732542454 -0.58138611599018697 0.30610316413055577 -0.26207685937071235 -0.21937977190750343 -0.0047803383615930648 -0.10814383612680496 0.0099024948855734665 -0.045795862739150595 0.19557001086381764 2.0299222005041022 1.7156970124978288 0.71860793201546924 0.016497948757116347 0.4640158625812969 0.6690598448234446 0.13256217209160875 0.46568873451506515 -0.43691430314192692 0.27714935659088574 -0.035667057612767589 0.44313678376231824 0.29208924907259642 -0.51776134605501223 -0.065251885120589589 0.67096861754026682
leaf_weight=4765 357 1279 7107 443 1220 218 777 18720 1670 3222 2555 1913 286 442 57 52 104 335 511 170 218 322 252 2530 640 2762 80 51 551 90
leaf_count=4765 357 1279 7107 443 1220 218 777 18720 1670 3222 2555 1913 286 442 57 52 104 335 511 170 218 322 252 2530 640 2762 80 51 551 90
internal_value=0.00044662 -0.168735 0.415576 -0.21753 -0.0415915 0.0316799 0.0549469 -0.231815 -0.172703 -0.0784972 0.0234154 0.104555 -0.289904 -0.0631412 0.509624 0.709385 0.489298 0.199574 0.63848 0.968125 0.506661 0.300552 0.0979339 0.322693 0.135211 0.355531 -0.253612 0.260433 -0.127656 0.0381176
internal_weight=53699 38151 15548 30681 2304 7470 6966 28377 9657 4892 6189 3192 504 2997 8554 790 7764 439 738 227 7325 6994 689 6305 962 5343 332 2581 1861 641
internal_count=53699 38151 15548 30681 2304 7470 6966 28377 9657 4892 6189 3192 504 2997 8554 790 7764 439 738 227 7325 6994 689 6305 962 5343 332 2581 1861 641
cat_boundaries=0 1 2 3 4 5 6 7 8 9 10 11
cat_threshold=1 196673 5501016 5 4650000 1315345 1081425 992038 2 2646122 1716318
is_linear=0
shrinkage=0.05


Tree=34
num_leaves=31
num_cat=9
split_feature=0 0 2 6 2 10 10 2 0 8 11 1 8 11 7 11 3 0 0 11 11 2 11 1 5 11 8 11 11 0
split_gain=1.47246e+06 136573 43375.4 29246.6 23444 22517.6 16737.8 15549.1 15155.4 15151.7 21077.6 18341.9 18259.4 23585 22326.5 14835.8 13525.5 39996.5 22697 24016.7 16514.3 13467.8 13466.3 16362.1 20460 12629.1 17550.9 18004.3 11712 17638.5
threshold=14.500000000000002 70.500000000000014 27.450000000000003 1.0000000180025095e-35 87.90000000000002 4.9500000000000011 5.3500000000000005 73.225000000000009 1.0000000180025095e-35 3.7447916666666674 0 41.416666666666679 7.901041666666667 1 3.5000000000000004 2 1.0000000180025095e-35 44.500000000000007 32.500000000000007 3 4 41.45000000000001 5 108.83333333333336 1.2250000000000003 6 9.9062500000000018 7 8 45.500000000000007
decision_type=2 2 2 2 2 2 2 2 2 2 1 2 2 1 2 1 2 2 2 1 1 2 1 2 2 1 2 1 1 2
left_child=2 6 3 5 9 15 16 28 -5 10 11 -3 13 -11 -14 -1 18 -18 21 -20 -19 -2 23 -6 -25 -4 -27 -28 29 -8
right_child=1 4 25 8 22 -7 7 -9 -10 12 -12 -13 14 -15 -16 -17 17 20 19 -21 -22 -23 -24 24 -26 26 27 -29 -30 -31
leaf_value=0.093325405382108817 -0.034382994989448273 -0.97612555447746718 0.083182200109057428 -0.22932132628749735 0.58055132656236397 0.22018950347897381 0.59313654848186148 0.60280418029355842 -0.084101633065966908 0.64398008395620154 0.3977823819708699 0.043146820280064897 0.39228715381512297 0.38672121532705361 0.051192066888215954 -0.30629758040352567 -1.0605583348117031 0.24377027993154998 -0.036299406128575601 0.57676187322671668 -0.13458603733561014 0.3226158649190865 0.46552146802464511 1.3043080388217845 0.40552345439791682 -0.1903389140877397 0.73071647418283792 -0.061325115542947964 0.088376509336732731 0.034331729289209634
leaf_weight=371 1197 51 1593 28171 1387 668 371 291 1919 1436 513 328 1907 2837 641 605 91 495 241 492 663 339 3995 186 96 1362 103 199 923 228
leaf_count=371 1197 51 1593 28171 1387 668 371 291 1919 1436 513 328 1907 2837 641 605 91 495 241 492 663 339 3995 186 96 1362 103 199 923 228
internal_value=0.000439502 0.358514 -0.191006 -0.20884 0.443797 -0.00348506 0.144514 0.267928 -0.22006 0.387075 0.193285 -0.0915945 0.412417 0.475589 0.306478 -0.156574 0.0809126 -0.0512276 0.153651 0.382569 0.0280895 0.0444078 0.52104 0.647264 0.998339 -0.0172387 -0.113194 0.230974 0.203901 0.374189
internal_weight=53699 18708 34991 31734 13377 1644 5331 1813 30090 7713 892 379 6821 4273 2548 976 3518 1249 2269 733 1158 1536 5664 1669 282 3257 1664 302 1522 599
internal_count=53699 18708 34991 31734 13377 1644 5331 1813 30090 7713 892 379 6821 4273 2548 976 3518 1249 2269 733 1158 1536 5664 1669 282 3257 1664 302 1522 599
cat_boundaries=0 1 2 3 4 5 6 7 8 9
cat_threshold=4265051 90545 2894636 6818314 4819110 41241 7361622 295041 610972
is_linear=0
shrinkage=0.05


Tree=35
num_leaves=31
num_cat=12
split_feature=0 0 10 9 10 7 11 9 11 7 10 11 10 8 11 11 11 11 10 8 10 9 7 10 8 10 11 3 0 11
split_gain=1.32922e+06 123259 36298.6 25160 35893 26230.8 19814.9 19668.2 19515.4 16859.2 16031.4 18440.5 15632.5 15526.2 17658.3 15792.7 15119.9 12387.7 15862.4 17877.2 12205.3 11060.3 10830.8 11705.4 11139.4 10608.2 10455.3 10450.9 44776.1 19314.7
threshold=14.500000000000002 70.500000000000014 5.4500000000000011 0 4.2500000000000009 1.5000000000000002 1 2 3 3.5000000000000004 4.3500000000000005 4 7.2500000000000009 7.994791666666667 5 6 7 8 4.4500000000000011 7.0989583333333348 7.0500000000000007 9 1.5000000000000002 7.4500000000000011 10.062500000000002 4.6500000000000012 10 1.0000000180025095e-35 57.500000000000007 11
decision_type=2 2 2 1 2 2 1 1 1 2 2 1 2 2 1 1 1 1 2 2 2 1 2 2 2 2 1 2 2 1
left_child=2 12 3 4 -1 8 20 17 -6 10 11 -9 27 15 -15 -11 -12 18 19 -3 -4 -14 23 -8 -24 -5 -7 -2 -29 -30
right_child=1 7 6 25 5 26 22 9 -10 13 16 -13 21 14 -16 -17 -18 -19 -20 -21 -22 -23 24 -25 -26 -27 -28 28 29 -31
leaf_value=-0.22500557730396695 0.16893122273237213 0.4186978166753596 0.3536495416748599 -0.25625704196986721 0.77822203574357207 0.1039609544567056 0.02489944538126793 0.40410339236640241 0.10628878560156563 -0.21364841386054956 0.34202816682770126 -0.054094571845380815 0.14915316117776409 0.42752863547801978 -0.090658310025008682 0.39884987599732602 0.49614032491310001 0.7275310973236464 0.55585710227792029 -0.75540485552379066 -0.028266794779287875 0.74137623847204415 -0.20192498727143021 0.77258657705588429 0.11173478494896445 -0.18020225909261856 -0.11654088669853582 -0.32401119461985695 0.38323733684084332 -0.026376789909777012
leaf_weight=5703 3205 77 478 13653 125 611 369 577 597 110 2481 354 175 240 475 1713 6026 874 394 56 372 167 1598 61 344 6903 4177 623 637 524
leaf_count=5703 3205 77 478 13653 125 611 369 577 597 110 2481 354 175 240 475 1713 6026 874 394 56 372 167 1598 61 344 6903 4177 623 637 524
internal_value=0.000447056 0.340659 -0.181448 -0.197666 -0.136953 -0.0460653 -0.0215377 0.421678 0.234872 0.399525 0.430622 0.233639 0.137357 0.285458 0.08799 0.362908 0.45218 0.603885 0.389096 -0.0756612 0.184336 0.464377 -0.0956858 0.130967 -0.146364 -0.230605 -0.0884288 0.11494 0.017943 0.201438
internal_weight=53699 18708 34991 31769 11213 5510 3222 13377 722 11976 9438 931 5331 2538 715 1823 8507 1401 527 133 850 342 2372 430 1942 20556 4788 4989 1784 1161
internal_count=53699 18708 34991 31769 11213 5510 3222 13377 722 11976 9438 931 5331 2538 715 1823 8507 1401 527 133 850 342 2372 430 1942 20556 4788 4989 1784 1161
cat_boundaries=0 1 2 3 4 5 6 7 8 9 10 11 12
cat_threshold=1 23304 4 4466832 2040230 4327754 262208 2775044 4604054 2 2114576 4304551
is_linear=0
shrinkage=0.05


Tree=36
num_leaves=31
num_cat=10
split_feature=0 0 10 10 9 10 11 11 11 10 9 5 11 1 11 11 0 11 10 11 10 1 10 6 7 10 8 0 1 10
split_gain=1.20003e+06 112990 32754.1 26549.4 22727 32967.5 29153.4 17882.9 15609.5 14449.8 15429.9 14247 14838.8 13787.1 20621 12760.1 11079.8 11038 11015.3 10824.5 10050.7 9988.27 12458.6 9827.79 9774.77 10564.2 10053.3 9830.64 9593.41 9573.87
threshold=14.500000000000002 89.500000000000014 5.4500000000000011 5.2500000000000009 0 4.4500000000000011 1 2 3 4.3500000000000005 4 0.22500000000000003 5 73.166666666666671 6 7 63.500000000000007 8 7.0500000000000007 9 4.2500000000000009 81.416666666666671 9.1500000000000004 2.5000000000000004 1.5000000000000002 7.4500000000000011 10.062500000000002 4.5000000000000009 24.166666666666668 4.6500000000000012
decision_type=2 2 2 2 1 2 1 1 1 2 1 2 1 2 1 1 2 1 2 1 2 2 2 2 2 2 2 2 2 2
left_child=2 3 4 13 5 -1 -7 18 21 15 19 -12 -13 17 -15 -3 -10 -2 -4 -11 -19 22 -5 -8 25 -9 27 -26 -28 -6
right_child=1 9 7 8 29 6 23 24 16 10 11 12 -14 14 -16 -17 -18 20 -20 -21 -22 -23 -24 -25 26 -27 28 -29 -30 -31
leaf_value=-0.17934863991345784 0.21746329227428296 -0.21525020984502941 0.33596706804838888 0.32001183476710038 -0.24344418861211634 -0.10532686555905812 0.38575168180239572 0.023654450044076295 0.0935476032500967 0.11453254144699848 0.31108977660423687 0.30168555090203886 0.50409703865316569 -0.047205948564212508 0.39242278748919246 0.32053659492421749 0.32123898965758024 -0.29157381237110519 -0.026853452196284652 0.67870071874215054 0.038863604253057543 0.70391164376720117 1.1296886496543885 0.07715496663795246 -0.23503911070865496 0.73395724218399805 -0.015217069153424721 0.16409491498475476 0.68060954044262578 -0.17119214034712626
leaf_weight=8438 809 120 478 954 13653 1743 514 369 1090 112 2026 1262 4898 397 821 1069 1048 254 372 1082 2448 268 50 518 1425 61 284 173 60 6903
leaf_count=8438 809 120 478 954 13653 1743 514 369 1090 112 2026 1262 4898 397 821 1069 1048 254 372 1082 2448 268 50 518 1425 61 284 173 60 6903
internal_value=0.000467136 0.323724 -0.172363 0.183698 -0.187769 -0.130067 0.019317 -0.0204608 0.290044 0.431556 0.45237 0.425588 0.463937 0.107014 0.251963 0.267348 0.204202 0.0567305 0.17512 0.627171 0.00777225 0.429348 0.360334 0.22864 -0.0909016 0.124418 -0.139046 -0.191829 0.106148 -0.219074
internal_weight=53699 18708 34991 8139 31769 11213 2775 3222 3410 10569 9380 8186 6160 4729 1218 1189 2138 3511 850 1194 2702 1272 1004 1032 2372 430 1942 1598 344 20556
internal_count=53699 18708 34991 8139 31769 11213 2775 3222 3410 10569 9380 8186 6160 4729 1218 1189 2138 3511 850 1194 2702 1272 1004 1032 2372 430 1942 1598 344 20556
cat_boundaries=0 1 2 3 4 5 6 7 8 9 10
cat_threshold=1 234059 23304 1134732 4 2508800 1757252 4210824 1253440 18
is_linear=0
shrinkage=0.05


Tree=37
num_leaves=31
num_cat=10
split_feature=0 0 2 10 7 8 0 9 11 10 10 0 11 2 0 0 11 11 11 8 11 8 10 10 11 8 9 0 11 4
split_gain=1.08344e+06 67106.5 61964.3 24945.7 18758.8 17252.8 15043.5 15767 19820.3 15677.6 14574.6 14281.2 24648.2 19656.5 13837.1 13708.2 16099.9 13036.8 12949 20949.6 12731.6 13918.2 12150.2 11694.7 11625.2 10979.8 10956.5 10840.9 11923.3 11125.4
threshold=28.500000000000004 89.500000000000014 27.450000000000003 5.4500000000000011 1.5000000000000002 20.890625000000004 1.0000000180025095e-35 0 1 4.5500000000000007 4.9500000000000011 90.500000000000014 2 88.100000000000009 141.00000000000003 6.5000000000000009 3 4 5 12.968750000000002 6 4.7968750000000009 4.3500000000000005 4.4500000000000011 7 10.302083333333334 8 64.500000000000014 9 1.0000000180025095e-35
decision_type=2 2 2 2 2 2 2 1 1 2 2 2 1 2 2 2 1 1 1 2 1 2 2 2 1 2 1 2 1 2
left_child=2 10 3 6 -5 15 -1 9 -9 -8 17 18 13 -13 -14 16 -4 23 19 25 -17 -22 24 -2 -20 -3 -18 28 -12 -30
right_child=1 11 5 4 -6 -7 7 8 -10 -11 27 12 14 -15 -16 20 26 -19 22 -21 21 -23 -24 -25 -26 -27 -28 -29 29 -31
leaf_value=-0.19747725032896002 0.045558503735810524 0.56198983461020968 -0.21852856655784436 0.25634357947934122 -0.089295566601607479 0.60426751300692561 -0.35487943645442943 -0.10612952459418744 0.43465726810035776 -0.043477452940693717 0.32481089087844384 0.095132999077881919 -0.58322418076188665 1.0249491536388031 0.1056604163620377 -0.09581409412948938 0.16973592140359484 0.075931204256434931 0.35762614957286637 0.20233422924171796 0.64926178084837427 0.15599250390297836 0.40972102162797991 0.68865283818617051 -0.043482555468986842 1.1545683729335849 -0.071583154804704285 0.34011438583498804 0.26334099777460884 -0.12586274505173187
leaf_weight=27655 116 2238 899 478 2196 128 602 373 298 1230 600 101 92 130 351 346 849 2409 436 429 185 630 6404 181 307 81 1032 2154 303 466
leaf_count=27655 116 2238 899 478 2196 128 602 373 298 1230 600 101 92 130 351 346 849 2409 436 429 185 630 6404 181 307 81 1032 2154 303 466
internal_value=0.000463907 0.333337 -0.151066 -0.173876 -0.0275097 0.0329801 -0.186853 -0.0694718 0.136897 -0.145013 0.203161 0.410058 0.187362 0.592746 -0.036578 0.0144253 -0.0458378 0.115894 0.425227 0.521412 0.158724 0.264714 0.386974 0.423228 0.19612 0.582688 0.0376592 0.270191 0.160172 0.0271377
internal_weight=53699 16798 36901 32832 2674 4069 30158 2503 671 1832 6229 10569 674 231 443 3941 2780 2706 9895 2748 1161 815 7147 297 743 2319 1881 3523 1369 769
internal_count=53699 16798 36901 32832 2674 4069 30158 2503 671 1832 6229 10569 674 231 443 3941 2780 2706 9895 2748 1161 815 7147 297 743 2319 1881 3523 1369 769
cat_boundaries=0 1 2 3 4 5 6 7 8 9 10
cat_threshold=10 5324983 5379602 492296 73729 565665 7908384 3606592 1 5787674
is_linear=0
shrinkage=0.05


Tree=38
num_leaves=31
num_cat=11
split_feature=0 0 2 2 6 10 10 11 11 9 0 11 0 11 9 11 2 11 1 2 11 2 10 10 9 11 8 8 2 10
split_gain=979195 91657.1 31849.1 23311.9 23280.8 17798.8 14846.2 14536 13584.6 13176.8 12890.6 22004.9 17078.6 12668.8 12665.2 13652.6 11858.2 19198.2 11824 14303.3 13133.5 11720.4 11499.7 10763.7 18794.7 14732.3 10712.1 10321.6 9543.28 9180.82
threshold=14.500000000000002 89.500000000000014 10.225000000000001 40.100000000000009 1.0000000180025095e-35 4.9500000000000011 7.7500000000000009 0 1 2 90.500000000000014 3 152.50000000000003 4 5 6 103.7 7 71.166666666666671 65.90000000000002 8 99.100000000000009 4.7500000000000009 4.4500000000000011 9 10 20.973958333333336 2.7656250000000004 91.700000000000003 4.3500000000000005
decision_type=2 2 2 2 2 2 2 1 1 1 2 1 2 1 1 1 2 1 2 2 1 2 2 2 1 1 2 2 2 2
left_child=2 3 4 6 5 8 23 -5 -1 -10 16 21 -13 22 -7 -16 26 -18 19 27 -21 -12 -4 25 -25 -2 29 -15 -9 -3
right_child=1 10 13 7 -6 14 -8 28 9 -11 11 12 -14 18 15 -17 17 -19 -20 20 -22 -23 -24 24 -26 -27 -28 -29 -30 -31
leaf_value=-0.34642841751626929 0.098312520284367655 0.26166013899577395 -0.30860731168226763 0.36565712925943455 -0.18801717017927957 -0.23316586047625371 0.64582362646148317 0.16148165245020563 -0.28831339007332213 0.20579921631585985 0.27052794941363562 -0.5454123332234454 0.1543806268570897 0.52394481050795405 0.01186543632883671 0.52424552218771125 0.976267366894221 0.3176933511199666 -0.7531818319232233 -0.087222730371687152 0.43904131811225056 0.97537071531258734 0.44012015803676585 0.040687048419052456 0.47800754868695816 -0.35229133831562254 0.085039547736679183 -0.091813954711910825 0.62473502735404862 0.41876985530072397
leaf_weight=407 358 1051 66 1486 27479 129 105 3341 200 368 138 121 312 69 232 307 226 274 62 215 254 103 230 2111 269 354 277 4973 115 8067
leaf_count=407 358 1051 66 1486 27479 129 105 3341 200 368 138 121 312 69 232 307 226 274 62 215 254 103 230 2111 269 354 277 4973 115 8067
internal_value=0.00044841 0.292451 -0.155671 0.166334 -0.177086 0.00574124 0.0611254 0.234395 -0.130476 0.0298379 0.38957 0.177994 -0.0402441 -0.0494112 0.204562 0.307937 0.403982 0.641248 -0.0664256 -0.05882 0.205292 0.548988 0.264247 0.0412698 0.0922947 -0.129291 0.391355 -0.0833873 0.176386 0.40066
internal_weight=53699 18708 34991 8139 29122 1643 3197 4942 975 568 10569 674 433 5869 668 539 9895 500 5573 5511 469 241 296 3092 2380 712 9395 5042 3456 9118
internal_count=53699 18708 34991 8139 29122 1643 3197 4942 975 568 10569 674 433 5869 668 539 9895 500 5573 5511 469 241 296 3092 2380 712 9395 5042 3456 9118
cat_boundaries=0 1 2 3 4 5 6 7 8 9 10 11
cat_threshold=2179241 1167443 10 1185302 16384 2 1720940 3178717 1221017 10 3091724
is_linear=0
shrinkage=0.05


Tree=39
num_leaves=31
num_cat=9
split_feature=0 0 2 6 10 8 8 0 2 0 9 10 9 2 11 10 1 2 11 11 1 11 10 10 6 8 11 9 2 11
split_gain=883924 82983.3 28759.1 21045.3 22533.8 16175.9 41085.2 16134.2 15507 14216.8 13028.4 11842.1 12429.4 11986.5 11431.4 11033.3 10672.2 12944 11901.8 10610 13459 10451.3 13020.5 10378.5 9859.88 9315.22 9019.23 10309.4 8835.74 14126.1
threshold=14.500000000000002 71.500000000000014 10.225000000000001 1.5000000000000002 4.8500000000000005 21.083333333333339 20.927083333333336 90.500000000000014 71.225000000000009 156.50000000000003 0 5.3500000000000005 1 73.225000000000009 2 6.3500000000000005 71.166666666666671 65.90000000000002 3 4 20.833333333333339 5 6.3500000000000005 4.7500000000000009 1.0000000180025095e-35 2.7656250000000004 6 7 20.450000000000003 8
decision_type=2 2 2 2 2 2 2 2 2 2 1 2 1 2 1 2 2 2 1 1 2 1 2 2 2 2 1 1 2 1
left_child=2 11 3 4 26 6 7 8 -3 -9 -6 12 -2 19 23 -12 17 25 -19 20 -13 -15 -23 -4 -21 -16 27 -1 29 -14
right_child=1 5 14 -5 10 -7 -8 9 -10 -11 15 13 28 21 16 -17 -18 18 -20 24 -22 22 -24 -25 -26 -27 -28 -29 -30 -31
leaf_value=0.25961545948372333 -0.21856780442926618 0.27454310148265443 -0.29317693430365938 -0.18177657982002518 0.58478044579231658 -0.0078771389973691756 1.3740787340670217 -0.22863414305587149 0.3969429673024733 0.26762521121659422 -0.01103620586028466 0.73047645988135512 0.26964958561719332 0.88384887619779029 0.49774758435677796 0.46089481465956744 -0.71552273876244021 -0.083055420955022177 0.41792077426657531 -0.4607430107725991 0.19325862486431955 0.53160266223507868 -0.30978215380626573 0.41811414778232581 0.093921130608307993 -0.087223256415912803 -0.21995962689063694 -0.16265452616482884 0.1455409815015046 -0.1518632085533457
leaf_weight=248 350 3732 66 26438 143 316 98 215 8439 439 650 145 266 106 69 153 62 215 254 90 595 142 68 230 730 4973 1171 319 2275 702
leaf_count=248 350 3732 66 26438 143 316 98 215 8439 439 650 145 266 106 69 153 62 215 254 90 595 142 68 230 730 4973 1171 319 2275 702
internal_value=0.000446012 0.277879 -0.147884 -0.168234 -0.0348324 0.345562 0.354205 0.346412 0.359411 0.104482 0.161538 0.114037 0.0608734 0.215859 -0.0469107 0.0779131 -0.0630728 -0.055847 0.195402 0.158977 0.294544 0.496674 0.247375 0.251035 0.0326452 -0.0792179 -0.141717 0.0233405 0.091424 -0.0348175
internal_weight=53699 18708 34991 29122 2684 13239 12923 12825 12171 654 946 5469 3593 1876 5869 803 5573 5511 469 1560 740 316 210 296 820 5042 1738 567 3243 968
internal_count=53699 18708 34991 29122 2684 13239 12923 12825 12171 654 946 5469 3593 1876 5869 803 5573 5511 469 1560 740 316 210 296 820 5042 1738 567 3243 968
cat_boundaries=0 1 2 3 4 5 6 7 8 9
cat_threshold=5 2 16384 1221017 744092 1097745 797604 1 5415424
is_linear=0
shrinkage=0.05


Tree=40
num_leaves=31
num_cat=9
split_feature=0 0 0 7 10 10 11 8 3 1 11 10 11 0 11 2 11 0 11 1 10 5 8 11 11 11 2 10 1 8
split_gain=797865 50687.3 47236.5 30677.9 21405.6 20847.9 14634.5 14048.8 12624.9 13512.5 12610.6 12138.8 15213.9 13034.6 11282.1 11173.5 14691.7 10993.1 10922.6 10868.4 10809.5 12516 13734.1 54981.3 18290.4 11008.4 11643 10794.5 10314.5 9886.26
threshold=28.500000000000004 89.500000000000014 1.0000000180025095e-35 1.5000000000000002 6.2500000000000009 4.5500000000000007 0 4.2812500000000009 1.0000000180025095e-35 66.166666666666671 1 4.3500000000000005 2 74.500000000000014 3 10.225000000000001 4 56.500000000000007 5 57.166666666666679 4.3500000000000005 0.22500000000000003 13.927083333333336 6 7 8 24.100000000000005 4.3500000000000005 81.416666666666671 21.083333333333339
decision_type=2 2 2 2 2 2 1 2 2 2 1 2 1 2 1 2 1 2 1 2 2 2 2 1 1 1 2 2 2 2
left_child=2 11 3 5 8 6 -1 -7 9 10 -4 12 13 -2 -9 -5 -17 -14 28 -19 25 -22 24 -24 -23 -3 -27 -8 -13 -20
right_child=1 20 4 15 -6 7 27 14 -10 -11 -12 18 17 -15 -16 16 -18 19 29 -21 21 22 23 -25 -26 26 -28 -29 -30 -31
leaf_value=0.2291725920992238 -0.028690336322226718 -0.23425302120355462 0.069891420123613809 -0.17894501389670636 0.34512156948544198 0.90838102551840127 -0.34014157992328559 0.3023263594890564 -0.6753836484022544 0.73572108471979858 -0.10990386891695286 0.24096317574604625 0.021547080776584682 0.71202284824717177 -0.0092340940520146911 0.2008446710198292 -0.12026148909731726 -0.9851563118308424 0.16532988594042033 -0.13595562026012636 0.26979008423943746 0.29536382947875406 -0.0069989782704119518 0.92154794145859698 0.47019609460084216 0.80062269412952924 0.21225449783058348 -0.070278243892467937 0.55239750254021625 -0.30674779059594143
leaf_weight=270 171 120 2076 25252 461 59 568 481 71 61 1822 1137 134 91 719 387 3608 83 4083 69 2312 3306 249 467 3046 92 977 1066 347 114
leaf_count=270 171 120 2076 25252 461 59 568 481 71 61 1822 1137 134 91 719 387 3608 83 4083 69 2312 3306 249 467 3046 92 977 1066 347 114
internal_value=0.000438421 0.286094 -0.129597 -0.150655 0.0223731 -0.00273273 -0.107116 0.155127 -0.0145468 -0.00269548 -0.014251 0.172958 -0.0517766 0.220177 0.118092 -0.166653 -0.0889539 -0.298181 0.194636 -0.599664 0.352772 0.370775 0.403807 0.611405 0.380407 0.210746 0.260454 -0.163088 0.311685 0.152145
internal_weight=53699 16798 36901 32410 4491 3163 1904 1259 4030 3959 3898 6229 548 262 1200 29247 3995 286 5681 152 10569 9380 7068 716 6352 1189 1069 1634 1484 4197
internal_count=53699 16798 36901 32410 4491 3163 1904 1259 4030 3959 3898 6229 548 262 1200 29247 3995 286 5681 152 10569 9380 7068 716 6352 1189 1069 1634 1484 4197
cat_boundaries=0 1 2 3 4 5 6 7 8 9
cat_threshold=796704 4629340 4670180 6930832 2113536 93193 4744097 2579486 4210824
is_linear=0
shrinkage=0.05


Tree=41
num_leaves=31
num_cat=13
split_feature=0 0 2 10 6 10 9 10 9 11 2 11 9 11 11 2 0 11 2 0 11 11 10 0 11 8 11 9 8 1
split_gain=720963 68906.7 23926.8 19196.8 16704.3 14651.5 24617.5 14524.7 12671.1 12646.5 11720.4 16142.1 16269.8 12957.3 11590.3 18146.5 11363 18833.9 14237.6 12844 11753 10950.9 10490.8 9684.55 10264.7 9568.8 10354.3 10107.5 9696.31 9003.94
threshold=14.500000000000002 89.500000000000014 27.450000000000003 5.2500000000000009 1.0000000180025095e-35 4.4500000000000011 0 4.9500000000000011 1 2 20.900000000000002 3 4 5 6 67.450000000000017 90.500000000000014 7 87.90000000000002 141.00000000000003 8 9 11.100000000000003 1.0000000180025095e-35 10 20.890625000000004 11 12 2.8229166666666674 18.833333333333339
decision_type=2 2 2 2 2 2 1 2 1 1 2 1 1 1 1 2 2 1 2 2 1 1 2 2 1 2 1 1 2 2
left_child=2 3 4 10 5 -1 21 -8 14 -5 11 -2 -13 -12 15 -3 20 18 -18 -19 -10 -7 -22 -6 -25 26 27 -4 -29 -15
right_child=1 8 25 9 23 6 7 -9 16 -11 13 12 -14 29 -16 -17 17 19 -20 -21 22 -23 -24 24 -26 -27 -28 28 -30 -31
leaf_value=-0.30060139923233697 -0.40335553173620009 -0.65420967228007765 -0.30928238662646007 0.35707981191683047 -0.16265462038766196 0.147070119480292 -0.31460459159073217 0.093160178098561516 0.40479496987530794 0.15530190470556249 0.22272240748886812 -0.091356840035857367 0.3738757590909571 0.5194442627827327 0.55401718825048918 0.37289386318441026 0.044981493297460921 -0.67044451664011173 0.81876684926683085 0.034687570618190305 0.2684804872203792 0.67948175359994945 0.69823993290328001 0.20861452086446497 -0.098135514767690113 0.48210989358473805 -0.10277105068466637 0.71382947916334327 0.091933228183111337 0.0070048123358940496
leaf_weight=311 256 53 142 1272 28171 230 358 560 3225 2138 1666 663 251 90 1116 228 111 83 128 291 5188 185 146 319 1600 98 1706 66 1245 1803
leaf_count=311 256 53 142 1272 28171 230 358 560 3225 2138 1666 663 251 90 1116 228 111 83 128 291 5188 185 146 319 1600 98 1706 66 1245 1803
internal_value=0.000435203 0.250993 -0.133526 0.141643 -0.146772 0.00842457 0.0805229 -0.0651495 0.335201 0.232072 0.0764365 -0.0608497 0.0390676 0.121569 0.479154 0.173013 0.312413 0.1048 0.440944 -0.118627 0.327647 0.394814 0.279719 -0.155251 -0.046568 -0.0044672 -0.019562 0.078304 0.122309 0.0312032
internal_weight=53699 18708 34991 8139 31734 1644 1333 918 10569 3410 4729 1170 914 3559 1397 281 9172 613 239 374 8559 415 5334 30090 1919 3257 3159 1453 1311 1893
internal_count=53699 18708 34991 8139 31734 1644 1333 918 10569 3410 4729 1170 914 3559 1397 281 9172 613 239 374 8559 415 5334 30090 1919 3257 3159 1453 1311 1893
cat_boundaries=0 1 2 3 4 5 6 7 8 9 10 11 12 13
cat_threshold=5 4 1134732 2180099 10 337147 4325394 5379606 565683 3915845 4489280 7365718 2
is_linear=0
shrinkage=0.05


Tree=42
num_leaves=31
num_cat=9
split_feature=0 0 2 10 3 8 0 9 10 11 11 11 9 10 10 8 1 0 7 11 11 1 11 3 0 5 10 0 11 10
split_gain=650957 41088.9 38894 18315.2 14577.4 14225.4 14441.7 13752.7 26079.1 13222.5 12585.3 12563.3 11462.5 11309.2 10977.5 11840.3 17759.3 11442.7 10813.3 10673.6 10293.6 10113.3 11165.6 10247.6 44416.2 15684.1 9885.17 9588.59 9275.89 9118.05
threshold=28.500000000000004 89.500000000000014 27.450000000000003 5.8500000000000005 1.0000000180025095e-35 20.890625000000004 5.5000000000000009 0 4.2500000000000009 1 2 3 4 4.7500000000000009 4.2500000000000009 5.1614583333333339 32.833333333333336 61.500000000000007 1.5000000000000002 5 6 80.833333333333357 7 1.0000000180025095e-35 55.500000000000007 1.0000000180025095e-35 4.4500000000000011 3.5000000000000004 8 4.6500000000000012
decision_type=2 2 2 2 2 2 2 1 2 1 1 1 1 2 2 2 2 2 2 1 1 2 1 2 2 2 2 2 1 2
left_child=2 14 3 7 5 6 11 8 -1 -10 -8 -4 19 -7 15 -2 -17 -18 -5 26 -14 23 -23 25 -25 -16 -3 -20 -29 -9
right_child=1 12 4 18 -6 13 10 29 9 -11 -12 -13 20 -15 21 16 17 -19 27 -21 -22 22 -24 24 -26 -27 -28 28 -30 -31
leaf_value=-0.16908639564083472 0.44728482801522784 -0.24425388737158343 0.067071098720250161 0.32759606076483561 -0.69177071598992834 0.018275303794787482 -0.065921176060682207 -0.19120720280189882 -0.1073275655611732 0.062756175761492561 0.28844728043606116 -0.14627545144819798 0.37019817849995534 0.99472945531209322 0.14203894982433871 -0.86726614751599063 0.53987480860853954 -0.35619337704123522 -0.090840739490503211 0.54436660480920418 0.25590766900774864 0.47998836321142707 0.17197580707235421 -0.38276124026567215 0.16240640474727153 0.48092964850800801 0.35841107408205675 -0.10264888769179059 0.52025660778666649 -0.12271478315744162
leaf_weight=5515 67 88 1403 259 69 52 371 13505 1957 2717 764 1341 3254 69 1277 88 63 82 1054 1009 5918 497 803 441 2445 466 300 104 131 7590
leaf_count=5515 67 88 1403 259 69 52 371 13505 1957 2717 764 1341 3254 69 1277 88 63 82 1054 1009 5918 497 803 441 2445 466 300 104 131 7590
internal_value=0.00043298 0.258453 -0.117022 -0.135094 0.0287909 0.0412206 0.024567 -0.143401 -0.0953514 -0.00855311 0.174575 -0.0374806 0.318487 0.575096 0.156591 -0.13849 -0.306932 0.0331328 0.0327878 0.455393 0.296814 0.171522 0.294746 0.136916 0.0791012 0.232643 0.216153 -0.0264484 0.262358 -0.166485
internal_weight=53699 16798 36901 32832 4069 4000 3879 31284 10189 4674 1135 2744 10569 121 6229 300 233 145 1548 1397 9172 5929 1300 4629 2886 1743 388 1289 235 21095
internal_count=53699 16798 36901 32832 4069 4000 3879 31284 10189 4674 1135 2744 10569 121 6229 300 233 145 1548 1397 9172 5929 1300 4629 2886 1743 388 1289 235 21095
cat_boundaries=0 1 2 3 4 5 6 7 8 9
cat_threshold=1 1249345 6863904 6843606 4 4587542 565651 2193433 2164801
is_linear=0
shrinkage=0.05


Tree=43
num_leaves=31
num_cat=8
split_feature=0 0 3 0 11 2 11 7 10 2 5 8 8 8 2 11 9 11 8 9 0 10 8 2 11 10 1 2 11 10
split_gain=588824 56434.3 20827.3 32031.2 22064.8 19920.8 19092.5 16145.7 17431.3 15590.4 14451.3 14305.9 36378.8 23213.8 13411 15997 13130.3 12851.8 11863.8 11387.5 9634.21 9066.51 8813.18 8598.14 7702.83 9880.35 9553.93 11566.9 7484.07 6255.18
threshold=14.500000000000002 66.500000000000014 1.0000000180025095e-35 44.500000000000007 0 6.4500000000000011 1 1.5000000000000002 4.8500000000000005 40.100000000000009 0.90000000000000013 21.083333333333339 20.927083333333336 20.994791666666668 69.63333333333334 2 3 4 4.7968750000000009 5 55.500000000000007 7.3500000000000005 2.7656250000000004 15.100000000000001 6 4.7500000000000009 71.166666666666671 65.90000000000002 7 5.0500000000000007
decision_type=2 2 2 2 1 2 1 2 2 2 2 2 2 2 2 1 1 1 2 1 2 2 2 2 1 2 2 2 1 2
left_child=5 2 6 29 10 7 9 8 28 16 -5 12 14 -14 15 -3 -2 -16 -11 -10 -6 -21 -7 -8 25 -24 27 -26 -1 -4
right_child=1 11 3 4 20 22 23 -9 19 18 -12 -13 13 -15 17 -17 -18 -19 -20 21 -22 -23 24 -25 26 -27 -28 -29 -30 -31
leaf_value=0.13608510195053825 0.062454297237876634 0.38397774383800165 -1.1012262862920761 0.039482817637930517 -0.46104525577697797 0.43017217519971518 -0.1698601560340452 -0.15110381774550852 0.54949677251279361 0.83434754534600641 0.53866635842110833 -0.046993498353349483 1.9946159105300905 0.49272360464312004 0.21551761316414297 0.14728549682527267 0.49053592317634165 0.34870142294624906 0.33478470155614654 0.019852806803319051 -0.067931330032713177 0.60127050409445904 -0.27345590785145762 0.092742314009342436 -0.075433601425586777 0.35385501816558346 -0.67996966396608671 0.18646974372994771 -0.15766173427295294 -0.3883211545944214
leaf_weight=248 928 937 80 441 239 97 439 25656 142 156 216 331 50 53 2676 3147 215 6728 499 714 448 74 85 1075 5739 240 62 455 1479 50
leaf_count=248 928 937 80 441 239 97 439 25656 142 156 216 331 50 53 2676 3147 215 6728 499 714 448 74 85 1075 5739 240 62 455 1479 50
internal_value=0.000433107 0.226868 0.0787556 -0.0775939 -0.00510357 -0.120631 0.148339 -0.138953 -0.0216244 0.257837 0.200546 0.277785 0.285695 1.2218 0.278547 0.202891 0.147815 0.311403 0.453765 0.152895 -0.201755 0.07352 -0.0429499 0.0164891 -0.0499235 0.184124 -0.062277 -0.0561947 -0.115604 -0.827032
internal_weight=53699 18708 4786 1474 1344 34991 3312 28313 2657 1798 657 13922 13591 103 13488 4084 1143 9404 655 930 687 788 6678 1514 6581 325 6256 6194 1727 130
internal_count=53699 18708 4786 1474 1344 34991 3312 28313 2657 1798 657 13922 13591 103 13488 4084 1143 9404 655 930 687 788 6678 1514 6581 325 6256 6194 1727 130
cat_boundaries=0 1 2 3 4 5 6 7 8
cat_threshold=4742191 1536728 337060 10 3037216 5 16384 789024
is_linear=0
shrinkage=0.05


Tree=44
num_leaves=31
num_cat=11
split_feature=0 0 10 9 10 10 7 11 11 11 9 0 11 1 4 11 11 11 10 10 10 1 1 11 11 10 1 1 8 0
split_gain=531531 51647.8 18566.8 16332.3 22521.5 16015.2 15765.9 16221.3 13028 10775.1 10350.7 10439.2 17509.8 14294.3 10245.6 9811.89 9719.81 9412.83 9381.68 8887.3 8173.86 8109.77 12964.2 7728.55 7556.44 8429.75 11294.1 8004.1 7493.56 6743.85
threshold=14.500000000000002 89.500000000000014 5.4500000000000011 0 4.2500000000000009 5.2500000000000009 1.5000000000000002 1 2 3 4 90.500000000000014 5 105.16666666666667 0.41666666666666669 6 7 8 7.0500000000000007 4.4500000000000011 6.7500000000000009 20.166666666666668 62.166666666666679 9 10 4.2500000000000009 31.416666666666668 80.833333333333357 6.0520833333333348 63.500000000000007
decision_type=2 2 2 1 2 2 2 1 1 1 1 2 1 2 2 1 1 1 2 2 2 2 2 1 1 2 2 2 2 2
left_child=2 5 3 4 -1 24 7 -6 18 21 16 14 13 -13 17 -16 19 -12 -4 -3 -14 -7 -23 -8 -2 26 -26 -27 -10 -11
right_child=1 10 8 -5 6 9 23 -9 28 29 11 12 20 -15 15 -17 -18 -19 -20 -21 -22 22 -24 -25 25 27 -28 -29 -30 -31
leaf_value=-0.14712856172024028 -0.13920123392759368 -0.2457669870419936 0.31508715007469745 -0.15268932199647789 0.70775242628874613 0.71607916526875259 -0.13223464466274024 0.095253069735633883 -0.20045718652786657 0.046353138554681081 0.070805017093645325 0.04145410285662797 -0.24498868379741909 0.83373910475860935 0.22574516436123618 0.36387207079669492 0.50278456965653306 0.27433808761655082 -0.019750566534217327 0.3256705340544383 0.37002152654414 0.081241641238534848 0.42156519480242205 0.0046707771915637155 -0.45320329421974093 0.07112975095982281 0.10471181899309159 0.26420303692753527 -0.004190672676880166 0.22399033471170587
leaf_weight=5703 420 88 478 20556 125 118 1491 597 683 1090 957 118 320 110 2118 4004 1009 1480 372 300 65 477 677 3297 166 3302 200 641 1689 1048
leaf_count=5703 420 88 478 20556 125 118 1491 597 683 1090 957 118 320 110 2118 4004 1009 1480 372 300 65 477 677 3297 166 3302 200 641 1689 1048
internal_value=0.000431717 0.215569 -0.114592 -0.126191 -0.0774077 0.120899 -0.00538525 0.212417 -0.000225282 0.203494 0.288473 0.267965 0.0689362 0.405894 0.282533 0.317048 0.418203 0.195828 0.166587 0.19114 -0.137582 0.318759 0.280894 -0.0382285 0.0613404 0.0810223 -0.148332 0.102517 -0.0604493 0.132806
internal_weight=53699 18708 34991 31769 11213 8139 5510 722 3222 3410 10569 9172 613 228 8559 6122 1397 2437 850 388 385 1272 1154 4788 4729 4309 366 3943 2372 2138
internal_count=53699 18708 34991 31769 11213 8139 5510 722 3222 3410 10569 9172 613 228 8559 6122 1397 2437 850 388 385 1272 1154 4788 4729 4309 366 3943 2372 2138
cat_boundaries=0 1 2 3 4 5 6 7 8 9 10 11
cat_threshold=1 4466832 23304 1134732 4 5379858 2513424 4587542 5330020 4663329 2117632
is_linear=0
shrinkage=0.05


Tree=45
num_leaves=31
num_cat=11
split_feature=0 0 0 7 10 10 9 10 11 11 11 9 8 9 9 0 11 2 0 4 8 8 10 8 11 11 10 11 8 2
split_gain=479872 31310.3 31013.3 21560 16400.3 15188 12879.4 14505.1 16452.8 13399.2 12737.8 19721 12730 14300.1 9359.02 9426.49 15592.7 11644.8 11412.3 9243 9176.8 10828.3 10381.6 11921.2 10355.3 9000.21 12778.2 8888.98 8588.89 12098.4
threshold=28.500000000000004 1.0000000180025095e-35 89.500000000000014 1.5000000000000002 6.2500000000000009 4.5500000000000007 0 4.6500000000000012 1 2 3 4 4.2812500000000009 5 6 90.500000000000014 7 87.90000000000002 141.00000000000003 0.41666666666666669 21.083333333333339 19.968750000000004 4.4500000000000011 7.9531250000000009 8 9 4.4500000000000011 10 10.302083333333334 48.366666666666674
decision_type=2 2 2 2 2 2 1 2 1 1 1 1 2 1 1 2 1 2 2 2 2 2 2 2 1 1 2 1 2 2
left_child=1 3 20 5 6 10 9 -8 -9 -3 -1 -12 -7 -14 25 19 17 -17 -18 -16 21 22 23 -2 -24 26 -4 -21 -5 -30
right_child=2 4 14 28 -6 12 7 8 -10 -11 11 -13 13 -15 15 16 18 -19 -20 27 -22 -23 24 -25 -26 -27 -28 -29 29 -31
leaf_value=-0.27636455264976928 0.096575040047414101 0.37775874253905695 -0.30209331664633243 -0.14323434871217283 0.30581238938257133 0.85820868772975478 -0.24789303966447443 -0.17191732378414254 0.10827173027296542 0.0054931210221319249 0.1970652753078902 -0.18559062495805795 0.44673501413695665 0.018116043219581629 0.18610716577842687 0.012699923563647915 -0.65744128241596456 0.71249028695747263 0.0072308887218691638 0.2228737539371923 -0.24519196267311394 0.80058676042864407 0.249231107044879 -0.29842146437114747 0.10315810207982286 0.49947287097674647 0.34130782707661322 0.35082099314593534 -0.08260607627866863 0.45735541334692037
leaf_weight=577 665 374 94 24277 461 59 776 828 1388 664 656 671 235 965 2437 111 83 128 291 2417 156 62 2111 268 2967 872 431 3705 4864 106
leaf_count=577 665 374 94 24277 461 59 776 828 1388 664 656 671 235 965 2437 111 83 128 291 2417 156 62 2111 268 2967 872 431 3705 4864 106
internal_value=0.000427086 -0.100419 0.221961 -0.117564 0.0233074 0.00644319 -0.00900896 -0.0616482 0.00329294 0.141948 -0.0826511 0.0036337 0.141182 0.105928 0.274117 0.254618 0.0654894 0.371921 -0.136624 0.268461 0.133465 0.143192 0.136411 -0.0168859 0.164577 0.397471 0.221882 0.301244 -0.130975 -0.0710898
internal_weight=53699 36901 16798 32410 4491 3163 4030 2992 2216 1038 1904 1327 1259 1200 10569 9172 613 239 374 8559 6229 6073 6011 933 5078 1397 525 6122 29247 4970
internal_count=53699 36901 16798 32410 4491 3163 4030 2992 2216 1038 1904 1327 1259 1200 10569 9172 613 239 374 8559 6229 6073 6011 933 5078 1397 525 6122 29247 4970
cat_boundaries=0 1 2 3 4 5 6 7 8 9 10 11
cat_threshold=5 7867429 1355592 1167425 1 5 4 5379606 6382635 4603927 2513432
is_linear=0
shrinkage=0.05


Tree=46
num_leaves=31
num_cat=9
split_feature=0 0 3 0 10 9 11 11 11 5 0 8 8 8 0 11 9 10 11 7 0 11 0 11 6 10 1 8 0 10
split_gain=433454 42248.3 19525.8 29048.2 16629.3 24042 16616.2 15686.7 14485.8 12547.3 13342 12268.5 32216.8 20904.3 11364.7 12309.7 10768.6 19027.9 17096 13297.6 10749.1 10686.2 9990.07 9430.51 10895.1 9018.15 8557.34 7977.67 6968.42 6764.02
threshold=14.500000000000002 66.500000000000014 1.0000000180025095e-35 55.500000000000007 4.6500000000000012 0 1 2 3 1.0000000180025095e-35 30.500000000000004 21.083333333333339 20.927083333333336 20.994791666666668 90.500000000000014 4 5 4.0500000000000007 6 1.5000000000000002 44.500000000000007 7 156.50000000000003 8 2.5000000000000004 7.2500000000000009 48.416666666666679 13.97916666666667 4.5000000000000009 5.8500000000000005
decision_type=2 2 2 2 2 1 1 1 1 2 2 2 2 2 2 1 1 2 1 2 2 1 2 1 2 2 2 2 2 2
left_child=4 2 6 7 16 21 9 20 -5 27 -11 12 14 -14 15 -3 17 -1 -19 -20 -4 -6 -16 24 25 -7 -10 -2 -25 -30
right_child=1 11 3 8 5 23 -8 -9 26 10 -12 -13 13 -15 22 -17 -18 18 19 -21 -22 -23 -24 28 -26 -27 -28 -29 29 -31
leaf_value=-0.14809522378649967 0.081116637267679453 0.30718560793651067 -0.67334208218556535 0.39529223476699293 -0.010354876986053219 0.11000162797236213 0.010983077858102916 -0.59412980842078389 -0.29779533955358689 0.25441108931240347 0.71747094861997507 -0.062007676041896068 1.8603782558441162 0.43515428360903041 -0.24320034822752309 0.20627348938091244 -0.16880851693730189 0.35093136531264124 0.16715367637467726 -0.076913684140028679 0.13679648727178573 0.25299586412693048 0.17279802195575081 -0.12630827842929282 -0.063162765147363228 0.68861864240545978 0.084609689242424305 0.52364662028195574 -0.035894622543243992 0.36124760724772192
leaf_weight=8427 955 5474 53 259 729 591 1514 316 217 504 225 331 50 53 215 7360 9404 269 627 5077 180 816 439 6621 1668 76 449 114 553 133
leaf_count=8427 955 5474 53 259 729 591 1514 316 217 504 225 331 50 53 215 7360 9404 269 627 5077 180 816 439 6621 1668 76 449 114 553 133
internal_value=0.000423843 0.194701 0.0665496 -0.084836 -0.103447 -0.0531669 0.133923 -0.372951 0.0861641 0.236071 0.397331 0.238757 0.246082 1.12701 0.239354 0.249715 -0.127077 -0.0996373 -0.0314374 -0.0499974 -0.0455299 0.129468 0.0360401 -0.0824804 0.00511321 0.175931 -0.0393962 0.128309 -0.11044 0.0411023
internal_weight=53699 18708 4786 1474 34991 11187 3312 549 925 1798 729 13922 13591 103 13488 12834 23804 14400 5973 5704 233 1545 654 9642 2335 667 666 1069 7307 686
internal_count=53699 18708 4786 1474 34991 11187 3312 549 925 1798 729 13922 13591 103 13488 12834 23804 14400 5973 5704 233 1545 654 9642 2335 667 666 1069 7307 686
cat_boundaries=0 1 2 3 4 5 6 7 8 9
cat_threshold=5 1536728 6899981 4200451 107949 5 1040 35914 2673024
is_linear=0
shrinkage=0.05


Tree=47
num_leaves=31
num_cat=13
split_feature=0 0 0 7 10 10 11 9 9 11 10 11 8 9 10 5 8 11 11 11 8 10 11 10 9 11 1 11 8 8
split_gain=391763 26388.2 25760 18169 14011.5 13395.4 11804.1 15385.1 11568 12786.4 12525.5 14532.1 11416.8 12347 9085.55 9425.78 11216.5 50427.7 14705.5 9422.62 9574.14 8335.49 10114.1 9140.9 8283.48 20680.2 11478.7 9163.28 16311.7 8247.63
threshold=28.500000000000004 89.500000000000014 1.0000000180025095e-35 1.5000000000000002 6.2500000000000009 4.5500000000000007 0 1 2 3 4.6500000000000012 4 4.2812500000000009 5 4.3500000000000005 0.22500000000000003 13.927083333333336 6 7 8 8.0104166666666696 4.9500000000000011 9 4.4500000000000011 10 11 69.416666666666671 12 6.1927083333333348 2.7031250000000004
decision_type=2 2 2 2 2 2 1 1 1 1 2 1 2 1 2 2 2 1 1 1 2 2 1 2 1 1 2 1 2 2
left_child=2 21 3 5 8 6 7 -1 9 -4 -10 -12 -7 -14 19 -16 18 -18 -17 -3 -21 22 23 -2 27 -26 -27 28 -23 -5
right_child=1 14 4 29 -6 12 -8 -9 10 -11 11 -13 13 -15 15 16 17 -19 -20 20 -22 24 -24 -25 25 26 -28 -29 -30 -31
leaf_value=0.55250900788877 -0.012409731899869852 -0.14162528929503068 0.37329826317423048 0.51056746015181909 0.28263846340512461 0.81315337904429041 -0.12651227512238253 -0.18889091287860435 -0.23131534069459692 0.0060439340856503132 -0.14703945611224717 0.11103952471830021 0.41741633479692503 0.01908492627969155 0.17755465896584249 0.18036234738786097 -0.10324014475331805 0.77875700271073378 0.33745836164738069 0.28747357505800403 -0.085367103396024255 0.38431489025356202 0.018211803886016856 0.55614769223315941 0.3505106178982349 0.054273409665272776 -0.34830701921938167 0.30240484828597325 -0.052301912397388517 -0.11969209951156407
leaf_weight=149 116 266 357 52 461 59 1634 121 776 681 934 1282 235 965 2312 2651 249 467 3701 694 229 328 2409 181 385 473 283 1439 615 29195
leaf_count=149 116 266 357 52 461 59 1634 121 776 681 934 1282 235 965 2312 2651 249 467 3701 694 229 328 2409 181 385 473 283 1439 615 29195
internal_value=0.000409639 0.200575 -0.0907093 -0.10626 0.0215164 0.0075779 -0.0760935 0.225372 -0.00835386 0.134711 -0.0582421 0.0021019 0.134115 0.100729 0.248685 0.26519 0.293857 0.481464 0.27271 0.118477 0.192881 0.118944 0.0529481 0.323203 0.169636 0.0569523 -0.0951691 0.222439 0.0985201 -0.118572
internal_weight=53699 16798 36901 32410 4491 3163 1904 270 4030 1038 2992 2216 1259 1200 10569 9380 7068 716 6352 1189 923 6229 2706 297 3523 1141 756 2382 943 29247
internal_count=53699 16798 36901 32410 4491 3163 1904 270 4030 1038 2992 2216 1259 1200 10569 9380 7068 716 6352 1189 923 6229 2706 297 3523 1141 756 2382 943 29247
cat_boundaries=0 1 2 3 4 5 6 7 8 9 10 11 12 13
cat_threshold=796704 1 5 2404168 7867685 5 4744097 2575382 6312584 73729 8 6316173 4366917
is_linear=0
shrinkage=0.05


Tree=48
num_leaves=31
num_cat=9
split_feature=0 0 2 8 3 10 9 11 11 0 9 10 11 10 9 10 11 8 11 10 8 1 10 8 1 0 3 8 8 11
split_gain=353662 23813.8 23537.5 13068.5 13427.5 12768.3 11227 22621.1 10756.7 9863.17 9475.54 18719.9 10424.7 8563.5 8544.1 8689.99 8794.51 8345.46 8192.33 9455.47 18531.2 8121.87 7864.84 10470 14842.2 10699.2 7612.2 7048.86 7286.55 8068.77
threshold=28.500000000000004 89.500000000000014 27.450000000000003 20.890625000000004 1.0000000180025095e-35 6.4500000000000011 0 1 2 5.5000000000000009 3 4.2500000000000009 4 4.7500000000000009 5 8.9500000000000011 6 20.973958333333336 7 4.4500000000000011 7.0989583333333348 89.833333333333357 4.2500000000000009 5.1614583333333339 32.833333333333336 61.500000000000007 1.5000000000000002 21.083333333333339 19.968750000000004 8
decision_type=2 2 2 2 2 2 1 1 1 2 1 2 1 2 1 2 1 2 1 2 2 2 2 2 2 2 2 2 2 1
left_child=2 22 5 4 6 10 9 -8 -7 -4 11 -1 -13 -5 18 16 17 -16 19 20 -3 -20 23 -2 -25 -26 -18 28 29 -24
right_child=1 14 3 13 -6 8 7 -9 -10 -11 -12 12 -14 -15 15 -17 26 -19 21 -21 -22 -23 27 24 25 -27 -28 -29 -30 -31
leaf_value=-0.12851823085454628 0.41412103674305023 0.33372426923814713 0.007534424434656112 0.045728935356493354 -0.71888708529933809 -0.063561021671599202 0.25390891983081859 -0.34631894160375976 0.26590362086508262 0.20291605999286919 -0.12455597486690602 -0.085700321088292397 0.066351278863700458 0.8738388676901121 0.15244705257375066 0.51183437941329823 0.25993110526931834 -0.3960881271832426 1.046721389375884 0.32430348988848423 -0.78183045046670108 0.43011263716490583 0.029655888030345447 -0.80736333185976206 0.50577423274517064 -0.36069351449245363 0.0098947545849018218 -0.21155110260113977 0.69210646573839529 0.16457292792245204
leaf_weight=5515 67 91 2269 54 62 586 223 484 417 903 21594 1837 2883 74 2965 245 5569 71 58 511 63 674 1529 88 63 82 322 151 58 4191
leaf_count=5515 67 91 2269 54 62 586 223 484 417 903 21594 1837 2883 74 2965 245 5569 71 58 511 63 674 1529 88 63 82 322 151 58 4191
internal_value=0.000414667 0.190598 -0.08616 0.0272722 0.0111233 -0.100218 0.0227914 -0.156096 0.0754322 0.0629569 -0.105753 -0.0658968 0.00713258 0.52448 0.236301 0.21782 0.209995 0.139161 0.353545 0.21753 -0.122639 0.472514 0.113051 -0.136717 -0.295112 0.0157718 0.245847 0.125689 0.134502 0.128848
internal_weight=53699 16798 36901 4069 3941 32832 3879 707 1003 3172 31829 10235 4720 128 10569 9172 8927 3036 1397 665 154 732 6229 300 233 145 5891 5929 5778 5720
internal_count=53699 16798 36901 4069 3941 32832 3879 707 1003 3172 31829 10235 4720 128 10569 9172 8927 3036 1397 665 154 732 6229 300 233 145 5891 5929 5778 5720
cat_boundaries=0 1 2 3 4 5 6 7 8 9
cat_threshold=9 16734 51016 1 1245249 4 3561536 4669591 823872
is_linear=0
shrinkage=0.05


Tree=49
num_leaves=31
num_cat=4
split_feature=0 0 10 9 3 0 5 1 0 9 2 8 3 0 8 8 8 6 8 9 10 7 7 8 9 0 10 8 10 7
split_gain=319927 32049.9 13656.7 20080.7 11212 33929.7 12401.5 17741.2 12359.6 11381.7 11119 15425.9 11464.3 22892.9 10896.5 12372.2 10626.9 9645 9375.5 8827.57 15377.4 12450.9 7239.62 14024 9764.59 7719.35 7805.72 7643.69 6502.92 6431.35
threshold=14.500000000000002 70.500000000000014 4.6500000000000012 0 1.0000000180025095e-35 57.500000000000007 0.36666666666666675 66.166666666666671 44.500000000000007 1 103.7 13.85416666666667 1.5000000000000002 141.00000000000003 20.973958333333336 20.380208333333339 5.5260416666666679 1.0000000180025095e-35 6.947916666666667 2 4.0500000000000007 1.0000000180025095e-35 1.5000000000000002 5.1302083333333339 3 1.0000000180025095e-35 5.8500000000000005 16.656250000000004 5.7500000000000009 1.0000000180025095e-35
decision_type=2 2 2 1 2 2 2 2 2 1 2 2 2 2 2 2 2 2 2 1 2 2 2 2 1 2 2 2 2 2
left_child=2 4 19 17 6 8 -2 9 -6 -8 12 18 14 -14 15 -3 -10 -4 -12 20 -1 -22 23 -5 -25 27 -27 -24 -16 -7
right_child=1 10 3 22 5 29 7 -9 16 -11 11 -13 13 -15 28 -17 -18 -19 -20 -21 21 -23 25 24 -26 26 -28 -29 -30 -31
leaf_value=-0.12898765718726851 0.06579803857569913 0.20967310850926066 0.57562759496948945 0.74571619507144482 -0.76082336361591629 0.28555113389919179 0.28950046404443608 0.77528609966530526 -0.66949613392353058 -0.20182260435144858 0.56632027834215592 1.2410814001560213 -1.0815208394527436 0.084238709844230264 -0.16769200061656991 0.96132547942074875 -0.10548132255690981 0.089821493391934071 0.19631347971690166 -0.14802566554734894 0.28390390023924533 -0.041034414902782118 -0.11682177131618549 0.08783872923328101 -0.27158931085491567 -0.031111841478089475 0.28786985760990608 0.13164576089676516 0.36853929451533729 0.042205151056868652
leaf_weight=8427 2630 11857 110 68 130 397 485 153 104 149 272 50 50 267 294 55 424 1435 462 9404 311 5662 6931 805 236 1043 235 324 70 859
leaf_count=8427 2630 11857 110 68 130 397 485 153 104 149 272 50 50 267 294 55 424 1435 462 9404 311 5662 6931 805 236 1043 235 324 70 859
internal_value=0.000395425 0.167303 -0.0888421 -0.043277 0.0636353 -0.0332501 0.117905 0.292035 -0.324101 0.175415 0.208617 0.391314 0.197243 -0.099635 0.204909 0.213144 -0.216575 0.12361 0.333428 -0.110256 -0.0854283 -0.0241156 -0.0700738 0.0500327 0.00458943 -0.0857657 0.0275429 -0.105725 -0.0645706 0.119123
internal_weight=53699 18708 34991 11187 5331 1914 3417 787 658 634 13377 784 12593 317 12276 11912 528 1545 734 23804 14400 5973 9642 1109 1041 8533 1278 7255 364 1256
internal_count=53699 18708 34991 11187 5331 1914 3417 787 658 634 13377 784 12593 317 12276 11912 528 1545 734 23804 14400 5973 9642 1109 1041 8533 1278 7255 364 1256
cat_boundaries=0 1 2 3 4
cat_threshold=5 9 5 8
is_linear=0
shrinkage=0.05


Tree=50
num_leaves=31
num_cat=9
split_feature=0 0 0 7 10 10 11 9 9 11 8 11 8 9 7 11 10 2 11 1 2 11 8 4 1 8 2 8 10 1
split_gain=288803 19924.7 19924.5 14628.1 11565.9 11004.4 10821.5 15147 10106.7 11632.2 11241.7 10493.2 9638.41 10211.8 8841.44 8526.9 8050.73 9465.78 13265.3 11310.1 8298.79 23490.9 16310.2 12892.2 9548.48 9195.36 7631.71 7445.35 10974 9882.65
threshold=28.500000000000004 1.0000000180025095e-35 89.500000000000014 1.5000000000000002 6.2500000000000009 4.5500000000000007 0 1 2 3 4.7812500000000009 4 4.2812500000000009 5 4.5000000000000009 6 4.3500000000000005 26.633333333333336 7 60.416666666666679 101.30000000000003 8 6.9687500000000009 1.1666666666666667 105.16666666666667 16.135416666666671 91.700000000000003 10.302083333333334 6.4500000000000011 1.0000000180025095e-35
decision_type=2 2 2 2 2 2 1 1 1 1 2 1 2 1 2 1 2 2 1 2 2 1 2 2 2 2 2 2 2 2
left_child=1 3 -2 5 8 6 -1 -8 9 14 11 -10 -7 -14 -3 -12 17 -4 19 -19 23 22 -22 25 -25 -18 -20 -5 -29 -30
right_child=2 4 16 27 -6 12 7 -9 10 -11 15 -13 13 -15 -16 -17 20 18 26 -21 21 -23 -24 24 -26 -27 -28 28 29 -31
leaf_value=-0.24379154202580655 0.10130258202394311 0.13780984449329559 0.51060170674127003 -0.11399867638041994 0.25807979409532406 0.74921044171866724 0.18359100408740231 -0.15178283101355278 -0.10045720646044745 -0.00039823872888052693 0.038253200719821752 0.33700464116642254 0.38263959839635969 0.020306105337845975 0.62497283332936826 -0.16212963293105614 0.23854224641456545 -0.69797799388567616 0.19134195641058729 -0.023302119022065942 1.548078675568104 0.19472008075283975 0.58541680838122512 -0.64521061690414649 0.05132010556297021 0.0064299747645194145 -0.40910939835665516 -0.061559921456111381 0.076645458131793923 0.85096252814668127
leaf_weight=577 6229 209 121 24277 461 59 656 671 237 661 777 310 235 965 168 1668 7916 96 739 176 60 542 165 68 178 451 57 4782 127 61
leaf_count=577 6229 209 121 24277 461 59 656 671 237 661 777 310 235 965 168 1668 7916 96 739 176 60 542 165 68 178 451 57 4782 127 61
internal_value=0.000373382 -0.0778609 0.172235 -0.0915376 0.0208385 0.0106072 -0.0652301 0.0141417 -0.00630006 0.127415 -0.0529379 0.151789 0.125297 0.094621 0.34573 -0.0989563 0.214039 0.0914703 0.0439845 -0.252153 0.229576 0.387176 0.806291 0.215542 -0.141217 0.226031 0.146504 -0.102584 -0.0468283 0.327887
internal_weight=53699 36901 16798 32410 4491 3163 1904 1327 4030 1038 2992 547 1259 1200 377 2445 10569 1189 1068 272 9380 767 225 8613 246 8367 796 29247 4970 188
internal_count=53699 36901 16798 32410 4491 3163 1904 1327 4030 1038 2992 547 1259 1200 377 2445 10569 1189 1068 272 9380 767 225 8613 246 8367 796 29247 4970 188
cat_boundaries=0 1 2 3 4 5 6 7 8 9
cat_threshold=1167425 1 5 2928456 3779876 5 368668 6344728 1081432
is_linear=0
shrinkage=0.05


Tree=51
num_leaves=31
num_cat=12
split_feature=0 2 9 11 11 10 1 10 10 2 0 11 11 9 10 9 10 11 10 11 8 11 8 10 8 10 11 6 1 11
split_gain=260841 27625.1 12773.6 24805.3 20110.6 17978.2 16699.6 13782.6 11695.9 10562.9 10239.7 10101.6 9875.48 11024.6 9708.58 9688.3 13874.4 18623.5 9358.23 9348.74 8474.05 8296.44 7959.34 7719.07 7521.71 7342.61 8070.29 6987.31 6959.36 6883.16
threshold=14.500000000000002 44.900000000000006 0 1 2 4.5500000000000007 28.166666666666668 7.7500000000000009 5.4500000000000011 26.100000000000005 89.500000000000014 3 4 5 5.2500000000000009 6 4.4500000000000011 7 4.3500000000000005 8 13.85416666666667 9 2.8072916666666674 4.6500000000000012 9.9062500000000018 4.3500000000000005 10 1.0000000180025095e-35 29.833333333333339 11
decision_type=2 2 1 1 1 2 2 2 2 2 2 1 1 1 2 1 2 1 2 1 2 1 2 2 2 2 1 2 2 1
left_child=8 2 3 6 7 19 23 22 15 -8 12 27 -3 14 -14 16 -1 -18 28 -6 -15 -7 -4 -2 -19 26 -12 -10 -5 -27
right_child=1 10 4 18 5 21 9 -9 11 -11 25 -13 13 20 -16 -17 17 24 -20 -21 -22 -23 -24 -25 -26 29 -28 -29 -30 -31
leaf_value=-0.083819924148881703 0.56457822865910001 0.19798920044812021 0.39566372866724053 -0.55439009986272669 -0.56428417538603148 0.39933038259004999 0.53718178162031627 0.4273510348134571 0.46860952839922548 0.058218096448443939 0.22996131569478251 -0.055836449848968017 0.003316499769107667 -0.13998512598868512 0.26842135509326276 -0.10982525284151179 -0.054811698999054019 0.15795429696872476 0.11312971669119164 -0.031234403812155434 0.32582511875006531 0.1047993105287864 -0.24321906904289628 1.2561838539747092 0.53781811171302607 0.35711680772121107 -0.066579295047224832 0.084700805270503388 -0.061841731882372568 0.21237791238135553
leaf_weight=8438 180 2268 51 123 122 293 169 90 134 361 440 2062 668 811 715 20556 1743 879 358 235 111 1274 1105 52 153 973 464 1026 172 7673
leaf_count=8438 180 2268 51 123 122 293 169 90 134 361 440 2062 668 811 715 20556 1743 879 358 235 111 1274 1105 52 153 973 464 1026 172 7673
internal_value=0.000359349 0.151068 0.0444329 0.168716 -0.0115394 0.0896698 0.36107 -0.16729 -0.0802175 0.210944 0.185687 0.0105536 0.124162 0.0504429 0.139366 -0.0894235 -0.0518782 0.0450606 -0.0578074 -0.230078 -0.0830057 0.163088 -0.215033 0.719593 0.212215 0.215149 0.079562 0.127946 -0.267209 0.229325
internal_weight=53699 18708 4585 1415 3170 1924 762 1246 34991 530 14123 3222 4573 2305 1383 31769 11213 2775 653 357 922 1567 1156 232 1032 9550 904 1160 295 8646
internal_count=53699 18708 4585 1415 3170 1924 762 1246 34991 530 14123 3222 4573 2305 1383 31769 11213 2775 653 357 922 1567 1156 232 1032 9550 904 1160 295 8646
cat_boundaries=0 1 2 3 4 5 6 7 8 9 10 11 12
cat_threshold=5 2029764 2936901 187144 6636205 8 1 234059 4202880 8576 1649058 40976
is_linear=0
shrinkage=0.05


Tree=52
num_leaves=31
num_cat=7
split_feature=0 2 10 7 2 11 7 8 11 11 1 2 11 5 1 10 3 0 0 1 8 10 8 11 11 11 8 8 8 1
split_gain=235464 24947.6 11135.1 10219.8 12501.3 20579.3 11406.3 10574.8 10311.2 9937.89 9889.53 9591.9 19801.4 18068.4 12015.8 8937.59 8511.9 16456.3 9227.01 8372.73 9939.6 8046.62 11292.2 11257.4 8270.92 7570.46 9090.82 7446.84 9392.75 12802.2
threshold=14.500000000000002 44.900000000000006 4.6500000000000012 1.5000000000000002 49.100000000000009 0 4.5000000000000009 7.0625000000000009 1 2 57.166666666666679 103.7 3 1.2250000000000003 100.83333333333336 12.350000000000003 1.5000000000000002 147.50000000000003 89.500000000000014 0.83333333333333337 6.8281250000000009 4.4500000000000011 7.9531250000000009 4 5 6 10.718750000000002 2.9583333333333335 6.901041666666667 59.833333333333336
decision_type=2 2 2 2 2 1 2 2 1 1 2 2 1 2 2 2 2 2 2 2 2 2 2 1 1 1 2 2 2 2
left_child=2 9 -1 8 -5 7 -7 -6 19 27 -10 15 13 14 -13 16 18 -18 -3 -4 -21 22 24 -24 -11 26 -23 -2 29 -29
right_child=1 11 3 4 5 6 -8 -9 10 21 -12 12 -14 -15 -16 -17 17 -19 -20 20 -22 25 23 -25 -26 -27 -28 28 -30 -31
leaf_value=-0.095546041134269094 -0.62071671364671099 0.11133115991549747 0.054049780422232067 -0.065788135876984233 0.27182625929514564 -0.28818753410890263 0.48534967538810547 0.97570999700289507 0.13462354633419846 0.43504286053526492 0.63545976814470795 0.39370127190649512 0.15512957927154108 0.19242066682188536 1.3233741782474937 0.66864072578874501 -0.88322484325278894 0.077160317586513913 0.19991481979359926 0.16820910200476646 -0.64885709377022482 0.21906573845174268 -0.65749787053754261 -0.018592356530468115 -0.018818560222470734 0.096507522542432264 0.81118090073746374 0.031286156888289209 -0.15206891153910146 0.81563702114557823
leaf_weight=23804 59 4509 357 9333 129 206 62 91 728 121 114 50 523 102 114 88 55 236 8446 56 111 296 114 168 433 2007 83 440 805 59
leaf_count=23804 59 4509 357 9333 129 206 62 91 728 121 114 50 523 102 114 88 55 236 8446 56 111 296 114 168 433 2007 83 440 805 59
internal_value=0.000347145 0.143537 -0.0762098 -0.0350657 -0.0528888 0.193812 -0.105306 0.538501 0.0930752 0.0422012 0.200057 0.176436 0.345831 0.689046 1.03994 0.166413 0.163076 -0.104356 0.169083 -0.0811005 -0.374871 0.0899264 -0.0432837 -0.300848 0.0878231 0.136977 0.339772 -0.0707569 -0.0464164 0.124025
internal_weight=53699 18708 34991 11187 9821 488 268 220 1366 4585 842 14123 789 266 164 13334 13246 291 12955 524 167 3222 836 282 554 2386 379 1363 1304 499
internal_count=53699 18708 34991 11187 9821 488 268 220 1366 4585 842 14123 789 266 164 13334 13246 291 12955 524 167 3222 836 282 554 2386 379 1363 1304 499
cat_boundaries=0 1 2 3 4 5 6 7
cat_threshold=7522816 1455688 6554209 32857 57490 534532 1056896
is_linear=0
shrinkage=0.05


Tree=53
num_leaves=31
num_cat=8
split_feature=0 0 6 10 2 11 8 8 7 9 8 11 1 5 0 10 9 11 8 11 11 10 8 11 8 8 8 2 7 2
split_gain=212864 19033.2 15291.7 15135.2 14196.9 14595.9 17117.3 13934.4 11830.8 11283.6 10016.6 9900.32 12976.3 23497 10915.3 9695.14 17151.3 16328.1 13025.5 8459.98 8295.27 7904.79 7874.65 21754.1 10109.4 7333.39 7128.56 7643.72 7044.87 6747.74
threshold=44.500000000000007 1.0000000180025095e-35 1.0000000180025095e-35 7.2500000000000009 69.63333333333334 0 3.1302083333333335 2.7656250000000004 1.5000000000000002 1 7.9270833333333348 2 97.833333333333357 1.2250000000000003 94.500000000000014 4.3500000000000005 3 4 4.0052083333333348 5 6 4.5500000000000007 16.135416666666671 7 13.927083333333336 2.7031250000000004 20.927083333333336 28.100000000000005 2.5000000000000004 71.63333333333334
decision_type=2 2 2 2 2 1 2 2 2 1 2 1 2 2 2 2 1 1 2 1 1 2 2 1 2 2 2 2 2 2
left_child=1 8 -3 7 5 6 -2 -4 15 -9 28 12 21 -14 22 19 17 -17 -18 -1 -7 -6 24 -24 -13 -10 29 -28 -8 -27
right_child=4 2 3 -5 11 20 10 9 25 -11 -12 14 13 -15 -16 16 18 -19 -20 -21 -22 -23 23 -25 -26 26 27 -29 -30 -31
leaf_value=0.25219669214316776 -0.64917202189012813 -0.59461886128600772 0.72878406109178773 0.45054575322081131 -0.15963153001509214 0.39254157244169041 -0.047769300913324167 -0.15014921390924788 0.504277640581131 0.044833326780771877 -0.16178952741409958 0.1790183858784247 1.3375351618463176 -0.044178330950438979 -0.076056718754149252 0.052954547928149256 0.70858927714197262 0.50715277901925571 -0.060521411165048646 -0.22726061806947301 0.11799178719313097 0.32256041057823315 0.55308525788882557 -0.22824900875077445 0.39664924179917338 -0.095530101044787846 0.0094733195045527789 0.58126256617288741 0.23792466927494391 0.41449480753678547
leaf_weight=102 108 98 68 211 95 291 392 905 52 3915 558 7763 80 50 426 481 57 338 1609 576 4030 807 111 328 573 28258 809 63 480 65
leaf_count=102 108 98 68 211 95 291 392 905 52 3915 558 7763 80 50 426 481 57 338 1609 576 4030 807 111 328 573 28258 809 63 480 65
internal_value=0.000329712 -0.0647894 0.0240397 0.0359299 0.152513 0.0904473 -0.0419321 0.0180322 -0.0790333 0.00800504 0.00363617 0.188049 0.33583 0.806107 0.170923 0.012827 0.0585515 0.244258 -0.0340032 -0.154762 0.137345 0.271775 0.183108 -0.0232912 0.193978 -0.0889678 -0.0900245 0.0507838 0.109493 -0.0943596
internal_weight=53699 37607 5197 5099 16092 5859 1538 4888 32410 4820 1430 10233 1032 130 9201 3163 2485 819 1666 678 4321 902 8775 439 8336 29247 29195 872 872 28323
internal_count=53699 37607 5197 5099 16092 5859 1538 4888 32410 4820 1430 10233 1032 130 9201 3163 2485 819 1666 678 4321 902 8775 439 8336 29247 29195 872 872 28323
cat_boundaries=0 1 2 3 4 5 6 7 8
cat_threshold=4689 2 17 5 3916873 272416 8224 2458112
is_linear=0
shrinkage=0.05


Tree=54
num_leaves=31
num_cat=12
split_feature=0 0 3 0 11 11 11 5 0 7 9 5 11 0 10 9 11 10 0 10 11 5 11 2 11 5 4 1 11 11
split_gain=193176 26055.8 14862.7 24120.3 13473.6 13260.3 12867.5 13403.4 15482.5 10697.7 10319.7 10056.8 9542.23 9746.39 8758.01 15518.6 14770.2 8877.54 7980.09 7887.58 13639.1 7763.13 7680.46 7635.39 13199.4 14786.7 11186 8331.95 7589.83 7025.43
threshold=66.500000000000014 1.0000000180025095e-35 1.0000000180025095e-35 55.500000000000007 0 1 2 1.0000000180025095e-35 24.500000000000004 1.5000000000000002 3 0.77500000000000013 4 72.500000000000014 4.3500000000000005 5 6 7.9500000000000011 44.500000000000007 5.3500000000000005 7 0.22500000000000003 8 102.90000000000002 9 1.2250000000000003 1.1666666666666667 105.16666666666667 10 11
decision_type=2 2 2 2 1 1 1 2 2 2 1 2 1 2 2 1 1 2 2 2 1 2 1 2 1 2 2 2 1 1
left_child=1 9 6 5 -5 18 7 -3 -9 14 -8 -12 23 28 22 16 -16 -17 -4 20 -15 29 -1 26 25 -25 -2 -28 -14 -21
right_child=12 2 3 4 -6 -7 10 8 -10 -11 11 -13 13 19 15 17 -18 -19 -20 21 -22 -23 -24 24 -26 -27 27 -29 -30 -31
leaf_value=0.24071273601480891 0.19997329599681826 0.055114549819860997 -0.55961652812311202 0.23431346676062326 -0.14352018992748047 -0.55567013904410234 -0.18603327425545474 0.13980057662337778 0.52960759187189044 -0.084519422161854443 0.015434391755230398 0.48389025409975334 -0.4248962386886575 -0.19090435132190781 0.48057059823957265 -0.056306140508050467 0.049108874907747652 0.52701937731574566 0.11477767236432748 -0.13106678580101447 0.12169179798469409 0.26855971372819892 -0.21609149763134941 1.4490371032816467 0.2233458880726952 0.32381043468735049 -0.72344123423099527 0.011024675880869229 0.028360594482191151 0.20244697273827506
leaf_weight=102 6274 1828 59 463 462 344 637 738 389 29247 2155 121 124 375 341 1598 478 68 171 268 3934 1602 576 61 367 56 52 150 300 359
leaf_count=102 6274 1828 59 463 462 344 637 738 389 29247 2155 121 124 375 341 1598 478 68 171 268 3934 1602 576 61 367 56 52 150 300 359
internal_value=0.000325471 -0.0557791 0.0290999 -0.111414 0.0465824 -0.366024 0.0649945 0.13826 0.274348 -0.0750726 -0.00976794 0.0401627 0.160624 0.11859 0.0122781 0.0557366 0.232383 -0.032303 -0.0557933 0.133826 0.0943268 0.210184 -0.147006 0.202209 0.394062 0.838777 0.188182 -0.178046 -0.113548 0.0610309
internal_weight=53699 39777 7367 1499 925 574 5868 2955 1127 32410 2913 2276 13922 6962 3163 2485 819 1666 230 6538 4309 2229 678 6960 484 117 6476 202 424 627
internal_count=53699 39777 7367 1499 925 574 5868 2955 1127 32410 2913 2276 13922 6962 3163 2485 819 1666 230 6538 4309 2229 678 6960 484 117 6476 202 424 627
cat_boundaries=0 1 2 3 4 5 6 7 8 9 10 11 12
cat_threshold=4888711 6897933 1568856 2 110011 5 4467646 20480 272416 32784 1052736 16964
is_linear=0
shrinkage=0.05


Tree=55
num_leaves=31
num_cat=9
split_feature=0 0 3 0 11 8 5 11 8 10 8 8 11 8 8 11 10 2 11 1 7 8 11 11 10 11 2 8 11 8
split_gain=174333 23490.3 13435.9 21946.8 17644.7 16644.4 13854.8 12872.2 16516.5 11655.3 10085.1 9694.89 28399.1 19769.2 36750.1 16701.7 11087.9 12657.8 12329.1 14788 9673.08 9285.36 17948.3 8842.15 8586.08 9087.25 8528.84 8468.42 11107.3 17434.2
threshold=66.500000000000014 1.0000000180025095e-35 1.0000000180025095e-35 57.500000000000007 0 4.7812500000000009 1.0000000180025095e-35 1 5.0052083333333348 7.2500000000000009 8.2083333333333339 7.901041666666667 2 13.927083333333336 14.083333333333334 3 4.0500000000000007 75.63333333333334 4 112.16666666666667 1.5000000000000002 7.166666666666667 5 6 4.5500000000000007 7 20.100000000000005 5.2812500000000009 8 5.916666666666667
decision_type=2 2 2 2 1 2 2 1 2 2 2 2 1 2 2 1 2 2 1 2 2 2 1 1 2 1 2 2 1 2
left_child=1 20 5 7 -5 6 -3 8 -4 -7 -6 15 13 -13 -15 27 17 -14 19 -18 24 26 -23 -8 25 -1 -17 -2 -29 -30
right_child=11 2 3 4 10 9 23 -9 -10 -11 -12 12 16 14 -16 21 18 -19 -20 -21 -22 22 -24 -25 -26 -27 -28 28 29 -31
leaf_value=0.20899052642285826 0.15666769760047516 0.11265596624999696 -0.86825033949132546 0.26061219462022489 -0.36679058851856811 0.0051016469133813754 0.8480199995420632 -0.52862834848420714 0.063296523881662223 0.38431568269459709 0.2736331411349921 0.19567950222109046 -0.78400877955414006 1.7281746883903233 0.35844580582314478 0.5410399092173358 -0.14081265463813641 0.19717918678566262 0.11398629229273936 0.56195109567524471 -0.080293449281135659 0.82416903923328655 0.042354442470918886 0.28172698638101262 0.1130585948592666 -0.099566316635884944 0.093712727031118936 0.13837255296126313 1.2908424314260483 0.34554947383556472
leaf_weight=270 1435 716 57 480 255 4582 114 338 288 212 81 420 84 70 163 109 987 54 2647 81 29247 123 179 244 1259 1634 4753 774 50 1993
leaf_count=270 1435 716 57 480 255 4582 114 338 288 212 81 420 84 70 163 109 987 54 2647 81 29247 123 179 244 1259 1634 4753 774 50 1993
internal_value=0.000306706 -0.0529913 0.0276007 -0.105998 0.0690351 0.0617289 0.239641 -0.315115 -0.0880588 0.0218712 -0.206264 0.152586 0.0922709 0.394546 0.769952 0.18145 0.0399142 -0.400066 0.0563654 -0.0867013 -0.0713104 0.120218 0.389468 0.493612 0.0117518 -0.0552362 0.103741 0.254933 0.305895 0.366889
internal_weight=53699 39777 7367 1499 816 5868 1074 683 345 4794 336 13922 4506 653 233 9416 3853 138 3715 1068 32410 5164 302 358 3163 1904 4862 4252 2817 2043
internal_count=53699 39777 7367 1499 816 5868 1074 683 345 4794 336 13922 4506 653 233 9416 3853 138 3715 1068 32410 5164 302 358 3163 1904 4862 4252 2817 2043
cat_boundaries=0 1 2 3 4 5 6 7 8 9
cat_threshold=4897415 7947535 2100226 893873 545296 4210756 1442128 796704 557568
is_linear=0
shrinkage=0.05


Tree=56
num_leaves=31
num_cat=3
split_feature=1 0 9 10 10 6 0 9 10 8 10 10 8 8 3 0 8 2 1 8 1 2 8 6 10 9 8 4 0 8
split_gain=158777 18450.4 13667.2 20722 12954.5 11280.1 10197 20606.1 19562.4 10302.7 10226.2 9717.99 8591.96 25576.6 9990.25 21249.8 6875.86 10699.8 6571.16 7303.05 6421.09 6323.94 6148.32 5955.84 7799.94 12340 5904.59 5888.46 5708.97 4953.95
threshold=46.416666666666679 1.0000000180025095e-35 0 4.5500000000000007 4.3500000000000005 1.5000000000000002 70.500000000000014 1 7.2500000000000009 4.7656250000000009 6.7500000000000009 8.7500000000000018 21.083333333333339 20.927083333333336 1.5000000000000002 141.00000000000003 20.927083333333336 27.450000000000003 34.833333333333336 7.0989583333333348 28.166666666666668 32.63333333333334 17.651041666666668 1.0000000180025095e-35 4.4500000000000011 2 3.1927083333333335 0.58333333333333337 63.500000000000007 2.7031250000000004
decision_type=2 2 1 2 2 2 2 1 2 2 2 2 2 2 2 2 2 2 2 2 2 2 2 2 2 1 2 2 2 2
left_child=1 16 4 -4 18 -6 7 8 9 26 -11 27 13 14 22 -16 23 -18 21 -20 -7 -3 -8 24 -1 -26 -2 -5 -9 -25
right_child=6 2 3 11 5 20 12 28 -10 10 -12 -13 -14 -15 15 -17 17 -19 19 -21 -22 -23 -24 29 25 -27 -28 -29 -30 -31
leaf_value=-0.20725120499586369 0.079662913331134844 -0.033467132470768352 -0.23332256335243662 0.031472147400160001 -0.27202017399224826 0.42631172697544106 0.17054007092872697 -0.30142530122834649 0.65271367718401196 0.055522842687773556 -0.5387097119217118 0.62080947616521054 -0.11545733881878183 1.0270433992498063 -1.0362702144011855 0.046646080929708678 0.024896033077266223 0.77834993004798891 0.59158894297588305 -0.15132977810772985 0.16875974023595519 -0.5647889162263563 -0.17933096073157206 0.40794560198600477 0.29363523093513477 -0.032467484457321977 0.43357832521251743 -0.26721212192077859 0.082206064366525222 -0.080519072115110307
leaf_weight=311 199 579 943 3574 94 500 11140 445 159 2089 75 68 284 85 50 482 818 50 83 55 469 62 127 52 414 918 289 173 124 28988
leaf_count=311 199 579 943 3574 94 500 11140 445 159 2089 75 68 284 85 50 482 818 50 83 55 469 62 127 52 414 918 289 173 124 28988
internal_value=0.000310831 -0.0545755 0.0214491 -0.0233965 0.136673 0.250926 0.134989 0.0581603 0.11362 0.0817274 0.0349279 0.0284322 0.15633 0.162825 0.156599 -0.0551318 -0.0704787 0.0682978 -0.0174784 0.295498 0.301656 -0.0848586 0.166596 -0.0744046 0.0182084 0.0708495 0.289256 0.0176818 -0.21406 -0.0796444
internal_weight=53699 38151 6600 4758 1842 1063 15548 3380 2811 2652 2164 3815 12168 11884 11799 532 31551 868 779 138 969 641 11267 30683 1643 1332 488 3747 569 29040
internal_count=53699 38151 6600 4758 1842 1063 15548 3380 2811 2652 2164 3815 12168 11884 11799 532 31551 868 779 138 969 641 11267 30683 1643 1332 488 3747 569 29040
cat_boundaries=0 1 2 3
cat_threshold=5 9 5
is_linear=0
shrinkage=0.05


Tree=57
num_leaves=31
num_cat=9
split_feature=1 0 9 11 10 11 6 6 0 9 11 10 11 10 8 11 8 8 3 0 5 11 1 1 3 0 11 8 0 1
split_gain=143290 16649.9 12334.7 22660.5 18701.6 16829.6 13999.2 10702.2 9202.82 18597 20986.2 17655 11019.7 9028.26 8989.49 8234.55 7754.25 23082.9 9016.2 19178 7629.79 7198.14 6936.87 11263.6 9737.34 6549.2 6531.79 6549.77 6211 5842.97
threshold=46.416666666666679 1.0000000180025095e-35 0 1 4.5500000000000007 2 1.5000000000000002 1.5000000000000002 70.500000000000014 3 4 7.2500000000000009 5 4.3500000000000005 4.7812500000000009 6 21.083333333333339 20.927083333333336 1.5000000000000002 141.00000000000003 1.0000000180025095e-35 7 35.833333333333336 24.166666666666668 1.0000000180025095e-35 63.500000000000007 8 20.927083333333336 12.500000000000002 58.416666666666679
decision_type=2 2 1 1 2 1 2 2 2 1 1 2 1 2 2 1 2 2 2 2 2 1 2 2 2 2 1 2 2 2
left_child=1 26 3 22 15 7 -5 -6 9 11 29 12 14 -8 -2 -4 17 18 21 -20 -14 -10 23 -3 -24 -12 -1 -28 -17 -11
right_child=8 2 4 6 5 -7 13 -9 16 10 25 -13 20 -15 -16 28 -18 -19 19 -21 -22 -23 24 -25 -26 -27 27 -29 -30 -31
leaf_value=-0.015025710881954965 0.48298839281458372 0.02628799346404086 -0.072506249642530718 -0.36793134689331053 -0.25353790543973448 -0.073424462744149793 0.16389864511384167 0.17459962523399344 0.21493081175424766 -0.17341076850891113 -0.58139551088270802 0.62007799087642879 -0.24994681570880684 0.47634670493545039 0.12690282895579494 -0.19570289088184376 -0.10968447389527106 0.97569124593454259 -0.98445670074224489 0.044313776380231769 0.040979250191385042 0.12920998231316463 0.72957727459610489 -0.39069643339445426 -0.13461814267294747 -0.059473456939061489 -0.081051718945569173 0.074390558784977454 -0.56517024856832065 0.35633382831243865
leaf_weight=5102 218 435 488 75 160 1991 406 1664 3779 80 262 159 277 537 948 228 284 85 50 482 1209 7488 61 258 70 78 25753 696 227 149
leaf_count=5102 218 435 488 75 160 1991 406 1664 3779 80 262 159 277 537 948 228 284 85 50 482 1209 7488 61 258 70 78 25753 696 227 149
internal_value=0.000297721 -0.0518433 0.0203767 0.129839 -0.0222266 0.0270106 0.286718 0.136296 0.128239 0.0552523 -0.203357 0.107939 0.077641 0.341825 0.191833 -0.221656 0.148513 0.154684 0.148769 -0.0523752 -0.0131627 0.158267 -0.0650881 -0.128953 0.267793 -0.44847 -0.0669507 -0.0769322 -0.371858 0.164104
internal_weight=53699 38151 6600 1842 4758 3815 1018 1824 15548 3380 569 2811 2652 943 1166 943 12168 11884 11799 532 1486 11267 824 693 131 340 31551 26449 455 229
internal_count=53699 38151 6600 1842 4758 3815 1018 1824 15548 3380 569 2811 2652 943 1166 943 12168 11884 11799 532 1486 11267 824 693 131 340 31551 26449 455 229
cat_boundaries=0 1 2 3 4 5 6 7 8 9
cat_threshold=5 2181011 4448666 9 4768827 2170565 6097948 75173 2639888
is_linear=0
shrinkage=0.05


Tree=58
num_leaves=31
num_cat=4
split_feature=1 0 9 10 10 1 0 6 10 10 0 9 10 0 8 2 9 2 0 1 8 5 8 2 8 2 6 9 10 6
split_gain=129339 15022.6 11134.4 16882.3 11015.8 9695.64 12104 9106.4 8847.36 8746.72 9125.13 9897.93 10158.1 9974.88 8933.32 7350.94 6793.62 6296.44 5929.79 5791.13 6636.48 5774.6 7558.39 5680.7 5636.87 9664.52 5375.49 7322.71 17169.2 5325.67
threshold=46.416666666666679 1.0000000180025095e-35 0 4.5500000000000007 4.3500000000000005 28.833333333333339 38.500000000000007 1.5000000000000002 8.7500000000000018 4.3500000000000005 88.500000000000014 1 7.2500000000000009 73.500000000000014 13.171875000000002 33.63333333333334 2 89.450000000000017 6.5000000000000009 34.833333333333336 7.0989583333333348 0.22500000000000003 20.927083333333336 30.900000000000002 20.927083333333336 27.450000000000003 1.0000000180025095e-35 3 6.4500000000000011 2.5000000000000004
decision_type=2 2 1 2 2 2 2 2 2 2 2 1 2 2 2 2 1 2 2 2 2 2 2 2 2 2 2 1 2 2
left_child=1 24 4 -4 19 6 -6 -7 29 18 11 12 14 -14 -11 -13 -12 -17 -2 23 -21 -18 -23 -3 26 -26 27 -1 -29 -5
right_child=9 2 3 8 5 7 -8 -9 -10 10 16 15 13 -15 -16 17 21 -19 -20 20 -22 22 -24 -25 25 -27 -28 28 -30 -31
leaf_value=-0.25104764710973809 -0.29873299734345798 -0.027888449505234697 -0.21061205696650365 -0.054493292330331039 0.2562309589072303 -0.52108203151769805 0.84022080547043265 0.1483601757638332 0.59086966277921904 0.14137642809457693 0.27809230227510101 0.53309166849620881 0.65590392285484389 0.099682138115167629 -0.12935205066208341 -0.038970077350222426 0.066763469922303795 0.38005351954476629 0.038426206468886205 0.55725221966045457 -0.1509511371092363 0.16319375462772742 0.61746282141495457 -0.49097403271993001 0.020800727079360586 0.73687531447410581 -0.072135947951578766 0.020424947752343381 0.78788992770306487 0.066236820918781122
leaf_weight=206 145 566 943 1578 427 57 112 467 68 2401 1161 62 177 148 349 1938 1738 94 1296 83 55 5946 93 75 818 50 29040 1360 77 2169
leaf_count=206 145 566 943 1578 427 57 112 467 68 2401 1161 62 177 148 349 1938 1738 94 1296 83 55 5946 93 75 818 50 29040 1360 77 2169
internal_value=0.000284541 -0.0492533 0.0193468 -0.0211306 0.123348 0.22869 0.377579 0.0755392 0.0256504 0.121838 0.133824 0.0809444 0.137812 0.402609 0.107019 -0.00320689 0.164405 -0.0195861 0.00449971 -0.0188168 0.274997 0.146887 0.170189 -0.0820716 -0.0636034 0.0620493 -0.067158 0.0208272 0.0611233 0.0153929
internal_weight=53699 38151 6600 4758 1842 1063 539 524 3815 15548 14107 5169 3075 325 2750 2094 8938 2032 1441 779 138 7777 6039 641 31551 868 30683 1643 1437 3747
internal_count=53699 38151 6600 4758 1842 1063 539 524 3815 15548 14107 5169 3075 325 2750 2094 8938 2032 1441 779 138 7777 6039 641 31551 868 30683 1643 1437 3747
cat_boundaries=0 1 2 3 4
cat_threshold=5 8 4 2
is_linear=0
shrinkage=0.05


Tree=59
num_leaves=31
num_cat=10
split_feature=1 10 11 9 10 11 10 6 11 9 11 8 8 11 9 11 3 8 8 11 8 0 2 1 0 0 10 8 2 10
split_gain=117041 17589.7 15625.7 11886.3 22370.6 13109.3 8179.06 7208.27 7071.52 11402.4 12172.8 9835.87 16182 41976.5 10174.8 13664.9 9220.42 8101.15 6962.13 22257.9 9328.27 6722.38 12824.4 9115.85 7663.73 6705.06 6362.58 5970.97 5550.36 5008.08
threshold=54.500000000000007 5.3500000000000005 0 1 4.0500000000000007 2 9.2500000000000018 1.0000000180025095e-35 3 4 5 6.7968750000000009 6.072916666666667 6 7 8 1.5000000000000002 6.9687500000000009 15.781250000000002 9 11.94791666666667 1.5000000000000002 18.300000000000001 13.833333333333334 25.500000000000004 71.500000000000014 5.0500000000000007 6.3177083333333348 50.100000000000009 4.5500000000000007
decision_type=2 2 1 1 2 1 2 2 1 1 1 2 2 1 1 1 2 2 2 1 2 2 2 2 2 2 2 2 2 2
left_child=1 3 21 4 28 7 8 -6 9 10 -2 12 16 -14 15 -13 -10 -16 20 -20 -11 23 24 27 -23 -4 -12 -3 -1 -5
right_child=6 2 25 29 5 -7 -8 -9 11 18 26 14 13 -15 17 -17 -18 -19 19 -21 -22 22 -24 -25 -26 -27 -28 -29 -30 -31
leaf_value=-0.085845781724491033 0.2724648432448657 -0.05588070755464989 -0.040657620770737563 -0.10987801692502148 0.44268949359470278 -0.015864348766696922 0.37609055640506406 0.098626279865732219 0.13006245167807975 0.18860855692294223 0.17859189783533413 -0.28952458517605001 -0.26790088682662788 0.9086104743466491 -0.16604239976026378 0.024157889550950579 -0.53002850308462424 0.12668473712825695 0.93614917456611124 0.044439089438678081 -0.030716112371948032 0.41257141844854373 0.15840855079823918 -0.19567867153650756 1.0999059079123326 0.25134641855600337 -0.30988394608000303 0.24642195882689624 0.41805053255774766 -0.056375723017356633
leaf_weight=8553 188 228 3079 9749 161 4970 310 2794 2605 4743 84 435 117 200 259 1578 54 2703 111 181 540 121 547 231 61 210 323 576 55 7933
leaf_count=8553 188 228 3079 9749 161 4970 310 2794 2605 4743 84 435 117 200 259 1578 54 2703 111 181 540 121 547 231 61 210 323 576 55 7933
internal_value=0.000270565 -0.0444786 0.0426003 -0.0573387 -0.0268038 0.0337956 0.122037 0.116976 0.11646 0.156732 -0.0514756 0.0849044 0.156914 0.494589 0.0419996 -0.0447235 0.116657 0.100748 0.179005 0.416993 0.16619 0.162154 0.279376 0.081156 0.642942 -0.0219467 -0.204055 0.160694 -0.0826262 -0.0858258
internal_weight=53699 39268 5053 34215 16533 7925 14431 2955 14121 6170 595 7951 2976 317 4975 2013 2659 2962 5575 292 5283 1764 729 1035 182 3289 407 804 8608 17682
internal_count=53699 39268 5053 34215 16533 7925 14431 2955 14121 6170 595 7951 2976 317 4975 2013 2659 2962 5575 292 5283 1764 729 1035 182 3289 407 804 8608 17682
cat_boundaries=0 1 2 3 4 5 6 7 8 9 10
cat_threshold=89484 5 7128244 337817 2 8200 2654210 1 131168 65553
is_linear=0
shrinkage=0.05


Tree=60
num_leaves=31
num_cat=2
split_feature=0 3 2 10 1 8 1 0 2 9 10 2 8 10 6 0 1 10 4 9 10 8 0 10 7 2 0 2 1 0
split_gain=106087 22847.5 16301.5 9870.82 10808.5 10606 12735.1 11909.7 10223.8 9586.26 9973.55 9347.44 20745 9070.28 8786.13 8753.84 8622 8563 7946 6892.92 17026.5 6429.7 6330.13 5357.04 5133.62 6039.38 4982.25 4525.48 9122.61 7155.49
threshold=44.500000000000007 1.0000000180025095e-35 27.450000000000003 4.3500000000000005 19.166666666666668 7.9531250000000009 54.500000000000007 89.500000000000014 13.450000000000001 0 7.2500000000000009 101.30000000000003 13.927083333333336 6.4500000000000011 1.5000000000000002 31.500000000000004 50.416666666666679 12.350000000000003 1.1666666666666667 1 4.0500000000000007 6.947916666666667 85.500000000000014 5.0500000000000007 1.5000000000000002 4.1000000000000005 16.500000000000004 27.450000000000003 37.416666666666679 75.500000000000014
decision_type=2 2 2 2 2 2 2 2 2 1 2 2 2 2 2 2 2 2 2 1 2 2 2 2 2 2 2 2 2 2
left_child=1 2 13 5 8 27 7 -7 -5 10 15 17 21 19 -11 -4 -12 18 -6 20 -1 -13 -8 -3 -15 -26 -16 29 -29 -2
right_child=3 23 9 4 11 6 22 -9 -10 14 16 12 -14 24 26 -17 -18 -19 -20 -21 -22 -23 -24 -25 25 -27 -28 28 -30 -31
leaf_value=-0.081569700217646007 -0.015408595787581579 -0.87567309609481281 0.050926505391151858 0.15059143342669049 0.10968975353776465 -0.99055757064510286 0.48494540237678357 -0.14569209120994392 1.0705862162185127 -0.35390885529290161 0.15460455257718156 0.39264489594709917 1.1829445154232494 0.34542972086423851 -0.082582356896903589 0.48927000340516291 0.93596687018871316 0.59031760328254856 -0.1421160206319097 -0.080998727251339678 0.027457946118826689 0.097385004344018741 -0.11382803102215266 -0.26606900231880054 -0.062286892187282838 0.20903390304551828 0.26689380113725308 -0.61181649519846992 0.069121429821278099 0.59687388709613254
leaf_weight=8276 93 98 3275 63 13057 81 52 86 58 251 82 299 59 166 417 118 62 91 321 17491 6312 481 292 57 534 333 135 52 909 98
leaf_count=8276 93 98 3275 63 13057 81 52 86 58 251 82 299 59 166 417 118 62 91 321 17491 6312 481 292 57 534 333 135 52 909 98
internal_value=0.000272052 -0.0456995 -0.0431923 0.107707 0.121002 -0.00764146 -0.197232 -0.555477 0.591581 0.0479236 0.0832325 0.117022 0.278947 -0.0551349 -0.107303 0.066171 0.491024 0.106936 0.103648 -0.0598309 -0.0343716 0.210568 -0.0233158 -0.651496 0.0906955 0.0419228 0.00288736 0.0764562 0.0322757 0.298747
internal_weight=53699 37607 37452 16092 14429 1663 511 167 121 4340 3537 14308 839 33112 803 3393 144 13469 13378 32079 14588 780 344 155 1033 867 552 1152 961 191
internal_count=53699 37607 37452 16092 14429 1663 511 167 121 4340 3537 14308 839 33112 803 3393 144 13469 13378 32079 14588 780 344 155 1033 867 552 1152 961 191
cat_boundaries=0 1 2
cat_threshold=9 5
is_linear=0
shrinkage=0.05


Tree=61
num_leaves=31
num_cat=9
split_feature=1 10 11 9 10 11 6 10 11 9 11 8 8 8 8 11 8 10 1 8 10 11 2 3 2 11 1 10 10 10
split_gain=96620.9 14876.5 13882.3 10050 18706.2 12655.9 9711.93 6789.49 6439.76 10183.4 10876.5 8927.93 18138.3 12931.5 6337.07 20253.6 8465.55 5712.99 5540.84 5009.8 5721.1 5006.94 8908.18 6109.98 4842.31 6737.55 4816.57 6278.96 4666.17 4650.32
threshold=54.500000000000007 5.3500000000000005 0 1 4.3500000000000005 2 2.5000000000000004 9.2500000000000018 3 4 5 21.083333333333339 20.927083333333336 15.208333333333334 15.781250000000002 6 11.94791666666667 5.0500000000000007 77.833333333333357 14.96354166666667 6.6500000000000012 7 1.0000000180025095e-35 1.0000000180025095e-35 26.100000000000005 8 38.416666666666679 7.6500000000000012 4.9500000000000011 4.7500000000000009
decision_type=2 2 1 1 2 1 2 2 1 1 1 2 2 2 2 1 2 2 2 2 2 1 2 2 2 1 2 2 2 2
left_child=1 3 26 4 21 6 -6 8 9 10 28 12 13 -10 16 -16 -11 -12 -13 24 -21 22 -1 -23 -4 -26 -3 -28 -2 -7
right_child=7 2 19 -5 5 29 -8 -9 11 14 17 18 -14 -15 15 -17 -18 -19 -20 20 -22 23 -24 -25 25 -27 27 -29 -30 -31
leaf_value=-0.058600998691259287 -0.13019064248732801 0.18504632273453517 -0.080382869439068638 -0.078421588241628926 0.32802552777811206 -0.024333859875759846 0.071875333930883148 0.34236157492283859 0.087653084856068209 0.17438940883439563 0.16587418463258519 -0.61528940654136766 0.96483190100768523 -0.3278937214861799 0.88750044345424683 0.037526857614985309 -0.034547184093130963 -0.29699466408982922 -0.04969818624625872 0.038061324746932017 0.6517516762018204 -0.084701339209495366 0.10609350386147316 -0.4421177312976024 0.22996804401406956 -0.056594001641958075 0.077543942260196785 -0.47060169008752661 0.42344543369279974 0.11031901591531196
leaf_weight=3900 53 1543 2134 17682 612 3106 936 310 7519 4743 84 71 58 192 111 181 540 323 111 118 56 6009 1040 122 338 495 306 63 135 808
leaf_count=3900 53 1543 2134 17682 612 3106 936 310 7519 4743 84 71 58 192 111 181 540 323 111 118 56 6009 1040 122 338 495 306 63 135 808
internal_value=0.000257695 -0.0404008 0.039681 -0.0522276 -0.0241511 0.0515532 0.172033 0.110893 0.105811 0.144223 -0.0524476 0.0757274 0.0839321 0.0773062 0.165269 0.392312 0.153033 -0.196633 -0.270341 -0.0251028 0.235571 -0.0615225 -0.0238801 -0.091664 -0.0404746 0.0617634 0.145477 -0.0160419 0.253864 0.00345484
internal_weight=53699 39268 5053 34215 16533 5462 1548 14431 14121 6170 595 7951 7769 7711 5575 292 5283 407 182 3141 174 11071 4940 6131 2967 833 1912 369 188 3914
internal_count=53699 39268 5053 34215 16533 5462 1548 14431 14121 6170 595 7951 7769 7711 5575 292 5283 407 182 3141 174 11071 4940 6131 2967 833 1912 369 188 3914
cat_boundaries=0 1 2 3 4 5 6 7 8 9
cat_threshold=220556 5 4474038 337817 2 8200 65553 3078192 2621955
is_linear=0
shrinkage=0.05


Tree=62
num_leaves=31
num_cat=8
split_feature=0 10 11 2 3 0 11 0 1 8 11 11 8 2 11 7 8 11 8 8 2 11 0 2 1 1 8 10 11 8
split_gain=88210.6 12995.1 14681 9690.68 7811.46 21801.1 22531.8 15180 12730.4 7629.77 26444.5 14774 10625 11267.7 14962.5 9846.65 23397.9 9411.15 23822.3 10757.3 9196.66 8215.54 10385.3 8033.38 7930.68 6937.85 6135.24 5715.8 7143.06 6750.82
threshold=66.500000000000014 5.3500000000000005 0 86.100000000000009 1.0000000180025095e-35 32.500000000000007 1 44.500000000000007 49.833333333333336 7.901041666666667 2 3 4.7552083333333348 86.63333333333334 4 2.5000000000000004 10.718750000000002 5 6.9687500000000009 7.0312500000000009 20.900000000000002 6 83.500000000000014 74.90000000000002 39.833333333333336 68.166666666666671 4.0937500000000009 6.9500000000000011 7 9.7708333333333339
decision_type=2 2 1 2 2 2 1 2 2 2 1 1 2 2 1 2 2 1 2 2 2 1 2 2 2 2 2 2 1 2
left_child=1 3 -3 4 5 25 -7 -6 -9 11 15 -2 13 14 -13 16 -11 18 -14 -19 -12 22 -22 -18 -17 -1 -15 -4 29 -29
right_child=9 2 27 -5 7 6 -8 8 -10 10 20 12 17 26 -16 24 23 19 -20 -21 21 -23 -24 -25 -26 -27 -28 28 -30 -31
leaf_value=-0.05103469519469514 0.037039421700423306 0.15604022947018562 -0.050819686697700366 0.51501591158540627 -0.76159552401648123 -0.12509219688798887 0.46039020541586395 -0.3570596683748633 0.038010582342757705 0.13600748767646872 -0.4561628948558461 0.27200063344546788 0.91598303431128891 0.28437321477764127 -0.15882979644582843 0.57932390654296206 1.1343493409778762 0.14986844513934602 0.16102519939977228 0.34152755852157696 -0.45318812921356699 0.057992264169665943 -0.037273062751454381 0.56211891618111864 -0.081243190648300323 -0.59837076602310979 -0.12557860273453925 0.16767938437786969 -0.056964796511209115 0.73783296067267656
leaf_weight=32634 2787 1692 3019 76 104 268 411 342 505 347 110 268 166 589 725 57 92 3570 282 921 182 2454 856 184 224 58 108 275 329 64
leaf_count=32634 2787 1692 3019 76 104 268 411 342 505 347 110 268 166 589 725 57 92 3570 282 921 182 2454 856 184 224 58 108 275 329 64
internal_value=0.000254308 -0.0376582 0.034612 -0.0489594 -0.0502083 -0.0461815 0.23424 -0.191509 -0.12151 0.108575 0.0550681 0.134181 0.174702 0.0667512 -0.0414136 0.295194 0.409285 0.211994 0.43114 0.188753 -0.00599971 0.0081635 -0.109147 0.752862 0.0527508 -0.0520057 0.220851 -0.0214776 0.110811 0.26743
internal_weight=53699 39777 5379 34398 34322 33371 679 951 847 13922 4506 9416 6629 1690 993 904 623 4939 448 4491 3602 3492 1038 276 281 32692 697 3687 668 339
internal_count=53699 39777 5379 34398 34322 33371 679 951 847 13922 4506 9416 6629 1690 993 904 623 4939 448 4491 3602 3492 1038 276 281 32692 697 3687 668 339
cat_boundaries=0 1 2 3 4 5 6 7 8
cat_threshold=678284 6818330 3148802 3279938 573952 8208 553008 3178499
is_linear=0
shrinkage=0.05


Tree=63
num_leaves=31
num_cat=9
split_feature=0 0 10 3 0 5 9 11 11 1 1 11 10 8 10 11 1 1 9 11 1 10 8 8 11 1 11 1 0 8
split_gain=79785.7 9857.18 7787.97 9174.39 18499 12018 13772.3 10271.2 9283.35 7251.13 8184.92 14966.1 12885.1 9409.16 9230.78 6789.29 9548.85 8048.21 6608.61 7752.06 8261.17 7418.04 15797.8 6609.73 24763.7 14441.2 9437.65 8930.2 6519.98 5944.22
threshold=14.500000000000002 89.500000000000014 5.2500000000000009 1.0000000180025095e-35 44.500000000000007 1.0000000180025095e-35 0 1 2 63.416666666666679 58.416666666666679 3 4.4500000000000011 4.1718750000000009 4.9500000000000011 4 20.166666666666668 62.166666666666679 5 6 89.833333333333357 4.4500000000000011 7.0989583333333348 3.7447916666666674 7 44.166666666666679 8 40.416666666666679 92.500000000000014 2.7031250000000004
decision_type=2 2 2 2 2 2 1 1 1 2 2 1 2 2 2 1 2 2 1 1 2 2 2 2 1 2 1 2 2 2
left_child=9 2 3 5 -5 8 -7 -6 -2 10 29 12 -12 -13 -15 16 -4 -18 19 21 -21 22 -3 24 -20 -26 28 -28 -25 -1
right_child=1 18 15 4 7 6 -8 -9 -10 -11 11 13 -14 14 -16 -17 17 -19 23 20 -22 -23 -24 26 25 -27 27 -29 -30 -31
leaf_value=0.47336314873261887 -0.37876348834411777 0.20837697046143666 0.66294493883558847 -0.80651901241664481 -0.18618024209710937 0.075447584675939539 0.52233630906957307 0.035138830006606461 0.030821854676128847 -0.46527445614337926 -0.69031378187631309 0.97882975723062238 0.11937800448575467 0.022315595865249636 0.67696947256724049 0.051127969434004286 -0.012860587722546347 0.2787688461318612 0.3181785909278052 0.90673840785848692 0.28486455969888308 0.18288445557866778 -0.82162472539477882 0.058732042376708204 -1.0044606681053456 -0.13574946964390103 0.43576240846570935 0.13819652429129534 -0.25185977649458208 -0.046852875741964874
leaf_weight=55 143 91 103 82 795 517 258 1499 1435 102 76 56 139 150 84 2335 407 565 340 58 674 511 63 2542 52 598 265 5194 181 34329
leaf_count=55 143 91 103 82 795 517 258 1499 1435 102 76 56 139 150 84 2335 407 565 340 58 674 511 63 2542 52 598 265 5194 181 34329
internal_value=0.000247575 0.0835992 0.0422407 0.000708102 -0.0685964 0.0706901 0.231932 -0.0422191 -0.00850015 -0.0443165 -0.0430858 0.156746 -0.159424 0.383424 0.25732 0.0998383 0.203275 0.156657 0.115449 0.216946 0.329635 0.0898576 -0.212987 0.0996441 -0.0222703 -0.202137 0.114517 0.152362 0.0379474 -0.0460207
internal_weight=53699 18708 8139 4729 2376 2353 775 2294 1578 34991 34889 505 215 290 234 3410 1075 972 10569 1397 732 665 154 9172 990 650 8182 5459 2723 34384
internal_count=53699 18708 8139 4729 2376 2353 775 2294 1578 34991 34889 505 215 290 234 3410 1075 972 10569 1397 732 665 154 9172 990 650 8182 5459 2723 34384
cat_boundaries=0 1 2 3 4 5 6 7 8 9
cat_threshold=10 1102156 2113537 3310373 86156 4 4669591 3058178 2542112
is_linear=0
shrinkage=0.05


Tree=64
num_leaves=31
num_cat=8
split_feature=1 10 11 9 10 11 8 2 11 5 1 3 10 3 8 11 8 2 1 8 11 2 1 11 2 10 6 8 10 11
split_gain=72370.6 11841.5 11589.5 8947.87 16557.8 11308.1 7170.96 6212.75 17339.6 14659.3 9251.22 12120.7 6190.35 6257.79 6088.88 22058.1 6964.79 5373.1 11802.4 5230.71 5010.82 11455.8 4750.46 4626.83 6612 4531.85 4468.99 4408.47 4098.14 5636.5
threshold=54.500000000000007 5.3500000000000005 0 1 4.3500000000000005 2 6.947916666666667 103.7 3 1.2250000000000003 112.83333333333336 1.5000000000000002 12.350000000000003 1.5000000000000002 16.135416666666671 4 15.208333333333334 18.300000000000001 12.16666666666667 14.47916666666667 5 86.100000000000009 105.16666666666667 6 29.225000000000005 4.7500000000000009 1.0000000180025095e-35 6.7968750000000009 4.5500000000000007 7
decision_type=2 2 1 1 2 1 2 2 1 2 2 2 2 2 2 1 2 2 2 2 1 2 2 1 2 2 2 2 2 1
left_child=1 3 17 4 23 6 -6 12 9 10 -9 -12 13 14 16 -16 -2 18 27 -4 21 -15 -22 24 -1 -7 -25 -3 -5 -30
right_child=7 2 19 28 5 25 -8 8 -10 -11 11 -13 -14 20 15 -17 -18 -19 -20 -21 22 -23 -24 26 -26 -27 -28 -29 29 -31
leaf_value=-0.013281151957821586 0.095767104333053188 -0.02139875676436543 -0.035905349281044135 -0.091968104038992249 0.026392185463800701 -0.025419476804089874 0.23803234747550284 0.31140775183359021 0.057974452588860685 0.1008144745931906 1.621557678744711 0.58551340837370269 0.49244364106908761 0.075046095876924457 -0.46853968263688417 0.13638952871881579 0.64494725989884349 0.050069876460212194 0.7053758398496679 0.21809940106033732 -0.19727485520499094 -0.89410305801158152 0.31849276682861699 -0.27995028465501659 0.31385151821942558 0.10826978340265479 -0.063860260669165447 0.23449627495826453 -0.00013366977997049054 -0.08446455698595276
leaf_weight=1917 12506 241 3072 9749 638 2942 1074 52 524 102 58 55 94 62 210 470 58 853 112 217 98 60 82 246 168 808 8740 558 3857 4076
leaf_count=1917 12506 241 3072 9749 638 2942 1074 52 524 102 58 55 94 62 210 470 58 853 112 217 98 60 82 246 168 808 8740 558 3857 4076
internal_value=0.000239555 -0.0349486 0.0364991 -0.0455003 -0.0190145 0.0522122 0.158237 0.0959897 0.232223 0.551371 0.863314 1.11729 0.0880893 0.0852834 0.0904152 -0.0553114 0.0983023 0.139461 0.224691 -0.0190887 -0.139768 -0.371162 0.0357025 -0.0541721 0.0130153 0.0033771 -0.0696984 0.157311 -0.0702146 -0.0435698
internal_weight=53699 39268 5053 34215 16533 5462 1712 14431 791 267 165 113 13640 13546 13244 680 12564 1764 911 3289 302 122 180 11071 2085 3750 8986 799 17682 7933
internal_count=53699 39268 5053 34215 16533 5462 1712 14431 791 267 165 113 13640 13546 13244 680 12564 1764 911 3289 302 122 180 11071 2085 3750 8986 799 17682 7933
cat_boundaries=0 1 2 3 4 5 6 7 8
cat_threshold=89484 5 4998326 32857 1196226 2146497 2367536 6859730
is_linear=0
shrinkage=0.05


Tree=65
num_leaves=31
num_cat=7
split_feature=0 10 11 2 9 10 11 11 8 8 8 5 10 10 1 2 2 8 11 8 2 8 8 2 1 8 5 10 11 11
split_gain=66290.3 9900.98 12143 8556.15 7500.8 9454.07 7634.25 6880.12 15672.9 8653.42 40379.5 22832.2 10322.8 7236.92 9989.48 10734.8 10329.9 26759.4 9492.02 9817.64 18356.1 7927.3 7195.36 6702.14 6606.71 6128.63 5527.01 6170.64 5506.92 5218.57
threshold=66.500000000000014 5.3500000000000005 0 86.100000000000009 1 4.2500000000000009 2 3 14.770833333333334 3.7447916666666674 4.1718750000000009 0.55000000000000016 4.1500000000000012 4.5500000000000007 30.833333333333339 29.225000000000005 94.100000000000009 12.890625000000002 4 7.994791666666667 35.900000000000006 14.083333333333334 5.2812500000000009 74.550000000000011 94.166666666666671 6.901041666666667 0.77500000000000013 6.0500000000000007 5 6
decision_type=2 2 1 2 1 2 1 1 2 2 2 2 2 2 2 2 2 2 1 2 2 2 2 2 2 2 2 2 1 1
left_child=1 3 23 4 5 28 -7 8 9 29 11 -11 -12 18 15 -15 22 -18 21 24 -21 25 -16 26 -20 -9 -3 -28 -1 -2
right_child=7 2 -4 -5 -6 6 -8 13 -10 10 12 -13 -14 14 16 -17 17 -19 19 20 -22 -23 -24 -25 -26 -27 27 -29 -30 -31
leaf_value=0.042447349898326436 -0.3796010365119068 0.15873772712503473 -0.016260513085805003 0.48742813640519195 -0.060881719679387436 -0.023098931698481699 0.088110464640392752 -0.0036568857670303372 -0.37776496193426501 0.34334397900987557 -0.54399402678852349 1.8261297821998597 0.067992951311226874 0.20337804452939467 0.018622128495680797 0.9954366032566343 0.2269159728132451 1.3943819301685803 0.16366480403044331 -0.78617795797494749 0.018861696889265055 0.44084850379398893 0.14524233365883163 0.58597733733199886 -0.15921188542509782 -0.34075183348409066 0.26713009881973265 -0.42989863212081209 -0.080414892145131686 0.0079376394166327264
leaf_weight=1123 154 1272 3886 76 22255 3147 3015 252 221 54 71 50 2336 110 1479 70 539 54 2329 78 768 56 4648 84 170 290 50 87 4782 193
leaf_count=1123 154 1272 3886 76 22255 3147 3015 252 221 54 71 50 2336 110 1479 70 539 54 2329 78 768 56 4648 84 170 290 50 87 4782 193
internal_value=0.000224237 -0.0326417 0.0304408 -0.0425063 -0.0436797 -0.0118941 0.0314201 0.0941267 0.0278167 0.0592763 0.0916189 1.05622 0.049941 0.112827 0.143809 0.511401 0.133963 0.333228 0.0588945 0.0915866 -0.0553618 -0.123441 0.114677 0.151092 0.1417 -0.184021 0.126238 -0.175509 -0.0571135 -0.174764
internal_weight=53699 39777 5379 34398 34322 12067 6162 13922 3079 2858 2511 104 2407 10843 6900 180 6720 593 3943 3345 846 598 6127 1493 2499 542 1409 137 5905 347
internal_count=53699 39777 5379 34398 34322 12067 6162 13922 3079 2858 2511 104 2407 10843 6900 180 6720 593 3943 3345 846 598 6127 1493 2499 542 1409 137 5905 347
cat_boundaries=0 1 2 3 4 5 6 7
cat_threshold=678028 1 1807137 675904 3145745 2662432 4160
is_linear=0
shrinkage=0.05


Tree=66
num_leaves=31
num_cat=8
split_feature=0 9 10 2 11 2 1 11 10 2 11 2 10 4 2 11 8 10 11 8 7 1 8 5 2 2 11 5 9 10
split_gain=60100.1 10765.4 11241.1 8772.39 12919.6 10219 8613.43 7373.24 10431.6 6923.36 7094.26 7359.93 9733.43 6844.18 7818.29 10685.9 7892.01 6104.74 5073.83 5257.79 6477.05 5028.44 4843.37 4536.82 4273.81 4251.04 5558.18 4032.35 8140.46 3993.89
threshold=1.0000000180025095e-35 0 9.2500000000000018 40.100000000000009 1 38.45000000000001 20.166666666666668 2 5.1500000000000012 29.900000000000002 3 80.90000000000002 5.4500000000000011 0.83333333333333337 65.90000000000002 4 11.114583333333334 4.4500000000000011 5 20.927083333333336 3.5000000000000004 31.416666666666668 7.8437500000000009 0.55000000000000016 36.900000000000006 60.225000000000009 6 1.0000000180025095e-35 7 6.2500000000000009
decision_type=2 1 2 2 1 2 2 1 2 2 1 2 2 2 2 1 2 2 1 2 2 2 2 2 2 2 1 2 1 2
left_child=13 9 3 4 6 -6 -3 8 -5 -2 17 -12 -13 14 18 -16 23 22 27 24 -21 -9 -11 -17 -20 -4 -27 29 -29 -1
right_child=1 2 25 7 5 -7 -8 21 -10 10 11 12 -14 -15 15 16 -18 -19 19 20 -22 -23 -24 -25 -26 26 -28 28 -30 -31
leaf_value=-0.027570216190449099 0.65961431156505235 -0.0032200907545318889 0.72337678675850237 -0.096014882882373587 0.069132645587930738 -0.370290730279075 -0.20567943766951802 0.33370652166760972 0.088507858389873351 -0.013721641614323571 0.69524973603812135 0.27863105651466535 -0.26703785946292263 -0.53303348262545092 0.58357912302017212 0.322076427936554 0.57337502398580875 0.12928208150624021 -0.054121167998543621 0.63314556245505815 0.04048108200774278 0.088779644097709887 -0.60778732505337951 -0.19982816129209893 -0.16120504767163513 0.41687420141973636 -0.048657889531127048 0.24436578962910041 -0.060771739392517912 0.22422858518260866
leaf_weight=5646 77 1108 60 1390 3862 137 999 214 1706 84 88 674 93 71 105 52 53 370 23639 50 591 10091 58 209 970 176 102 435 427 162
leaf_count=5646 77 1108 60 1390 3862 137 999 214 1706 84 88 674 93 71 105 52 53 370 23639 50 591 10091 58 209 970 176 102 435 427 162
internal_value=0.000209098 0.065475 0.055781 0.0508556 0.00118225 0.0539437 -0.0987443 0.0734887 0.00564511 0.19695 0.17233 0.259127 0.212468 -0.0426618 -0.0415852 0.172994 0.0165826 0.0218967 -0.0444019 -0.0546381 0.0867108 0.0937749 -0.256368 -0.0958472 -0.058342 0.341691 0.259313 -0.00556151 0.0953428 -0.0205469
internal_weight=53699 21289 19845 19507 6106 3999 2107 13401 3096 1444 1367 855 767 32410 32339 419 314 512 31920 25250 641 10305 142 261 24609 338 278 6670 862 5808
internal_count=53699 21289 19845 19507 6106 3999 2107 13401 3096 1444 1367 855 767 32410 32339 419 314 512 31920 25250 641 10305 142 261 24609 338 278 6670 862 5808
cat_boundaries=0 1 2 3 4 5 6 7 8
cat_threshold=4 2638437 1628160 6684822 6554690 2640016 1085440 5
is_linear=0
shrinkage=0.05


Tree=67
num_leaves=31
num_cat=11
split_feature=0 10 9 11 8 9 10 11 8 9 10 10 1 1 8 11 8 8 11 8 11 11 1 10 10 6 1 8 11 11
split_gain=54798.4 8692.82 11379.2 8512.45 7077.03 6870.86 9654.04 12433.7 10270.4 6689.52 19680.4 10021.7 8594.97 6816.99 6432.98 24270.3 17226.5 32174.9 13233 8150.74 16656.3 8081.85 13924.5 12103.5 6487.84 6343.3 6158.8 5988.77 9224.24 9076.63
threshold=66.500000000000014 4.6500000000000012 0 1 3.2343750000000004 2 4.0500000000000007 3 10.192708333333334 4 7.2500000000000009 7.1500000000000012 71.166666666666671 50.416666666666679 7.901041666666667 5 13.927083333333336 14.083333333333334 6 7.166666666666667 7 8 112.16666666666667 4.0500000000000007 5.5500000000000007 2.5000000000000004 23.166666666666668 5.2812500000000009 9 10
decision_type=2 2 1 1 2 1 2 1 2 1 2 2 2 2 2 1 2 2 1 2 1 1 2 2 2 2 2 2 1 1
left_child=1 5 3 -3 -5 6 -1 26 -9 10 11 -4 -11 -12 18 16 -16 -18 27 -20 -21 22 24 -23 -17 -6 -8 29 -29 -2
right_child=14 2 9 4 25 -7 7 8 -10 12 13 -13 -14 -15 15 21 17 -19 19 20 -22 23 -24 -25 -26 -27 -28 28 -30 -31
leaf_value=-0.061335921117078612 0.31904770679410493 -0.00030977474050278102 -0.0052042067449797795 -0.17772875428199769 0.4088087116955843 -0.079707373607757648 -0.027977437866542679 0.045392095173074118 0.2777577722858684 -0.065450451042892918 0.22041498449375729 -0.70128773806186828 -0.59038243236951526 0.68583882659409956 0.12939515687170483 -0.32498515245735005 1.5620599647930691 0.28042669422421723 0.042591534524817627 0.72855728212043758 -0.017427678650649137 -0.4870517625050112 0.55189792885247513 0.04738260033588762 -0.037851581925183508 0.13854862486614902 -0.23734905239690113 0.072735760313677317 0.28087583198589916 0.019054047856745724
leaf_weight=8567 325 824 9216 100 412 9974 2604 3061 563 3087 259 52 80 113 420 465 70 163 5086 123 179 110 66 2871 341 459 406 774 1888 1041
leaf_count=8567 325 824 9216 100 412 9974 2604 3061 563 3087 259 52 80 113 420 465 70 163 5086 123 179 110 66 2871 341 459 406 774 1888 1041
internal_value=0.000209215 -0.0296725 0.00101863 0.118555 0.2184 -0.047474 -0.0262546 0.019009 0.0812666 -0.0155354 0.00519776 -0.00910973 -0.0784627 0.361794 0.0855853 0.0364534 0.315837 0.665467 0.109097 0.0574703 0.309948 -0.0116853 -0.144671 0.0275693 -0.203506 0.266387 -0.0560321 0.177572 0.221686 0.0929039
internal_weight=53699 39777 14602 1795 971 25175 15201 6634 3624 12807 9640 9268 3167 372 13922 4506 653 233 9416 5388 302 3853 872 2981 806 871 3010 4028 2662 1366
internal_count=53699 39777 14602 1795 971 25175 15201 6634 3624 12807 9640 9268 3167 372 13922 4506 653 233 9416 5388 302 3853 872 2981 806 871 3010 4028 2662 1366
cat_boundaries=0 1 2 3 4 5 6 7 8 9 10 11
cat_threshold=5 35914 5 3367009 8 2100226 631729 4210756 544784 557568 33280
is_linear=0
shrinkage=0.05


Tree=68
num_leaves=31
num_cat=5
split_feature=0 9 10 2 11 2 1 11 8 2 10 1 4 2 11 8 2 10 0 2 8 11 4 8 2 10 2 10 2 8
split_gain=49920.5 9493.77 10077.8 7108.19 11691.2 9227.88 7919.57 6522.47 10441 6330.43 6399.62 6299.16 6181.63 6781.03 10008.3 12027.1 5501.04 7630.72 4862.58 4796.6 4634.39 6292.74 8213.5 5113.64 4314.87 3925.35 3843.56 4930.25 3832.76 7283.96
threshold=1.0000000180025095e-35 0 9.2500000000000018 40.100000000000009 1 38.45000000000001 20.166666666666668 2 15.781250000000002 29.900000000000002 4.4500000000000011 71.166666666666671 0.83333333333333337 65.90000000000002 3 6.885416666666667 78.450000000000017 5.4500000000000011 90.500000000000014 71.225000000000009 5.1927083333333348 4 0.58333333333333337 2.7031250000000004 0.36666666666666675 7.9500000000000011 85.90000000000002 10.450000000000001 68.90000000000002 6.0260416666666679
decision_type=2 1 2 2 1 2 2 1 2 2 2 2 2 2 1 2 2 2 2 2 2 1 2 2 2 2 2 2 2 2
left_child=12 9 3 4 6 -6 -3 8 -5 -2 11 -11 13 20 28 -16 -12 -18 -9 -17 23 22 -22 -1 -23 -25 27 -4 -15 -30
right_child=1 2 26 7 5 -7 -8 18 -10 10 16 -13 -14 14 15 19 17 -19 -20 -21 21 24 -24 25 -26 -27 -28 -29 29 -31
leaf_value=0.41266015385681731 0.62552308416985847 -0.0022443031587063029 0.12601592417421012 0.11265390247914059 0.065837928738757587 -0.3517329061335891 -0.19637774060199689 0.055213960440087341 0.55150856828199823 -0.52102827203684843 0.55889762594149672 0.067923522760209284 -0.50489332776674078 0.29710602386325013 0.90553219016594222 0.4797754452778743 0.22115408597330452 -0.25450654183664628 -0.12163397112842833 -0.15228500131150369 -0.052842189366192088 -0.022097929724733168 -0.41587199689466747 -0.077129534160785856 0.046662218521509709 -0.52176632785797128 0.15857806695784843 0.70038317774023329 -0.69582889220293831 0.022087599298228389
leaf_weight=53 77 1108 58 2595 3862 137 999 10259 143 58 104 209 71 51 79 52 903 93 404 71 11219 10699 158 6841 2900 50 175 105 51 115
leaf_count=53 77 1108 58 2595 3862 137 999 10259 143 58 104 209 71 51 79 52 903 93 404 71 11219 10699 158 6841 2900 50 175 105 51 115
internal_value=0.000211071 0.0596934 0.0505925 0.0459278 0.00121366 0.051404 -0.0938441 0.0663012 0.135081 0.18315 0.159572 -0.0600136 -0.0388608 -0.0378376 0.162001 0.404119 0.212871 0.17674 0.0484681 0.114928 -0.0404608 -0.0304152 -0.057833 -0.0765928 -0.0074293 -0.0803557 0.321303 0.496007 -0.0783912 -0.198477
internal_weight=53699 21289 19845 19507 6106 3999 2107 13401 2738 1444 1367 267 32410 32339 419 202 1100 996 10663 123 31920 24976 11377 6944 13599 6891 338 163 217 166
internal_count=53699 21289 19845 19507 6106 3999 2107 13401 2738 1444 1367 267 32410 32339 419 202 1100 996 10663 123 31920 24976 11377 6944 13599 6891 338 163 217 166
cat_boundaries=0 1 2 3 4 5
cat_threshold=4 2638437 65557 1229469 1246795
is_linear=0
shrinkage=0.05


Tree=69
num_leaves=31
num_cat=7
split_feature=0 10 11 2 3 0 11 0 1 9 11 0 0 11 10 5 10 11 10 9 10 2 2 0 10 10 1 2 2 2
split_gain=45281.6 7965.48 10314.2 7598.7 8148.12 17082 20505.6 12512.2 10825.1 6366.07 5431.08 6671.16 6028.04 8441.6 7934.9 5378.06 6618.14 6055.98 5079.93 10230.9 6868.14 4532.59 4650.71 8180.22 6842.31 4354.89 9022.39 5133.11 4309.24 4965.44
threshold=66.500000000000014 5.3500000000000005 0 86.100000000000009 1.0000000180025095e-35 32.500000000000007 1 44.500000000000007 49.833333333333336 2 3 72.500000000000014 72.500000000000014 4 4.0500000000000007 0.36666666666666675 5.0500000000000007 5 6.9500000000000011 6 7.2500000000000009 74.550000000000011 19.100000000000005 14.500000000000002 5.6500000000000012 6.7500000000000009 35.166666666666679 74.550000000000011 80.90000000000002 70.450000000000017
decision_type=2 2 1 2 2 2 1 2 2 1 1 2 2 1 2 2 2 1 2 1 2 2 2 2 2 2 2 2 2 2
left_child=1 3 21 4 5 9 -7 -6 -9 -1 11 -2 13 -12 -14 17 -17 -16 25 20 -20 22 23 -3 -24 27 -27 -4 29 -15
right_child=10 2 18 -5 7 6 -8 8 -10 -11 12 -13 14 28 15 16 -18 -19 19 -21 -22 -23 24 -25 -26 26 -28 -29 -30 -31
leaf_value=-0.10476200616365612 0.35818615851116009 0.14097959150578032 -0.04065049698350412 0.46359388091062242 -0.69880403217214804 -0.12692554348798321 0.43124537490786113 -0.33488773726776505 0.029420739295016426 -0.030642586752517548 -0.45094938011589786 0.10633125783668894 -0.24848541317857464 -0.043842565146816663 -0.10062686752501437 0.050717640579892559 0.15470252786604813 0.0718057498532821 0.056328591643547525 -0.041181543594734242 0.60208778813481334 0.46770541584805436 0.23874373168656532 0.64580609317623328 -0.069150756929342014 -0.039763979784079966 -0.74889808640335553 0.35617899151430249 -0.39054388161432946 0.37008477132022383
leaf_weight=3209 279 679 2729 76 104 268 411 342 505 29483 124 4565 197 263 833 3518 2708 1276 98 430 140 95 266 91 561 140 66 84 59 100
leaf_count=3209 279 679 2729 76 104 268 411 342 505 29483 124 4565 197 263 833 3518 2708 1276 98 430 140 95 266 91 561 140 66 84 59 100
internal_value=0.000200517 -0.0269628 0.0296189 -0.0358108 -0.0369166 -0.032804 0.215418 -0.18123 -0.117679 -0.0379595 0.0778096 0.120588 0.0547898 -0.106211 0.0651572 0.0725702 0.0959459 0.00356271 -0.0173973 0.107324 0.362147 0.131397 0.112214 0.200641 0.0298818 -0.0450515 -0.266962 -0.0288006 0.00563841 0.070187
internal_weight=53699 39777 5379 34398 34322 33371 679 951 847 32692 13922 4844 9078 546 8532 8335 6226 2109 3687 668 238 1692 1597 770 827 3019 206 2813 422 363
internal_count=53699 39777 5379 34398 34322 33371 679 951 847 32692 13922 4844 9078 546 8532 8335 6226 2109 3687 668 238 1692 1597 770 827 3019 206 2813 422 363
cat_boundaries=0 1 2 3 4 5 6 7
cat_threshold=678284 6818330 2 110000 1052736 1065537 8
is_linear=0
shrinkage=0.05


Tree=70
num_leaves=31
num_cat=8
split_feature=0 10 0 10 0 11 11 11 8 4 1 11 10 2 8 10 1 8 8 3 11 11 5 7 5 2 11 2 10 11
split_gain=41227.9 8321.44 7509.06 6546.06 8278.08 8813.08 8273.9 6810.21 7374.97 5763.89 6359.97 16525.7 9315.44 5699.03 5017.05 7862.36 6370.02 5016.17 39379.6 7979.3 6172.33 4634.16 11657.8 5385.69 3611.28 3588.69 5188.28 3038.58 2848.06 2668.68
threshold=1.0000000180025095e-35 9.2500000000000018 89.500000000000014 5.2500000000000009 85.500000000000014 0 1 2 4.0052083333333348 0.83333333333333337 58.416666666666679 3 4.9500000000000011 20.100000000000005 10.302083333333334 6.4500000000000011 1.0000000180025095e-35 20.973958333333336 20.380208333333339 1.5000000000000002 4 5 0.45000000000000007 1.5000000000000002 0.77500000000000013 60.225000000000009 6 81.100000000000009 10.350000000000003 7
decision_type=2 2 2 2 2 1 1 1 2 2 2 1 2 2 2 2 2 2 2 2 1 1 2 2 2 2 1 2 2 1
left_child=9 2 3 4 5 -2 -6 13 -9 10 14 12 24 -5 21 29 -17 18 19 -4 -19 23 -23 -1 -12 -3 28 -22 -27 -16
right_child=1 25 17 7 6 -7 -8 8 -10 -11 11 -13 -14 -15 15 16 -18 20 -20 -21 27 22 -24 -25 -26 26 -28 -29 -30 -31
leaf_value=0.07387693090024354 0.058715298727626777 0.65104938238859189 0.089490049050934328 0.55262778946786251 0.063127573262090272 -0.058497123509674558 -0.5175709890550183 0.22642149778041576 0.0079707478704530953 -0.48533058367984394 -0.65373311726252237 0.43375679126455768 0.28197292486826581 0.15317903652276441 0.055556569992408267 0.12354450555948111 0.73946311839165224 -0.38151887177274779 1.4206453977796165 -0.1122176104250438 -0.18358899224549532 -0.057273432679460029 -0.32906535337013859 -0.034336096068597798 -0.13567981661343184 0.7051009286124752 -0.068856627840016574 0.25936636873045743 0.26666072384128725 -0.026601866768816342
leaf_weight=1282 3271 60 9493 103 105 3127 145 450 2732 71 75 232 72 671 1360 130 62 120 55 517 64 13970 406 11150 61 53 102 98 123 3539
leaf_count=1282 3271 60 9493 103 105 3127 145 450 2732 71 75 232 72 671 1360 130 62 120 55 517 64 13970 406 11150 61 53 102 98 123 3539
internal_value=0.000187213 0.0542433 0.0502727 0.020704 -0.00960054 0.00142848 -0.291855 0.0716303 0.0387424 -0.0353203 -0.0343323 0.154465 -0.169745 0.203704 -0.0369365 0.00856609 0.322435 0.0805759 0.0864032 0.0790722 -0.127409 -0.0455777 -0.0649041 -0.0231584 -0.421371 0.300357 0.224668 0.0794663 0.377256 -0.00373495
internal_weight=53699 21289 20951 10604 6648 6398 250 3956 3182 32410 32339 440 208 774 31899 5091 192 10347 10065 10010 282 26808 14376 12432 136 338 278 162 176 4899
internal_count=53699 21289 20951 10604 6648 6398 250 3956 3182 32410 32339 440 208 774 31899 5091 192 10347 10065 10010 282 26808 14376 12432 136 338 278 162 176 4899
cat_boundaries=0 1 2 3 4 5 6 7 8
cat_threshold=4697456 4260538 147596 3295796 414916 7097268 1085440 709760
is_linear=0
shrinkage=0.05


Tree=71
num_leaves=31
num_cat=4
split_feature=0 9 10 9 10 9 0 6 2 10 1 4 1 2 10 8 2 10 8 10 1 7 8 7 1 7 2 10 9 10
split_gain=37183.3 8297.92 8068.92 6060.1 10292.5 7641.26 6154.9 11971.7 5868.57 5746.31 5716.61 5202.08 5821.61 10494.8 7153.11 7797.88 4989.44 6893.8 4582.43 7088.96 5748.94 4372.11 4077.73 4207.97 4059.52 3685.14 3446.43 4617.56 2990.71 2549.3
threshold=1.0000000180025095e-35 0 9.2500000000000018 1 4.9500000000000011 2 61.500000000000007 1.5000000000000002 29.900000000000002 4.4500000000000011 71.166666666666671 0.83333333333333337 56.833333333333336 49.100000000000009 4.5500000000000007 8.0833333333333339 78.450000000000017 5.4500000000000011 10.302083333333334 6.4500000000000011 1.0000000180025095e-35 3.5000000000000004 2.7031250000000004 1.5000000000000002 118.83333333333336 1.5000000000000002 85.90000000000002 10.450000000000001 3 11.550000000000002
decision_type=2 1 2 1 2 1 2 2 2 2 2 2 2 2 2 2 2 2 2 2 2 2 2 2 2 2 2 2 1 2
left_child=11 8 3 4 5 -3 7 -5 -2 10 -10 12 18 -14 -15 -16 -11 -18 22 28 -21 -8 -1 -24 -6 -12 27 -4 -20 -28
right_child=1 2 26 6 24 -7 21 -9 9 16 25 -13 13 14 15 -17 17 -19 19 20 -22 -23 23 -25 -26 -27 29 -29 -30 -31
leaf_value=0.39465877942319189 0.59277251540840448 0.052012016446465963 0.092604082617266437 -0.40561443009307246 0.08924694798630925 -0.038672442164048942 0.092534963451362098 -0.03111475827951013 -0.50311506205591661 0.52418981710305579 -0.059793209247056792 -0.46106405191018551 -0.46127450239090689 0.0014333278737603662 0.58298707474237199 -0.0953625636441367 0.20245127727051707 -0.24965821113637698 0.051180773208135792 0.11736727849795268 0.70248997173001693 -0.1203536639185179 0.014724156714015977 -0.051013869276902019 0.33305244341279783 0.43234446096420287 0.36768031405365986 0.64845883755456835 -0.031260706590100461 -0.022820552691536131
leaf_weight=53 77 5874 58 271 7009 3830 1029 1004 58 104 159 71 63 187 174 56 903 93 1652 130 62 315 2709 24009 175 50 69 105 3244 106
leaf_count=53 77 5874 58 271 7009 3830 1029 1004 58 104 159 71 63 187 174 56 903 93 1652 130 62 315 2709 24009 175 50 69 105 3244 106
internal_value=0.000173738 0.0515098 0.0430073 0.0388322 0.0497901 0.0162342 -0.0318956 -0.110714 0.166908 0.144141 -0.0639347 -0.0335472 -0.0326086 0.140223 0.231097 0.417824 0.194646 0.160236 -0.0352125 0.00828464 0.306313 0.0426392 -0.0434794 -0.0443485 0.095186 0.0579431 0.285237 0.45067 -0.00340276 0.131148
internal_weight=53699 21289 19845 19507 16888 9704 2619 1275 1444 1367 267 32410 32339 480 417 230 1100 996 31859 5088 192 1344 26771 26718 7184 209 338 163 4896 175
internal_count=53699 21289 19845 19507 16888 9704 2619 1275 1444 1367 267 32410 32339 480 417 230 1100 996 31859 5088 192 1344 26771 26718 7184 209 338 163 4896 175
cat_boundaries=0 1 2 3 4
cat_threshold=4 9 1 1
is_linear=0
shrinkage=0.05


Tree=72
num_leaves=31
num_cat=6
split_feature=0 9 10 11 2 10 8 11 8 11 1 1 1 11 10 4 11 8 8 1 10 1 8 2 10 5 3 8 10 8
split_gain=33558 7488.83 7282.18 6467.01 8178.88 7365.77 5676.29 16701.2 17072.7 11915.3 6500.61 4750.07 5141.04 12116.8 8585.74 4716.58 9041.61 6168.64 4698.66 8511.18 4691.65 4446.79 4265.82 3957.38 3503.78 3497.48 3380.93 4471.65 5714.03 5359.15
threshold=1.0000000180025095e-35 0 9.2500000000000018 1 77.225000000000009 5.4500000000000011 7.901041666666667 2 13.927083333333336 3 89.833333333333357 71.166666666666671 58.416666666666679 4 4.9500000000000011 0.58333333333333337 5 6.3177083333333348 5.1927083333333348 25.833333333333339 4.3500000000000005 50.416666666666679 2.7031250000000004 90.100000000000009 4.8500000000000005 0.77500000000000013 1.0000000180025095e-35 6.947916666666667 4.4500000000000011 5.947916666666667
decision_type=2 1 2 1 2 2 2 1 2 1 2 2 2 1 2 2 1 2 2 2 2 2 2 2 2 2 2 2 2 2
left_child=11 3 6 26 20 24 9 8 -8 -3 -11 12 15 14 25 18 21 -18 22 -20 -5 -17 -1 -9 -6 -14 -2 29 -29 -28
right_child=1 2 -4 4 5 -7 7 23 -10 10 -12 -13 13 -15 -16 16 17 -19 19 -21 -22 -23 -24 -25 -26 -27 27 28 -30 -31
leaf_value=0.38796064760170734 0.27825455172703817 -0.026297856577934178 0.27097535494428415 0.32138302226861321 0.16388601688450627 -0.23717530183894661 0.0027387721483240427 -0.084806880958232869 0.27121839197934605 0.059143420304795663 0.15172580425868096 -0.48009689258316818 -0.61392360687255865 0.37050634350776673 0.28092761739095051 -0.57605284375497712 0.41258611759623964 -0.12359027712773055 -0.026240665539720695 0.13702958042577776 0.90734616187902606 -0.13764986536836113 -0.071038863385486511 0.13120008290011798 0.4154582492560529 -0.1017604305346807 -0.046623585820198064 -0.51951248720288279 -0.016556519349493707 0.53770189674601698
leaf_weight=51 104 3330 338 72 471 93 1746 3432 896 7318 2559 59 75 240 75 153 74 195 23723 826 65 93 6786 226 196 60 110 80 192 61
leaf_count=51 104 3330 338 72 471 93 1746 3432 896 7318 2559 59 75 240 75 153 74 195 23723 826 65 93 6786 226 196 60 110 80 192 61
internal_value=0.000165361 0.0489347 0.0408572 0.158562 0.241102 0.179688 0.0368909 -0.0021607 0.0934365 0.0555193 0.0830462 -0.0318695 -0.031052 0.136769 -0.141274 -0.0334194 -0.183507 0.0230511 -0.0309566 -0.0207471 0.599395 -0.394287 -0.067615 -0.0712666 0.237811 -0.386296 0.0213103 -0.0385296 -0.164485 0.16182
internal_weight=53699 21289 19845 1444 897 760 19507 6300 2642 13207 9877 32410 32351 450 210 31901 515 269 31386 24549 137 246 6837 3658 667 135 547 443 272 171
internal_count=53699 21289 19845 1444 897 760 19507 6300 2642 13207 9877 32410 32351 450 210 31901 515 269 31386 24549 137 246 6837 3658 667 135 547 443 272 171
cat_boundaries=0 1 2 3 4 5 6
cat_threshold=4 4587671 3353738 3279874 3295796 1529609
is_linear=0
shrinkage=0.05


Tree=73
num_leaves=31
num_cat=9
split_feature=2 10 11 9 11 11 8 11 0 2 8 8 8 0 10 11 9 10 6 11 0 0 8 1 0 11 8 8 5 1
split_gain=30618 6132.01 15485 6542.11 16304.4 7422.38 7878.85 14072.7 7308.03 6140.85 6791.19 5829.97 5670.67 5668.23 5442.5 8094.88 6503.55 13012.8 7969.32 9506.02 7554.28 7334.59 5376.22 4331.5 7180.06 5323.28 4242.26 6769.35 4019.65 4010.31
threshold=27.450000000000003 4.3500000000000005 0 1 2 3 15.781250000000002 4 70.500000000000014 103.7 9.3333333333333339 5.5260416666666679 3.7447916666666674 91.500000000000014 6.4500000000000011 5 6 4.0500000000000007 1.0000000180025095e-35 7 13.500000000000002 88.500000000000014 4.0416666666666679 42.166666666666679 42.500000000000007 8 6.1927083333333348 7.135416666666667 1.0000000180025095e-35 28.166666666666668
decision_type=2 2 1 1 1 1 2 1 2 2 2 2 2 2 2 1 1 2 2 1 2 2 2 2 2 1 2 2 2 2
left_child=14 2 28 4 23 6 11 -8 22 13 -11 -5 -10 -7 16 -16 17 -1 19 -19 -20 -18 -6 25 -25 -3 -17 -28 -2 -30
right_child=1 3 -4 5 8 9 7 -9 12 10 -12 -13 -14 -15 15 26 21 18 20 -21 -22 -23 -24 24 -26 -27 27 -29 29 -31
leaf_value=-0.049213335817119883 -0.67687529678697944 -0.26342201997404513 0.050937493636710157 0.011087508554025641 0.31894944657253316 0.041749232084949468 0.73790773693202194 0.05325315888039768 -0.21796981957223682 0.15673036924801076 0.77112779024128741 0.13164506645177182 0.24980116637014832 -0.22738909150660036 -0.043092556945341663 0.0067780368480106325 -0.049972516733090042 0.020800204724724117 0.011915339955543454 0.50572301069995262 0.19288205544513615 -0.51282784730889075 -0.13597564761080358 -0.56409960229248901 -0.1609002409610891 0.17809762493042011 0.53161693762011708 0.094314045352595188 0.17176078788021154 -0.27563885971723401
leaf_weight=8387 54 105 1468 1325 79 8954 128 182 72 333 52 4124 647 200 609 149 17973 219 5668 189 642 86 365 137 569 158 187 168 57 413
leaf_count=8387 54 105 1468 1325 79 8954 128 182 72 333 52 4124 647 200 609 149 17973 219 5668 189 642 86 365 137 569 158 187 168 57 413
internal_value=0.000160298 0.0503171 -0.0327882 0.0598148 -0.0222753 0.0712233 0.116077 0.361471 0.103575 0.0440501 0.239714 0.10233 0.202959 0.035869 -0.0282595 0.0804966 -0.0319094 -0.00767342 0.0441751 0.258339 0.0303275 -0.0521478 -0.0550318 -0.172837 -0.239141 -0.00141875 0.2262 0.324668 -0.263295 -0.22138
internal_weight=53699 19422 1992 17430 2132 15298 5759 310 1163 9539 385 5449 719 9154 34277 1113 33164 15105 6718 408 6310 18059 444 969 706 263 504 355 524 470
internal_count=53699 19422 1992 17430 2132 15298 5759 310 1163 9539 385 5449 719 9154 34277 1113 33164 15105 6718 408 6310 18059 444 969 706 263 504 355 524 470
cat_boundaries=0 1 2 3 4 5 6 7 8 9
cat_threshold=7393288 2 5087105 6630673 2162704 2147904 5 3887173 4490369
is_linear=0
shrinkage=0.05


Tree=74
num_leaves=31
num_cat=7
split_feature=1 10 9 11 11 5 5 0 10 9 0 11 10 11 1 0 2 1 8 8 8 8 10 11 10 3 0 0 8 8
split_gain=27804 5770.51 9946.23 7127.16 6907.13 6744.37 5942.74 6527.28 5888.55 5581.34 7240.37 9799.17 6307.83 10053.4 14111.6 6833.64 5244.53 9079.75 5065.88 27532.2 8726.9 7425.48 6607.36 5954.06 9331.12 5950.09 16369.2 6255.95 5050.96 4484.78
threshold=46.416666666666679 4.5500000000000007 0 1 2 0.45000000000000007 0.63333333333333341 12.500000000000002 5.4500000000000011 3 3.5000000000000004 4 4.0500000000000007 5 24.166666666666668 1.0000000180025095e-35 4.291666666666667 29.833333333333339 21.083333333333339 20.927083333333336 17.057291666666668 20.994791666666668 5.3500000000000005 6 5.3500000000000005 1.5000000000000002 141.00000000000003 102.50000000000001 10.718750000000002 5.1927083333333348
decision_type=2 2 1 1 1 2 2 2 2 1 2 1 2 1 2 2 2 2 2 2 2 2 2 1 2 2 2 2 2 2
left_child=1 9 3 5 6 8 7 -4 -3 12 -11 -12 -1 15 -15 -14 29 -18 19 20 25 -21 -22 -20 -25 27 -27 -2 -13 -5
right_child=18 2 4 16 -6 -7 -8 -9 -10 10 11 28 13 14 -16 -17 17 -19 23 21 22 -23 -24 24 -26 26 -28 -29 -30 -31
leaf_value=-0.045881116285766771 0.063766549410900791 0.0086514101619302366 0.0032042074143708455 -0.21260263497630755 -0.048004326976115105 -0.48775487192093386 -0.35328558774292473 0.13056108665902452 0.4946536821477554 -0.054385702765923499 -0.030349787548758989 -0.33049853541512297 0.054887090772482952 0.0054089020389410034 -0.27937424242254494 0.2592200331182119 0.55844833289252394 0.11633213253691793 0.15812104619288631 1.2669155567884447 -0.039863474195202198 0.4293502367740753 -0.62871579857943938 -0.50635973520767996 0.13755470211194321 -0.96563577458262451 -0.015181795467479595 0.60799646242609562 -0.86604665342499221 0.17353512976286392
leaf_weight=8574 14295 747 3932 96 6501 63 100 1352 68 8904 379 322 2213 3027 508 502 225 240 119 55 120 51 79 156 88 50 482 53 51 347
leaf_count=8574 14295 747 3932 96 6501 63 100 1352 68 8904 379 322 2213 3027 508 502 225 240 119 55 120 51 79 156 88 50 482 53 51 347
internal_value=0.000163831 -0.0228043 0.00321708 0.112889 -0.0133474 0.0105524 0.0285111 0.0357906 0.0492013 -0.037336 -0.066899 -0.215951 -0.0180221 0.0201671 -0.0354159 0.0923279 0.210651 0.330259 0.0565219 0.0609346 0.0552898 0.863936 -0.273629 -0.128071 -0.263336 0.0596887 -0.10451 0.0657769 -0.393183 0.0898574
internal_weight=53699 38151 13671 1786 11885 878 5384 5284 815 24480 9656 752 14824 6250 3535 2715 908 465 15548 15185 15079 106 199 363 244 14880 532 14348 373 443
internal_count=53699 38151 13671 1786 11885 878 5384 5284 815 24480 9656 752 14824 6250 3535 2715 908 465 15548 15185 15079 106 199 363 244 14880 532 14348 373 443
cat_boundaries=0 1 2 3 4 5 6 7
cat_threshold=5 199755 4844440 5 5573660 822526 6359569
is_linear=0
shrinkage=0.05


Tree=75
num_leaves=31
num_cat=10
split_feature=0 9 10 2 4 9 11 10 11 11 10 11 1 4 1 11 10 8 5 8 10 8 11 2 2 7 2 11 11 5
split_gain=25355.9 6487.92 6413.74 10554.3 9115.96 7473.83 18290.1 7282.15 10556 7840.27 6601.16 6008.48 9485.62 4497.01 4440.89 12082.3 8040.77 5526.54 4607.12 4222.65 4743.44 4211.65 4184.92 5717.31 4099.2 3978.27 3908.63 3272.86 3247.05 2632.39
threshold=1.0000000180025095e-35 0 6.9500000000000011 18.300000000000001 1.0000000180025095e-35 1 2 4.9500000000000011 3 4 7.0500000000000007 5 60.416666666666679 0.83333333333333337 56.833333333333336 6 4.9500000000000011 4.8645833333333348 0.55000000000000016 21.031250000000004 5.6500000000000012 7.8437500000000009 7 36.900000000000006 64.63333333333334 2.5000000000000004 79.225000000000009 8 9 1.0000000180025095e-35
decision_type=2 1 2 2 2 1 1 2 1 1 2 1 2 2 2 1 2 2 2 2 2 2 1 2 2 2 2 1 1 2
left_child=13 11 5 -4 24 7 25 8 -3 -9 -6 21 -13 14 19 17 18 -16 -17 22 28 -2 29 -24 -5 -7 -23 -14 -21 -1
right_child=1 2 3 4 10 6 -8 9 -10 -11 -12 12 27 -15 15 16 -18 -19 -20 20 -22 26 23 -25 -26 -27 -28 -29 -30 -31
leaf_value=-0.010421163722319535 0.10677070563743965 -0.17055827606633966 0.6705656200026473 -0.28774565579586253 0.55396182913333181 -0.036938359470417105 -0.25675742138947405 0.18153158080276527 0.025070985254349299 0.048386525375864554 0.13168670794028256 0.74598021745681775 0.054204966982611083 -0.4251801099575741 0.87005953407287606 -0.64709568507969384 0.26817349610121355 0.27042783922459707 -0.11173435935267695 -0.056583583759872817 0.56371738995611664 -0.53994099075143998 -0.03711411220247697 -0.16379011779171623 0.02034401524683525 0.14366499692862553 -0.028880778228879994 0.26072733534163478 0.16990883063430651 0.078880051603359258
leaf_weight=6559 373 737 84 172 100 600 759 1434 8967 4840 1242 80 353 71 50 64 92 166 108 312 50 55 22761 927 290 620 117 466 306 944
leaf_count=6559 373 737 84 172 100 600 759 1434 8967 4840 1242 80 353 71 50 64 92 166 108 312 50 55 22761 927 290 620 117 466 306 944
internal_value=0.000156382 0.0425488 0.0350345 0.122715 0.0972054 0.0258353 -0.0656295 0.0371817 0.0100634 0.0791849 0.163153 0.144574 0.22383 -0.0276897 -0.026817 0.124134 -0.105144 0.391124 -0.310939 -0.0290913 0.0952951 0.0121616 -0.0317552 -0.0420537 -0.094356 0.0543978 -0.192301 0.175559 0.0573969 0.000813304
internal_weight=53699 21289 19845 1888 1804 17957 1979 15978 9704 6274 1342 1444 899 32410 32339 480 264 216 172 31859 668 545 31191 23688 462 1220 172 819 618 7503
internal_count=53699 21289 19845 1888 1804 17957 1979 15978 9704 6274 1342 1444 899 32410 32339 480 264 216 172 31859 668 545 31191 23688 462 1220 172 819 618 7503
cat_boundaries=0 1 2 3 4 5 6 7 8 9 10
cat_threshold=4 9 4628732 20481 396688 4456855 4535755 2640048 3342432 6359961
is_linear=0
shrinkage=0.05


Tree=76
num_leaves=31
num_cat=8
split_feature=2 5 11 8 10 11 9 10 11 8 11 8 2 8 8 11 0 11 1 8 8 3 0 0 10 8 0 11 1 2
split_gain=23178.4 9913.99 8042.51 6883.58 6470.7 9649.78 6411.87 17198.5 11673.5 6236.79 36207.4 61864.5 10825.9 8382.83 8949.89 5099.14 4974.05 8743.42 5860.59 4778.05 4758.23 4569.83 13463.6 5597.27 4482.76 4321.96 6968.7 3841.97 3789.71 3419.51
threshold=44.900000000000006 0.45000000000000007 0 8.0520833333333339 6.4500000000000011 1 2 4.3500000000000005 3 20.927083333333336 4 21.083333333333339 67.90000000000002 16.135416666666671 15.208333333333334 5 88.500000000000014 6 58.416666666666679 21.614583333333339 6.135416666666667 1.5000000000000002 144.50000000000003 80.500000000000014 4.9500000000000011 6.260416666666667 23.500000000000004 7 85.166666666666671 41.45000000000001
decision_type=2 2 1 2 2 1 1 2 1 2 1 2 2 2 2 1 2 1 2 2 2 2 2 2 2 2 2 1 2 2
left_child=1 4 29 -4 6 20 7 27 -9 13 11 -11 -12 14 21 28 18 -18 -8 -14 -6 23 -23 -2 -21 -7 -27 -1 -15 -3
right_child=9 2 3 -5 5 25 16 8 -10 10 12 -13 19 15 -16 -17 17 -19 -20 24 -22 22 -24 -25 -26 26 -28 -29 -30 -31
leaf_value=0.0035872790640773932 0.01048978615066876 0.44245673194527629 -0.52115932404994969 -0.016991396026408419 -0.26109424933717756 0.036936072497577459 -0.04038607393698513 0.0065638900526259064 0.15552469018754389 1.9717217865235666 0.29985296899186714 0.14978907234664704 -0.77027861926471819 -0.77382449881505166 0.62714256630904641 -0.033583251291847964 0.1208023157160161 -0.43564855628460641 0.41155744430919489 -0.51423302181065089 0.030012329895417768 -0.86958055870205753 -0.013612982867281588 0.075762729624790248 0.075276804153735832 0.17148363624225582 0.57221798830784409 -0.05777204495969155 -0.21401010615931404 -0.13943562110265095
leaf_weight=4049 5024 50 242 94 203 273 19272 2895 2410 68 84 148 56 59 67 186 108 190 72 64 455 51 463 9485 65 399 149 6905 62 51
leaf_count=4049 5024 50 242 94 203 273 19272 2895 2410 68 84 148 56 59 67 186 108 190 72 64 455 51 463 9485 65 399 149 6905 62 51
internal_value=0.000150946 -0.0211372 -0.257909 -0.369126 -0.0183692 0.0841241 -0.0225915 0.000645702 0.0745406 0.0508406 0.227381 0.691353 -0.164752 0.0452796 0.0505419 -0.213377 -0.0418056 -0.244547 -0.0387039 -0.384614 -0.058902 0.0479704 -0.0985436 0.0531608 -0.217193 0.197071 0.280442 -0.0351409 -0.449804 0.13524
internal_weight=53699 37817 437 336 37380 1479 35901 16259 5305 15882 485 216 269 15397 15090 307 19642 298 19344 185 658 15023 514 14509 129 821 548 10954 121 101
internal_count=53699 37817 437 336 37380 1479 35901 16259 5305 15882 485 216 269 15397 15090 307 19642 298 19344 185 658 15023 514 14509 129 821 548 10954 121 101
cat_boundaries=0 1 2 3 4 5 6 7 8
cat_threshold=5243396 6325840 5 6522433 2464528 127168 4207042 2549808
is_linear=0
shrinkage=0.05


Tree=77
num_leaves=31
num_cat=9
split_feature=2 10 11 9 11 0 4 11 8 8 7 2 8 3 0 11 0 8 9 5 10 11 10 8 4 3 11 8 3 11
split_gain=21189.3 5145.65 13718.9 5392.57 14614 6672.47 7380.04 6506.76 6957.52 20812.8 6505.85 5377.12 5949.4 5234.31 4785.79 4502.16 13808.9 11427.2 4980.27 4424.65 6109.74 6152.13 4299.39 4045.23 5534.24 5522.26 11363.7 5426.54 3821.84 16603.4
threshold=27.450000000000003 4.3500000000000005 0 1 2 68.500000000000014 1.0000000180025095e-35 3 5.5260416666666679 5.916666666666667 2.5000000000000004 103.7 9.3333333333333339 1.0000000180025095e-35 91.500000000000014 4 52.500000000000007 7.8593750000000009 5 0.29166666666666669 5.5500000000000007 6 4.8500000000000005 14.47916666666667 1.0000000180025095e-35 1.0000000180025095e-35 7 6.885416666666667 1.0000000180025095e-35 8
decision_type=2 2 1 1 1 2 2 1 2 2 2 2 2 2 2 1 2 2 1 2 2 1 2 2 2 2 1 2 2 1
left_child=15 2 -2 4 5 10 -7 8 13 -10 -3 14 -13 -5 -9 16 19 18 22 20 -1 -22 -18 25 -25 -17 27 -27 29 -4
right_child=1 3 28 7 -6 6 -8 11 9 -11 -12 12 -14 -15 -16 23 17 -19 -20 -21 21 -23 -24 24 -26 26 -28 -29 -30 -31
leaf_value=-0.015280957807798708 -0.25120606241322191 -0.35973667917829572 0.65356826503125454 0.12107088987526554 -0.11201833845400139 -0.17346473404994378 0.35841578657565704 0.033240807406111121 0.96463260553475172 0.11901574952356463 0.22594332642607637 0.1409153676658936 0.71597556709670107 -0.080776918057476804 -0.21406175715476278 -0.040362702720089141 -0.13526692553000016 -0.08355739012251806 0.65478673622103567 -0.2757769596192145 0.39097161743451253 0.050156694787646616 0.48440745896414711 0.025470566499781924 0.54710230310008212 0.56786851555693385 -0.40404445190801691 -0.08597481704893567 -0.012655515223741531 -0.010646572663115965
leaf_weight=12632 524 99 116 547 1466 78 398 8954 74 4360 91 333 52 778 200 18634 55 137 153 155 166 576 57 1252 53 51 272 84 973 379
leaf_count=12632 524 99 116 547 1466 78 398 8954 74 4360 91 333 52 778 200 18634 55 137 153 155 166 576 57 1252 53 51 272 84 973 379
internal_value=0.000141159 0.0418665 -0.0342619 0.0505669 -0.0239369 0.168737 0.271259 0.0609259 0.102907 0.133128 -0.0792268 0.0354992 0.218586 0.00255195 0.0278376 -0.0235012 -0.00158649 0.2872 0.478875 -0.0101686 -0.00709034 0.132349 0.165341 -0.0384866 0.0466556 -0.0443422 -0.226538 0.149927 0.0445834 0.157996
internal_weight=53699 19422 1992 17430 2132 666 476 15298 5759 4434 190 9539 385 1325 9154 34277 13931 402 265 13529 13374 742 112 20346 1305 19041 407 135 1468 495
internal_count=53699 19422 1992 17430 2132 666 476 15298 5759 4434 190 9539 385 1325 9154 34277 13931 402 265 13529 13374 742 112 20346 1305 19041 407 135 1468 495
cat_boundaries=0 1 2 3 4 5 6 7 8 9
cat_threshold=7393288 2 24654 6630673 5044400 8 4224 1049672 9296
is_linear=0
shrinkage=0.05


Tree=78
num_leaves=31
num_cat=10
split_feature=2 10 11 9 11 11 8 11 10 2 8 5 8 8 1 11 10 11 10 9 10 8 8 4 11 4 2 9 5 1
split_gain=19121.6 4632.25 12421.3 4869.96 13527.1 5872.35 6629.27 11846.4 5170.35 4937.24 12655.9 5759.27 4790.84 4354.17 4100.06 4074.63 7178.44 7070.61 8963.12 4448.87 5620.42 5475.02 3651.71 5045.69 11029 4994.65 4738.59 4475.93 3599.08 3674.91
threshold=27.450000000000003 4.3500000000000005 0 1 2 3 15.781250000000002 4 6.6500000000000012 96.700000000000003 12.890625000000002 1.1000000000000003 5.5260416666666679 7.0625000000000009 39.166666666666679 5 5.5500000000000007 6 7.2500000000000009 7 4.1500000000000012 6.885416666666667 14.47916666666667 1.0000000180025095e-35 8 1.0000000180025095e-35 26.633333333333336 9 1.0000000180025095e-35 36.833333333333336
decision_type=2 2 1 1 1 1 2 1 2 2 2 2 2 2 2 1 2 1 2 1 2 2 2 2 1 2 2 1 2 2
left_child=15 2 28 4 8 6 12 -8 -3 11 -11 -7 -5 -10 -6 16 19 18 -18 20 -1 -22 23 26 -25 -24 -17 -26 -2 -30
right_child=1 3 -4 5 14 9 7 -9 13 10 -12 -13 -14 -15 -16 22 17 -19 -20 -21 21 -23 25 24 27 -27 -28 -29 29 -31
leaf_value=-0.012389596922589853 -0.63003099759419756 0.011228645629294973 0.042571728938373868 0.0024243545277079321 0.022047954070176318 0.028314143630721773 0.66812970515178605 0.041035209592276564 0.089239932987533632 0.097783093050770153 0.89388371273609146 -0.48032715009259325 0.11171101949595018 0.41289544278724916 -0.22869324155312648 -0.038021596743150803 0.77169626162898153 0.055645405165360956 0.093000103737793716 -0.029565695785575514 -0.022922073686810186 0.18017973528229275 0.024197038739046363 -0.32363851002120358 0.25093865700356371 0.5197471839077068 0.4310537773149985 -0.094396587719848338 0.027083233640744137 -0.28547524999169743
leaf_weight=2451 54 799 1468 1325 213 8967 128 182 244 460 56 56 4124 181 695 18154 93 636 102 9171 503 975 1252 457 144 53 54 232 130 340
leaf_count=2451 54 799 1468 1325 213 8967 128 182 244 460 56 56 4124 181 695 18154 93 636 102 9171 503 975 1252 457 144 53 54 232 130 340
internal_value=0.000143148 0.0397804 -0.0324505 0.0480354 -0.0227662 0.0578796 0.097762 0.322841 0.0854784 0.0337242 0.184182 0.0251573 0.0851364 0.227079 -0.168024 -0.0223161 -0.00146786 0.141036 0.39636 -0.0105087 0.0339626 0.111059 -0.0365722 -0.0421357 -0.162471 0.0443228 -0.0366304 0.0409341 -0.238881 -0.199023
internal_weight=53699 19422 1992 17430 2132 15298 5759 310 1224 9539 516 9023 5449 425 908 34277 13931 831 195 13100 3929 1478 20346 19041 833 1305 18208 376 524 470
internal_count=53699 19422 1992 17430 2132 15298 5759 310 1224 9539 516 9023 5449 425 908 34277 13931 831 195 13100 3929 1478 20346 19041 833 1305 18208 376 524 470
cat_boundaries=0 1 2 3 4 5 6 7 8 9 10
cat_threshold=7393288 2 3825790 6630673 2162704 5044400 4224 1 2294529 1
is_linear=0
shrinkage=0.05


Tree=79
num_leaves=31
num_cat=7
split_feature=0 8 11 8 8 11 11 10 1 2 11 2 10 1 8 10 7 11 10 4 7 11 1 10 9 10 8 8 2 2
split_gain=18033.1 5540.86 17773.8 16167 36640.3 15575.5 11137.4 5860.95 5959.05 10046.8 5178.24 6554.83 4430.66 4419.96 5226.34 4574.69 8963.72 4306.24 4259.57 4232.04 4013.04 6588.16 7002.57 4616.13 6137.99 4044.89 3905.25 3459.61 8157.41 5894.64
threshold=1.0000000180025095e-35 7.901041666666667 0 10.192708333333334 10.942708333333336 1 2 12.350000000000003 89.833333333333357 54.100000000000009 3 99.100000000000009 8.4500000000000011 102.50000000000001 10.942708333333336 7.3500000000000005 1.0000000180025095e-35 4 9.4500000000000011 0.83333333333333337 1.5000000000000002 5 51.833333333333336 4.3500000000000005 6 4.5500000000000007 2.7031250000000004 10.302083333333334 48.366666666666674 71.63333333333334
decision_type=2 2 1 2 2 1 1 2 2 2 1 2 2 2 2 2 2 1 2 2 2 1 2 2 1 2 2 2 2 2
left_child=19 6 3 10 -5 -6 18 8 12 -10 -3 -12 -8 15 -15 17 -17 -4 -2 20 21 23 25 -1 -25 -23 -22 29 -29 -28
right_child=1 2 13 4 5 -7 7 -9 9 -11 11 -13 -14 14 -16 16 -18 -19 -20 -21 26 22 -24 24 -26 -27 27 28 -30 -31
leaf_value=-0.18729615268707278 -0.029178065959242667 0.061497714139335372 -0.02729081197496171 1.1649120003967495 0.63197066554178793 0.085451877571811177 0.056957513014074736 0.54891553555022587 0.77970733592065722 0.12116245515573616 -0.084424604335928105 -0.63678980059921741 -0.23640767849469912 -0.04323488974382847 0.51956866018220105 -0.30218982703230357 0.31067088206005361 -0.14878215875684062 0.38555012648067777 -0.40894392124364076 0.40466854079411585 0.011197732366578839 0.45214019790827803 0.15764111416824794 -0.062288299963755671 0.20666993550937579 -0.037999330531972686 -0.00028661550608567748 0.45151992323351842 0.48021743254228072
leaf_weight=375 3587 712 1154 91 134 1513 7343 66 59 3151 726 58 131 110 66 89 181 2055 63 71 52 786 139 462 958 399 24147 4864 102 55
leaf_count=375 3587 712 1154 91 134 1513 7343 66 59 3151 726 58 131 110 66 89 181 2055 63 71 52 786 139 462 958 399 24147 4864 102 55
internal_value=0.000141677 0.0358923 -0.000987107 0.0842569 0.188236 0.134273 0.0535355 0.0791156 0.0762875 0.133267 -0.0359791 -0.12371 0.0518156 -0.0764337 0.167816 -0.0890098 0.108654 -0.105641 -0.0219596 -0.0233417 -0.0224951 0.0314157 0.115525 -0.0310939 0.0099377 0.077015 -0.0282496 -0.0290214 0.00899334 -0.0368217
internal_weight=53699 21289 6889 3234 1738 1647 14400 10750 10684 3210 1496 784 7474 3655 176 3479 270 3209 3650 32410 32339 3119 1324 1795 1420 1185 29220 29168 4966 24202
internal_count=53699 21289 6889 3234 1738 1647 14400 10750 10684 3210 1496 784 7474 3655 176 3479 270 3209 3650 32410 32339 3119 1324 1795 1420 1185 29220 29168 4966 24202
cat_boundaries=0 1 2 3 4 5 6 7
cat_threshold=3386506 3072 3279874 142466 4456740 1103709 5
is_linear=0
shrinkage=0.05


Tree=80
num_leaves=30
num_cat=7
split_feature=0 10 8 8 11 0 8 11 11 1 0 11 1 7 11 1 8 10 0 7 8 4 11 8 11 0 10 2 8
split_gain=16282.2 5110.05 5839.4 48173.1 6495.83 6313.96 5630.82 24257.3 11202.4 5418.61 6055.13 5226.81 3857.36 3755.9 6270.97 6918.35 5493.05 4443.57 3627.51 4156.17 3527.44 3514.43 7197.07 3275.51 2644.28 2256.03 1897.38 2850.94 1311.37
threshold=1.0000000180025095e-35 9.2500000000000018 20.973958333333336 20.927083333333336 0 54.500000000000007 7.901041666666667 1 2 31.416666666666668 81.500000000000014 3 71.166666666666671 1.5000000000000002 4 58.166666666666679 4.7552083333333348 4.3500000000000005 69.500000000000014 4.5000000000000009 2.7031250000000004 0.58333333333333337 5 10.718750000000002 6 16.500000000000004 10.350000000000003 89.90000000000002 7.9531250000000009
decision_type=2 2 2 2 1 2 2 1 1 2 2 1 2 2 1 2 2 2 2 2 2 2 1 2 1 2 2 2 2
left_child=12 2 3 6 9 25 8 -8 -2 -4 -11 -7 13 14 15 16 -1 28 -3 26 -15 23 -23 -22 -19 -6 -20 -28 -16
right_child=1 18 4 -5 5 11 7 -9 -10 10 -12 -13 -14 20 17 -17 -18 24 19 -21 21 22 -24 -25 -26 -27 27 -29 -30
leaf_value=0.57217984098308494 -0.02783515856097404 0.61554707475737036 -0.36174998283386234 1.4501654540002347 -0.17295729970932008 -0.65328826862681022 0.10572917012545797 -0.095071561336239188 0.074397688037919477 0.66187214637344538 0.024011367222537165 -0.16939447246750311 -0.42609132265640515 0.38443509787321095 -0.24383753105517358 0.46751669349749225 0.053013934426564074 -0.080316316790284725 0.49995237437301676 -0.22428442563926965 -0.033447576616876161 0.13733706378167676 -0.34137318495205182 0.011554840416551759 0.063309664028004198 0.2891218815285746 0.35907744081771892 -0.049044042592868209 0.027469580184738593
leaf_weight=53 3583 51 50 60 50 101 2628 3489 10601 55 115 163 59 52 279 121 1317 534 58 57 23967 114 227 4864 770 56 92 80 53
leaf_count=53 3583 51 50 60 50 101 2628 3489 10601 55 115 163 59 52 279 121 1317 534 58 57 23967 114 227 4864 770 56 92 80 53
internal_value=0.000141094 0.0341119 0.0310004 0.0354938 -0.124069 -0.248098 0.0313128 -0.00878565 0.0486056 0.0916382 0.230378 -0.385683 -0.0221731 -0.0214365 0.0306457 0.104407 0.0730985 -0.0369899 0.226975 0.157926 -0.0270093 -0.0277427 -0.187319 -0.0258553 0.00436308 0.07116 0.252647 0.169253 -0.200526
internal_weight=53699 21289 20951 20361 590 370 20301 6117 14184 220 170 264 32410 32351 3127 1491 1370 1636 338 287 29224 29172 341 28831 1304 106 230 172 332
internal_count=53699 21289 20951 20361 590 370 20301 6117 14184 220 170 264 32410 32351 3127 1491 1370 1636 338 287 29224 29172 341 28831 1304 106 230 172 332
cat_boundaries=0 1 2 3 4 5 6 7
cat_threshold=4294936 1518734 3279874 1721408 7284914 4241424 1052737
is_linear=0
shrinkage=0.05


Tree=81
num_leaves=31
num_cat=8
split_feature=0 3 0 11 11 0 5 11 1 11 2 8 8 8 9 2 11 1 8 0 11 0 7 8 8 8 8 2 8 11
split_gain=15025 7161.99 16910.7 10332.4 9246.52 9005.72 13447.4 10200.9 16394.3 9253.51 7944.67 7676.56 6036.38 5316.16 5045.17 5975.67 7797.23 5175.62 5441.9 4945 4818.68 11034.2 10875.5 10456.7 26764.3 6924.87 8273.15 9355.92 8551.89 11240.8
threshold=66.500000000000014 1.0000000180025095e-35 55.500000000000007 0 1 32.500000000000007 1.0000000180025095e-35 2 20.166666666666668 3 11.100000000000001 10.942708333333336 11.093750000000002 5.8125000000000009 4 27.450000000000003 5 48.416666666666679 6.135416666666667 48.500000000000007 6 74.500000000000014 4.5000000000000009 6.9270833333333348 6.135416666666667 2.7447916666666674 4.7552083333333348 86.450000000000017 4.7968750000000009 7
decision_type=2 2 2 1 1 2 2 1 2 1 2 2 2 2 1 2 1 2 2 2 1 2 2 2 2 2 2 2 2 1
left_child=1 5 4 -4 12 14 7 10 -9 -8 -7 13 -3 -5 17 -16 -17 -1 -19 -6 21 -2 23 24 -23 -22 27 -27 29 -28
right_child=20 2 3 11 19 6 9 8 -10 -11 -12 -13 -14 -15 15 16 -18 18 -20 -21 25 22 -24 -25 -26 26 28 -29 -30 -31
leaf_value=-0.052760505673117332 -0.40703991032366099 -0.2162340366256931 0.17451767588298117 0.030778391499604499 -0.43385458473287292 -0.75541083655267394 0.73126747149687554 0.76773598367168061 0.0073140023863755626 0.16308299434219684 -0.087240496393467981 0.26360788297379151 0.39674802083595129 -0.38055842931562961 -0.015843406437423099 0.13055162323083849 -0.01621791432324093 0.094661548902403636 -0.51139199084382714 -0.96872412311095824 0.479992081814756 0.072122293902714171 -0.31929122393464188 -0.05286022086711039 0.94993844736440514 -0.13529474624754201 -0.027253008249208212 0.085067929974828538 0.06489133391131989 0.65479781918280522
leaf_weight=4742 174 189 463 112 283 53 120 93 298 205 277 87 51 263 28686 1685 1943 53 123 51 96 584 222 962 102 1115 113 848 9575 131
leaf_count=4742 174 189 463 112 283 53 120 93 298 205 277 87 51 263 28686 1685 1943 53 123 51 96 584 222 962 102 1115 113 848 9575 131
internal_value=0.000124854 -0.0155221 -0.122734 0.0095579 -0.335923 -0.0113235 0.133369 0.013005 0.183489 0.400393 -0.188831 -0.156156 -0.0825363 -0.257706 -0.0153886 -0.0081943 0.0522633 -0.0625151 -0.328887 -0.50054 0.0448302 -0.0260691 0.00924008 0.0534961 0.202643 0.0570047 0.0536066 -0.0400999 0.0723402 0.364649
internal_weight=53699 39777 1499 925 574 38278 1046 721 391 325 330 462 240 375 37232 32314 3628 4918 176 334 13922 2044 1870 1648 686 11878 11782 1963 9819 244
internal_count=53699 39777 1499 925 574 38278 1046 721 391 325 330 462 240 375 37232 32314 3628 4918 176 334 13922 2044 1870 1648 686 11878 11782 1963 9819 244
cat_boundaries=0 1 2 3 4 5 6 7 8
cat_threshold=4888711 4835625 6342939 1208592 2 7102675 20544 4325507
is_linear=0
shrinkage=0.05


Tree=82
num_leaves=31
num_cat=6
split_feature=0 9 11 1 10 11 11 1 0 6 8 11 8 8 8 8 8 10 1 7 11 1 8 2 2 10 8 2 8 10
split_gain=13607.9 5204.86 5774.21 9027.05 5109.09 10606.1 5657.34 11464.3 9458.75 8477.84 7248.28 8014.74 7147.13 5375.8 4251.89 3923.43 3665.02 3862.13 3515.6 3359.55 5665.39 6327.91 8282.08 4138.03 9237.87 5391.04 3668.73 3170.57 3169.22 3154.62
threshold=1.0000000180025095e-35 0 1 66.416666666666671 5.3500000000000005 2 3 30.166666666666668 64.500000000000014 1.5000000000000002 7.9427083333333348 4 7.0625000000000009 2.7447916666666674 20.927083333333336 21.083333333333339 7.8437500000000009 4.6500000000000012 71.166666666666671 1.5000000000000002 5 51.833333333333336 7.0989583333333348 49.70000000000001 66.225000000000009 5.7500000000000009 5.229166666666667 5.7750000000000012 2.7031250000000004 5.4500000000000011
decision_type=2 1 1 2 2 1 1 2 2 2 2 1 2 2 2 2 2 2 2 2 1 2 2 2 2 2 2 2 2 2
left_child=18 2 16 -4 5 14 10 8 -8 -9 12 -12 -6 -7 27 -15 -2 -18 19 20 23 26 -23 25 -25 -1 -22 -3 -21 -5
right_child=1 4 3 29 6 13 7 9 -10 -11 11 -13 -14 15 -16 -17 17 -19 -20 28 21 22 -24 24 -26 -27 -28 -29 -30 -31
leaf_value=-0.028363111839586022 0.081237909603294689 -0.27465738593255756 0.68947485990302515 0.18810261333257788 0.12695710228455245 0.46315663112720973 0.1530834201173269 0.035013084473826651 0.83353786213617576 -0.15200750015086734 -0.12113817356425999 0.15296385776972085 0.39884877176588157 0.031503807277432481 0.29577708081023335 -0.16333875627731378 -0.39879287031292915 0.081472396085478571 -0.40587392823170809 0.36516215743926855 0.4327102204163869 0.13925145974625713 0.93363225273057526 -0.53486980342667956 0.037423703444779979 0.27367292773651791 0.049091090015081607 -0.07487107876701854 -0.025526604890376028 -0.1092378365058525
leaf_weight=1343 373 216 86 711 1808 71 491 1838 57 904 581 476 279 10323 73 265 100 72 59 52 66 92 51 121 169 166 1119 2463 29172 102
leaf_count=1343 373 216 86 711 1808 71 491 1838 57 904 581 476 279 10323 73 265 100 72 59 52 66 92 51 121 169 166 1119 2463 29172 102
internal_value=0.000135471 0.0311914 0.122546 0.200103 0.02447 0.0069101 0.0611097 0.0150348 0.223861 -0.0266451 0.10893 0.0025996 0.163305 0.0295073 -0.0804279 0.0266272 -0.00668745 -0.197752 -0.0202641 -0.0195608 0.0296967 0.107562 0.422562 -0.0282237 -0.201361 0.00486285 0.0704572 -0.0909793 -0.0248314 0.150798
internal_weight=53699 21289 1444 899 19845 13411 6434 3290 548 2742 3144 1057 2087 10659 2752 10588 545 172 32410 32351 3127 1328 143 1799 290 1509 1185 2679 29224 813
internal_count=53699 21289 1444 899 19845 13411 6434 3290 548 2742 3144 1057 2087 10659 2752 10588 545 172 32410 32351 3127 1328 143 1799 290 1509 1185 2679 29224 813
cat_boundaries=0 1 2 3 4 5 6
cat_threshold=4 4456855 3690497 8007709 4198417 1103709
is_linear=0
shrinkage=0.05


Tree=83
num_leaves=31
num_cat=1
split_feature=0 3 0 0 5 10 8 8 8 10 0 0 8 8 8 0 8 2 9 10 1 8 8 8 8 8 8 10 8 8
split_gain=12457.5 6763.45 15214 7972.05 12244.5 7001.42 8510.82 5896.98 11487.4 6802.5 15732.9 6941.39 5717.02 5566.77 5526.52 8894.05 5693.06 4778.01 4593.25 11461.6 5186.27 4493.53 32618.1 5502.63 182941 12581.7 5386.46 11492.3 5139.36 4458.52
threshold=66.500000000000014 1.0000000180025095e-35 55.500000000000007 32.500000000000007 1.0000000180025095e-35 5.9500000000000011 4.7812500000000009 7.0625000000000009 7.901041666666667 5.4500000000000011 63.500000000000007 62.500000000000007 10.302083333333334 10.942708333333336 5.5260416666666679 44.500000000000007 6.135416666666667 85.100000000000009 0 7.2500000000000009 48.416666666666679 20.973958333333336 20.890625000000004 13.97916666666667 13.927083333333336 11.093750000000002 14.031250000000002 4.4500000000000011 17.651041666666668 21.031250000000004
decision_type=2 2 2 2 2 2 2 2 2 2 2 2 2 2 2 2 2 2 1 2 2 2 2 2 2 2 2 2 2 2
left_child=1 3 14 17 5 6 -5 9 -9 11 -11 -4 -6 -10 -3 -16 -17 18 20 -20 -1 22 23 24 25 -2 27 -25 -28 -23
right_child=21 2 7 4 12 -7 -8 8 13 10 -12 -13 -14 -15 15 16 -18 -19 19 -21 -22 29 -24 26 -26 -27 28 -29 -30 -31
leaf_value=-0.04987878444474364 0.050325586330122477 -0.61158283041922124 -0.049636022492787729 0.47483579991925845 0.4724219169945289 -0.33230982826591088 -0.008644892069905874 0.64247859597773016 -0.21351988325583054 -0.21282802627544212 0.81864821421519174 -0.49556610341190449 -0.099601192249415021 0.21381272933421991 -0.61900480044515516 0.3845218170359731 -0.19422280981136297 0.44763774956975672 -0.010594965582888411 0.2978744191068568 -0.32937113916458088 -0.54765915285657962 1.3077843005750696 -0.85408346787575751 2.9813987323698008 -0.16122088698560702 0.068971079934356569 -0.091436395202399282 -0.26925610200562278 -0.058582509809314037
leaf_weight=4742 11647 127 229 112 273 123 486 92 149 99 59 141 52 156 114 50 283 56 31958 304 172 54 51 62 53 748 585 243 139 340
leaf_count=4742 11647 127 229 112 273 123 486 92 149 99 59 141 52 156 114 50 283 56 31958 304 172 54 51 62 53 748 585 243 139 340
internal_value=0.000128994 -0.0141185 -0.118305 -0.0100384 0.126098 0.0112428 0.0819067 0.0071753 0.152767 -0.102294 0.172343 -0.219572 0.380898 0.00505024 -0.320517 -0.23782 -0.107324 -0.0138631 -0.0145582 -0.00768592 -0.0595404 0.0408359 0.0456837 0.0409076 0.0500934 0.0375594 -0.0702145 -0.246466 0.0040352 -0.125613
internal_weight=53699 39777 1499 38278 1046 721 598 925 397 528 158 370 325 305 574 447 333 37232 37176 32262 4914 13922 13528 13477 12448 12395 1029 305 724 394
internal_count=53699 39777 1499 38278 1046 721 598 925 397 528 158 370 325 305 574 447 333 37232 37176 32262 4914 13922 13528 13477 12448 12395 1029 305 724 394
cat_boundaries=0 1
cat_threshold=2
is_linear=0
shrinkage=0.05


Tree=84
num_leaves=31
num_cat=9
split_feature=0 10 9 11 2 10 8 11 8 11 8 10 11 4 8 10 0 7 11 7 2 10 8 2 2 11 2 9 11 10
split_gain=11444.7 4588.08 4912.21 5225.44 7482.86 5905.18 4114.7 11949.6 13476.1 8861.63 6967.49 6067.36 4179.38 3403.41 3322.26 4758.28 3288.9 3563.1 3213.79 4472.81 3987.3 15588.5 3986.63 3821.51 6846.71 5957.94 3771.63 3690.94 7127.5 6760.26
threshold=1.0000000180025095e-35 9.2500000000000018 0 1 77.225000000000009 5.4500000000000011 7.901041666666667 2 13.85416666666667 3 7.8437500000000009 4.2500000000000009 4 0.83333333333333337 6.947916666666667 4.4500000000000011 69.500000000000014 4.5000000000000009 5 1.5000000000000002 45.100000000000009 4.7500000000000009 20.927083333333336 36.100000000000009 28.675000000000004 6 38.45000000000001 7 8 4.6500000000000012
decision_type=2 2 1 1 2 2 2 1 2 1 2 2 1 2 2 2 2 2 1 2 2 2 2 2 2 1 2 1 1 2
left_child=13 2 3 14 -5 -6 9 8 -8 10 -4 -11 -9 18 -2 -16 -3 -18 22 27 26 -22 23 24 -1 -25 -21 28 -20 -29
right_child=1 16 6 4 5 -7 7 12 -10 11 -12 -13 -14 -15 15 -17 17 -19 19 20 21 -23 -24 25 -26 -27 -28 29 -30 -31
leaf_value=-0.035775700065892223 0.13797001650688792 0.58134367839962831 0.073492279434517471 0.51779601231013261 0.17923672170868624 -0.24633305194557353 -0.012730056590815254 -0.10819912149105691 0.29451978444639176 -0.20590095386247742 0.62886190095491579 0.0070900394264967305 -0.013439160180706806 -0.3643826892678167 -0.41593597119107195 0.010332802237146884 0.23330658878564187 -0.20828766012400912 0.49324704423234184 -0.011714805613990568 -0.15439011517025178 0.46644004626151842 0.11713753878020663 0.050216850406817497 0.19169679072481641 -0.22772391422456054 -0.25013673153838945 -0.10378502535563801 0.070493197535711635 0.15731935553835252
leaf_weight=15527 226 51 6125 146 660 93 894 1976 594 352 57 6673 2836 71 92 227 230 57 133 13104 210 195 433 286 338 585 168 506 368 486
leaf_count=15527 226 51 6125 146 660 93 894 1976 594 352 57 6673 2836 71 92 227 230 57 133 13104 210 195 433 286 338 585 168 506 368 486
internal_value=0.000122544 0.0286033 0.0256551 0.114337 0.188103 0.126676 0.019022 -0.014217 0.109188 0.0348921 0.078486 -0.00357716 -0.0524951 -0.0185855 -0.00853935 -0.112604 0.211351 0.145603 -0.0178263 -0.00104593 -0.0100168 0.144528 -0.0326333 -0.0365277 -0.0309295 -0.138498 -0.0147328 0.0811271 0.190178 0.0238942
internal_weight=53699 21289 20951 1444 899 753 19507 6300 1488 13207 6182 7025 4812 32410 545 319 338 287 32339 15170 13677 405 17169 16736 15865 871 13272 1493 501 992
internal_count=53699 21289 20951 1444 899 753 19507 6300 1488 13207 6182 7025 4812 32410 545 319 338 287 32339 15170 13677 405 17169 16736 15865 871 13272 1493 501 992
cat_boundaries=0 1 2 3 4 5 6 7 8 9
cat_threshold=4 4456855 1182730 5104401 545329 1282127 70 1 270496
is_linear=0
shrinkage=0.05


Tree=85
num_leaves=31
num_cat=7
split_feature=2 5 11 8 8 11 8 2 8 8 10 9 6 11 0 11 2 3 1 8 0 11 11 3 0 0 10 8 1 2
split_gain=10467.7 9012.69 7314.15 6272.97 5411.46 28897 51144.3 11445.2 7467.74 7802 4658.15 12212.6 10517.1 6967.13 15617.3 5911.57 9392.82 8914.56 11262.4 5886.83 5017.19 4779.34 4389.68 4268.91 11927 4503.51 4089.06 3419.76 3330.89 3159.43
threshold=44.900000000000006 0.45000000000000007 0 8.0520833333333339 20.927083333333336 1 21.083333333333339 67.90000000000002 16.135416666666671 15.208333333333334 4.6500000000000012 2 2.5000000000000004 3 30.500000000000004 4 2.9000000000000004 1.0000000180025095e-35 30.166666666666668 9.3020833333333339 89.500000000000014 5 6 1.5000000000000002 144.50000000000003 102.50000000000001 4.4500000000000011 22.578125000000004 85.166666666666671 41.45000000000001
decision_type=2 2 1 2 2 1 2 2 2 2 2 1 2 1 2 1 2 2 2 2 2 1 1 2 2 2 2 2 2 2
left_child=1 10 29 -4 8 6 -6 -7 9 23 15 12 19 14 -13 16 -1 -17 -19 -12 -15 -14 28 25 -25 -2 -18 -9 -10 -3
right_child=4 2 3 -5 5 7 -8 27 22 -11 11 13 21 20 -16 17 26 18 -20 -21 -22 -23 -24 24 -26 -27 -28 -29 -30 -31
leaf_value=-0.01603713542587306 0.034947840607853768 0.42991601008176805 -0.49104345465494587 -0.0097557991663826272 1.76819384732448 0.31270071818697742 0.13129626436159014 -0.72535070957882075 -0.73960572602385177 0.57232603775476343 0.28843323835919715 0.020853952970405265 -0.12439782537888211 -0.018366930944979307 0.4028165622497909 -0.035838855217088308 0.069037002534898306 -0.58721963174328839 -0.069105816908603443 0.86503437256813054 -0.25695760224377157 0.12167303526886589 -0.046384144376735298 -0.83574107312688639 -0.030101521087902927 0.51029419422149658 0.24722071454908845 -0.25152387401136028 -0.21477280239003804 -0.12941025156600802
leaf_weight=6985 14459 50 242 94 68 82 160 56 59 67 386 1881 253 8798 312 15605 1193 167 282 50 226 801 186 51 463 50 441 119 62 51
leaf_count=6985 14459 50 242 94 68 82 160 56 59 67 386 1881 253 8798 312 15605 1193 167 282 50 226 801 186 51 463 50 441 119 62 51
internal_value=0.000118881 -0.0141872 -0.23994 -0.346097 0.0341835 0.198629 0.593465 -0.1682 0.0290035 0.0339703 -0.011548 0.0130469 0.147031 -0.00487749 0.0748548 -0.0242148 0.0091976 -0.0421326 -0.261812 0.354557 -0.0243153 0.0625808 -0.215127 0.0315693 -0.110039 0.0365859 0.117127 -0.403148 -0.434753 0.134197
internal_weight=53699 37817 437 336 15882 485 228 257 15397 15090 37380 12707 1490 11217 2193 24673 8619 16054 449 436 9024 1054 307 15023 514 14509 1634 175 121 101
internal_count=53699 37817 437 336 15882 485 228 257 15397 15090 37380 12707 1490 11217 2193 24673 8619 16054 449 436 9024 1054 307 15023 514 14509 1634 175 121 101
cat_boundaries=0 1 2 3 4 5 6 7
cat_threshold=5243396 2398993 5 4205952 953396 68634 127168
is_linear=0
shrinkage=0.05


Tree=86
num_leaves=31
num_cat=8
split_feature=0 2 11 2 8 8 1 11 8 8 2 11 2 8 11 1 8 1 9 1 1 7 9 11 0 8 3 0 11 0
split_gain=9845.79 4354.91 4064.63 13185.8 23292 14524 6694.73 5301.34 7684.77 4702.96 13246.8 12151.3 5056.72 8703.37 8492.5 7054.28 5558.69 4974.51 4724.85 3846.97 3285.71 3224.1 3186.7 6466.79 6273.1 8811.12 3656.97 15343.4 12216.7 9599.18
threshold=89.500000000000014 89.90000000000002 0 94.100000000000009 6.9687500000000009 9.0052083333333339 96.500000000000014 1 6.135416666666667 3.7447916666666674 86.63333333333334 2 82.63333333333334 16.223958333333336 3 79.416666666666671 13.927083333333336 60.416666666666679 4 88.166666666666671 85.166666666666671 1.0000000180025095e-35 5 6 9.5000000000000018 6.885416666666667 1.0000000180025095e-35 55.500000000000007 7 1.0000000180025095e-35
decision_type=2 2 1 2 2 2 2 1 2 2 2 1 2 2 1 2 2 2 1 2 2 2 1 1 2 2 2 2 1 2
left_child=1 22 3 6 -5 -6 7 -2 -9 10 11 19 13 14 -11 -14 -17 -15 -13 -4 -3 -12 23 24 -1 -26 29 28 -28 -24
right_child=2 20 9 4 5 -7 -8 8 -10 12 21 18 15 17 -16 16 -18 -19 -20 -21 -22 -23 26 -25 25 -27 27 -29 -30 -31
leaf_value=-0.018878698640196298 0.33171871503194178 0.46737215533852583 -0.63801341041839332 1.2580975327696375 -0.30475239901814932 0.75984452192513452 -0.49396215241688951 0.21515393523934914 -0.060531045438478349 0.19705424260623106 0.0099847985184534482 0.19133836176888697 -0.53729316016723372 0.08557864410776489 0.0295634141096934 -0.0021204133562792034 0.16521443934892421 -0.4484757159136038 -0.21972705053234542 -0.1694555572394667 0.064629134483149525 0.27829945881098989 -0.012723098196915009 -0.07426893809230864 0.55724152537106086 0.053684816727960917 -0.029406340800701303 -0.011435001305171234 -0.53540335690839724 0.060811645788540994
leaf_weight=952 176 80 179 67 81 53 52 402 681 1480 279 135 58 71 1565 4245 562 113 125 58 138 187 28458 4542 129 266 225 2817 265 5258
leaf_count=952 176 80 179 67 81 53 52 402 681 1480 279 135 58 71 1565 4245 562 113 125 58 138 187 28458 4542 129 266 225 2817 265 5258
internal_value=0.00011248 -0.0104859 0.0433624 0.11903 0.496912 0.11632 0.0620014 0.0849642 0.0414183 0.0305651 -0.0738569 -0.253424 0.0430267 0.0915366 0.111715 0.0108297 0.0174432 -0.2424 -0.00710774 -0.502157 0.212425 0.117656 -0.0116183 -0.0457502 0.0502519 0.218138 -0.00617517 -0.0563528 -0.314585 -0.00125538
internal_weight=53699 43130 10569 1512 201 134 1311 1259 1083 9057 963 497 8094 3229 3045 4865 4807 184 260 237 218 466 42912 5889 1347 395 37023 3307 490 33716
internal_count=53699 43130 10569 1512 201 134 1311 1259 1083 9057 963 497 8094 3229 3045 4865 4807 184 260 237 218 466 42912 5889 1347 395 37023 3307 490 33716
cat_boundaries=0 1 2 3 4 5 6 7 8
cat_threshold=565264 8192 5313857 5511136 5 2 24636 4834061
is_linear=0
shrinkage=0.05


Tree=87
num_leaves=31
num_cat=7
split_feature=10 9 11 7 9 10 11 1 2 10 2 11 8 8 1 11 1 2 3 2 2 11 1 8 8 1 6 1 8 1
split_gain=9473.52 6574.7 9166.65 6619.13 6101.78 6593.4 9821.24 6378.52 10443.3 5994.88 6586.5 5550.17 6680.68 5666.05 5468.16 11478.6 8357.98 5152.11 5823.72 5559.91 4099.16 5224.61 4961.94 4089.82 4006.49 3953.26 3599.14 5779.56 5228.61 5157.38
threshold=4.5500000000000007 0 1 4.5000000000000009 2 4.0500000000000007 3 112.83333333333336 107.90000000000002 7.2500000000000009 19.100000000000005 4 7.0989583333333348 10.302083333333334 24.166666666666668 5 9.4166666666666696 67.100000000000009 1.0000000180025095e-35 25.100000000000005 3.1000000000000005 6 60.416666666666679 3.1927083333333335 6.1927083333333348 89.833333333333357 1.0000000180025095e-35 62.833333333333336 7.994791666666667 59.833333333333336
decision_type=2 1 1 2 1 2 1 2 2 2 2 1 2 2 2 1 2 2 2 2 2 1 2 2 2 2 2 2 2 2
left_child=4 2 17 9 5 26 14 -8 -9 11 -11 12 -3 -13 16 -16 -7 18 19 -2 -5 23 -23 -22 -19 -26 28 29 -1 -28
right_child=1 3 -4 20 -6 6 7 8 -10 10 -12 13 -14 -15 15 -17 -18 24 -20 -21 21 22 -24 -25 25 -27 27 -29 -30 -31
leaf_value=-0.096381437043621121 0.44281777473206213 0.20683857826032034 -0.055510210457155318 -0.031635609889331999 -0.050167813969094713 -0.025289905357148507 0.067073882340497173 -0.81082592682404953 0.048486561734567994 0.70743236552391742 0.14755905165824654 0.016448026464768978 0.0068353924856207077 0.12103655776720726 0.019162537860018869 -0.29147945787861118 0.35494103750739342 -0.28842477868828509 0.78357268775166089 -0.16714951001828718 0.5037076807022095 0.049159152951083418 -0.11997247519814609 0.10809573518175089 -0.06511636421244632 0.41589651715151876 -0.024810483997143206 0.42102620204289753 -0.54607293025867365 -0.4074582414680652
leaf_weight=511 94 1092 4038 4487 10218 1965 6664 55 99 56 848 8028 676 1544 620 566 156 72 59 62 70 1377 633 979 93 79 8323 72 74 89
leaf_count=511 94 1092 4038 4487 10218 1965 6664 55 99 56 848 8028 676 1544 620 566 156 72 59 62 70 1377 633 979 93 79 8323 72 74 89
internal_value=0.000105839 0.0232168 -0.0313245 0.0356084 -0.0189781 -0.00234672 0.0253868 0.0596346 -0.258411 0.0583273 0.182241 0.0484492 0.129634 0.0332838 -0.0452649 -0.131383 0.00267616 0.178093 0.36043 0.200395 -0.00120781 0.0434243 -0.00408437 0.133225 0.0247271 0.155814 -0.0333121 -0.025041 -0.153265 -0.0288589
internal_weight=53699 24287 4497 19790 29412 19194 10125 6818 154 12244 904 11340 1768 9572 3307 1186 2121 459 215 156 7546 3059 2010 1049 244 172 9069 8484 585 8412
internal_count=53699 24287 4497 19790 29412 19194 10125 6818 154 12244 904 11340 1768 9572 3307 1186 2121 459 215 156 7546 3059 2010 1049 244 172 9069 8484 585 8412
cat_boundaries=0 1 2 3 4 5 6 7
cat_threshold=2 24584 5 3362817 2359568 196608 4850325
is_linear=0
shrinkage=0.05


Tree=88
num_leaves=31
num_cat=8
split_feature=10 9 11 1 9 10 11 1 2 1 11 1 8 8 1 2 11 11 0 1 8 7 7 0 11 8 7 6 1 8
split_gain=8551.7 6286.06 7597.73 15052.5 5505.73 5947.68 8870.98 5756.61 9425.11 4943.92 10378.3 7543.08 4836.72 28235.8 23720 12222.9 7834.54 7828.36 7630.73 7156.19 4317.86 6204.64 5783.48 4288.73 10813.9 8028.17 7673.42 3248.23 5216.05 4718.82
threshold=4.5500000000000007 0 1 37.166666666666679 2 4.0500000000000007 3 112.83333333333336 107.90000000000002 24.166666666666668 4 9.4166666666666696 10.302083333333334 10.942708333333336 48.416666666666679 95.300000000000026 5 6 21.500000000000004 19.166666666666668 8.0520833333333339 1.0000000180025095e-35 1.0000000180025095e-35 4.5000000000000009 7 13.171875000000002 1.0000000180025095e-35 1.0000000180025095e-35 62.833333333333336 7.994791666666667
decision_type=2 1 1 2 1 2 1 2 2 2 1 2 2 2 2 2 1 1 2 2 2 2 2 2 1 2 2 2 2 2
left_child=4 2 3 -2 5 27 9 -8 -9 11 -11 -7 16 14 -14 17 18 -15 -3 -20 22 -22 -18 -6 -25 26 -26 29 -29 -1
right_child=1 12 -4 -5 23 6 7 8 -10 10 -12 -13 13 15 -16 -17 20 -19 19 -21 21 -23 -24 24 25 -27 -28 28 -30 -31
leaf_value=-0.091562366403945508 1.0846817906086261 -0.0044396954101061535 -0.0063015300967595271 0.18945774118481437 -0.035537797624441037 -0.024025408120934899 0.063720187822696145 -0.77028461846438323 0.046062237441991317 0.018219617167635569 -0.27715850545468534 0.33719398013483259 0.12933024476681437 0.13628123919035875 1.5912166575952011 0.62026968780491087 0.065256191825065368 -0.019623377894460562 0.44755044350257284 0.086406574281801596 -0.34029264130022219 -0.051894239820237699 -0.024869097162417021 0.04433435782822237 0.34044407029946644 -0.72322484752753891 -0.25219918459421409 -0.027415996756098182 0.39997489121225149 -0.51876927590047994
leaf_weight=511 52 3343 458 484 8954 1965 6664 55 99 620 566 156 56 1176 55 90 2211 2505 143 3365 230 986 9133 513 60 82 609 8412 72 74
leaf_count=511 52 3343 458 484 8954 1965 6664 55 99 620 566 156 56 1176 55 90 2211 2505 143 3365 230 986 9133 513 60 82 609 8412 72 74
internal_value=9.70279e-05 0.0220548 0.144574 0.271247 -0.0180346 -0.00223647 0.024104 0.0566529 -0.24549 -0.0430427 -0.124928 0.00254235 0.0167572 0.0677126 0.853688 0.0445773 0.00657529 0.0305017 0.0495432 0.101128 -0.0168881 -0.106443 -0.00730325 -0.0476619 -0.133924 -0.252913 -0.199047 -0.0316465 -0.0237889 -0.145602
internal_weight=53699 24287 994 536 29412 19194 10125 6818 154 3307 1186 2121 23293 3882 111 3771 19411 3681 6851 3508 12560 1216 11344 10218 1264 751 669 9069 8484 585
internal_count=53699 24287 994 536 29412 19194 10125 6818 154 3307 1186 2121 23293 3882 111 3771 19411 3681 6851 3508 12560 1216 11344 10218 1264 751 669 9069 8484 585
cat_boundaries=0 1 2 3 4 5 6 7 8
cat_threshold=4 6344971 5 3362817 196608 6316817 3378304 1409542
is_linear=0
shrinkage=0.05


Tree=89
num_leaves=31
num_cat=8
split_feature=10 9 11 7 10 10 11 9 10 11 1 0 1 11 1 0 11 8 7 5 0 10 11 5 1 6 0 0 1 1
split_gain=7720.31 5829.51 8210.27 5580.7 5408.44 5453.74 5795.26 4966.87 5365.19 8012.67 5195.34 4677.94 4469.94 9383.41 6807.63 3869.13 9762.55 7245.43 6925.26 3783.4 9854.6 3620.86 3270.97 6331.84 4584.74 3240.31 3216.98 4670.99 2967.47 2696.8
threshold=4.5500000000000007 0 1 4.5000000000000009 7.2500000000000009 7.1500000000000012 2 3 4.0500000000000007 4 112.83333333333336 159.50000000000003 24.166666666666668 5 9.4166666666666696 4.5000000000000009 6 13.171875000000002 1.0000000180025095e-35 1.0000000180025095e-35 74.500000000000014 6.9500000000000011 7 0.29166666666666669 89.833333333333357 1.0000000180025095e-35 86.500000000000014 68.500000000000014 94.166666666666671 9.4166666666666696
decision_type=2 1 1 2 2 2 1 1 2 1 2 2 2 1 2 2 1 2 2 2 2 2 1 2 2 2 2 2 2 2
left_child=7 2 21 4 5 6 -3 8 22 12 28 -12 14 -14 -10 -9 -17 18 -18 20 -6 26 -1 25 -25 -24 27 -2 -11 -5
right_child=1 3 -4 29 19 -7 -8 15 9 10 11 -13 13 -15 -16 16 17 -19 -20 -21 -22 -23 23 24 -26 -27 -28 -29 -30 -31
leaf_value=0.028237459588466109 0.046590700185259772 0.098604208446434596 -0.06908071291922549 -0.020578716308345034 0.91772872182455945 -0.39586949586868286 0.02192804180092978 -0.033760907607586682 -0.022824138018276555 0.057546734445784856 -0.010032986865569186 -0.57347785898896519 0.017323100126924972 -0.26354116795895005 0.32033427877303883 0.042160023372428024 0.32342185636361442 -0.68706361387015846 -0.23958922196210214 0.13350368776737745 -0.037664454563889865 0.29873676499308544 -0.21488285476599281 -0.45174130431798676 0.00044093256772950642 -0.030103945829252094 -0.11761283503162645 0.40198843185234506 0.43317549987783971 0.044880381673874342
leaf_weight=1899 609 3645 3386 5310 55 70 7625 8954 1965 6611 93 61 620 566 156 513 60 82 609 796 53 172 246 161 86 6677 221 109 53 2236
leaf_count=1899 609 3645 3386 5310 55 70 7625 8954 1965 6611 93 61 620 566 156 513 60 82 609 796 53 172 246 161 86 6677 221 109 53 2236
internal_value=9.12059e-05 0.0209543 -0.030401 0.032623 0.0534838 0.0441012 0.046834 -0.0171366 -0.00213139 0.022886 0.0538202 -0.233216 -0.0409296 -0.118791 0.00241524 -0.0452766 -0.12721 -0.240268 -0.189095 0.171181 0.448878 0.087048 -0.0300642 -0.0454816 -0.294301 -0.0366698 0.0491992 0.100544 0.0605342 -0.00118214
internal_weight=53699 24287 4497 19790 12244 11340 11270 29412 19194 10125 6818 154 3307 1186 2121 10218 1264 751 669 904 108 1111 9069 7170 247 6923 939 718 6664 7546
internal_count=53699 24287 4497 19790 12244 11340 11270 29412 19194 10125 6818 154 3307 1186 2121 10218 1264 751 669 904 108 1111 9069 7170 247 6923 939 718 6664 7546
cat_boundaries=0 1 2 3 4 5 6 7 8
cat_threshold=2 24636 6571408 5 3362817 196608 1409542 2367536
is_linear=0
shrinkage=0.05


Tree=90
num_leaves=31
num_cat=2
split_feature=0 10 0 1 8 8 8 8 8 2 10 1 8 7 8 7 8 10 9 0 9 2 3 0 10 1 10 1 10 8
split_gain=7096.42 4473.91 7577.67 8278.14 5962.5 5304.25 4154.38 4080.66 5599.07 12306.1 8043.78 6648.63 5186.32 5015.16 3995.16 3761.81 7686.23 7352.85 4970.63 8493.25 3545.96 5240.2 3938.49 3429.42 3038 10101.1 5838.72 2881.39 2842.23 2786.8
threshold=89.500000000000014 5.3500000000000005 85.500000000000014 89.416666666666671 10.192708333333334 7.494791666666667 7.0052083333333348 2.7447916666666674 3.7447916666666674 86.63333333333334 5.2500000000000009 39.166666666666679 3.0989583333333335 1.0000000180025095e-35 3.7864583333333335 1.0000000180025095e-35 8.0520833333333339 6.2500000000000009 0 68.500000000000014 1 45.675000000000004 1.0000000180025095e-35 86.500000000000014 6.0500000000000007 53.833333333333336 5.8500000000000005 87.416666666666671 6.4500000000000011 20.890625000000004
decision_type=2 2 2 2 2 2 2 2 2 2 2 2 2 2 2 2 2 2 1 2 1 2 2 2 2 2 2 2 2 2
left_child=1 2 3 20 5 -4 -5 27 9 10 11 -9 -12 -11 -10 16 18 -18 19 -3 21 -1 -22 29 26 -26 -16 -2 -25 -17
right_child=7 15 4 6 -6 -7 -8 8 14 13 12 -13 -14 -15 24 23 17 -19 -20 -21 22 -23 -24 28 25 -27 -28 -29 -30 -31
leaf_value=-0.049293299526585531 0.59542135905135762 -0.26783709602711875 -0.29906444248071934 0.11308307706141006 -0.76554843082147483 0.2815461107767096 0.74820152521133432 -0.65248906378652538 0.46677975957947115 -0.033966075274327844 -0.23187731405099235 -0.038694338106320836 -0.81849850900920051 0.28597025630280587 0.038078107543926883 0.0015636039999778976 0.13038709808836926 -0.51634445909191584 0.25816885034515064 0.33815975999741843 -0.0054453907424862379 -0.33163326048437569 -0.076056650846359139 0.56886867225170146 0.68016998236243786 0.07955369394485276 -0.24244731010575046 0.08590592050126622 0.048000598604028881 0.2088836567442931
leaf_weight=3283 55 139 172 51 51 51 52 51 56 292 69 327 83 211 7809 5516 91 85 585 99 30398 173 2112 50 74 1296 190 56 55 167
leaf_count=3283 55 139 172 51 51 51 52 51 56 292 69 327 83 211 7809 5516 91 85 585 99 30398 173 2112 50 74 1296 190 56 55 167
internal_value=8.54875e-05 -0.00891226 -0.0158714 -0.0138814 -0.277822 -0.166279 0.433725 0.0368035 0.0336027 -0.0769054 -0.245028 -0.121508 -0.552203 0.100242 0.0457147 0.0283523 0.117953 -0.181955 0.182089 -0.0151272 -0.0151633 -0.0632436 -0.0100295 0.0128873 0.0431979 0.111996 0.0314148 0.338369 0.296033 0.00765589
internal_weight=53699 43130 36343 36069 274 223 103 10569 10458 1033 530 378 152 503 9425 6787 999 176 823 238 35966 3456 32510 5788 9369 1370 7999 111 105 5683
internal_count=53699 43130 36343 36069 274 223 103 10569 10458 1033 530 378 152 503 9425 6787 999 176 823 238 35966 3456 32510 5788 9369 1370 7999 111 105 5683
cat_boundaries=0 1 2
cat_threshold=2 2
is_linear=0
shrinkage=0.05


Tree=91
num_leaves=31
num_cat=8
split_feature=10 9 11 2 8 8 1 11 0 8 11 10 6 9 10 11 1 2 1 11 1 2 8 8 0 11 8 2 0 10
split_gain=6732.53 5494.21 6588.33 17059.5 4540.78 53355.3 34236.1 8846.78 7861.9 6690.27 5852.86 4856.65 5693.54 4299.71 4752.61 7193.45 4761.4 8483.94 4108.65 8528.3 6158.39 3485.32 8459.3 7426.03 3459.08 9022.22 7692.8 7703.99 5531.56 3421.21
threshold=4.5500000000000007 0 1 69.26666666666668 13.927083333333336 13.97916666666667 26.500000000000004 2 28.500000000000004 14.47916666666667 3 9.2500000000000018 1.0000000180025095e-35 4 4.0500000000000007 5 112.83333333333336 107.90000000000002 24.166666666666668 6 9.4166666666666696 36.45000000000001 13.171875000000002 13.130208333333334 3.5000000000000004 7 7.229166666666667 63.63333333333334 21.500000000000004 5.4500000000000011
decision_type=2 1 1 2 2 2 2 1 2 2 1 2 2 1 2 1 2 2 2 1 2 2 2 2 2 1 2 2 2 2
left_child=13 2 3 -2 10 6 -6 9 -9 -7 21 -12 -13 14 -1 18 -17 -18 20 -20 -16 23 -23 -3 -15 -26 27 -27 -28 -5
right_child=1 4 -4 29 5 7 -8 8 -10 -11 11 12 -14 24 15 16 17 -19 19 -21 -22 22 -24 -25 25 26 28 -29 -30 -31
leaf_value=-0.028333071424109291 1.1490516690646901 -0.0049492989906129888 0.024890025670057311 0.24924458686511539 0.25243967347869684 -0.051834530079986063 2.0588846567604278 0.055346026246582997 -0.1841525036293882 0.22787791712908076 -0.014846254029400048 0.45962746031582358 0.0030214248825853438 -0.031169428305798899 -0.021410664572515562 0.057239562733418063 -0.72187794089317325 0.052637717190828895 0.016164976651706391 -0.25160614080054478 0.30497458226357899 0.091752598639967278 -0.47558899684739653 0.54379554400368346 0.023399583536116937 -0.20742913643831917 -0.19210037961602211 0.38857858961721559 -0.68560587865334977 -0.13650475616256397
leaf_weight=9069 51 2884 586 285 51 307 54 760 624 704 14105 118 162 8928 1965 6664 55 99 620 566 156 3394 67 63 605 389 98 63 135 72
leaf_count=9069 51 2884 586 285 51 307 54 760 624 704 14105 118 162 8928 1965 6664 55 99 620 566 156 3394 67 63 605 389 98 63 135 72
internal_value=8.36168e-05 0.0195664 0.134106 0.286622 0.0146147 0.0782875 1.18147 0.0299226 -0.0522584 0.141541 0.0069662 -0.0107455 0.195448 -0.0160043 -0.00204319 0.0215027 0.0508132 -0.223975 -0.0389621 -0.11361 0.00259504 0.0466702 0.0807697 0.00678159 -0.0421864 -0.118761 -0.24114 -0.124357 -0.478037 0.171446
internal_weight=53699 24287 994 408 23293 2500 105 2395 1384 1011 20793 14385 280 29412 19194 10125 6818 154 3307 1186 2121 6408 3461 2947 10218 1290 685 452 233 357
internal_count=53699 24287 994 408 23293 2500 105 2395 1384 1011 20793 14385 280 29412 19194 10125 6818 154 3307 1186 2121 6408 3461 2947 10218 1290 685 452 233 357
cat_boundaries=0 1 2 3 4 5 6 7 8
cat_threshold=4 6344962 7574544 2122129 5 3362817 196608 1409558
is_linear=0
shrinkage=0.05


Tree=92
num_leaves=31
num_cat=9
split_feature=10 9 11 8 5 9 10 10 1 5 7 11 8 8 8 8 11 5 1 8 10 8 11 11 8 9 10 11 1 0
split_gain=6077.59 5134.75 9560.52 10591.4 9873.09 9157.2 8903.3 13284.8 8876.39 8077.52 5302.37 8450.27 8916.03 8629.23 7466.02 5978.16 5899.69 5038.26 4938.03 4575.9 4418.28 12506.2 4534.25 4152.62 4543.93 3879.01 4287.12 6497.5 4297.16 4155.32
threshold=4.5500000000000007 0 1 14.96354166666667 0.77500000000000013 2 5.6500000000000012 5.4500000000000011 86.833333333333357 0.36666666666666675 1.5000000000000002 3 13.927083333333336 14.083333333333334 6.1927083333333348 13.97916666666667 4 0.77500000000000013 38.416666666666679 10.302083333333334 5.9500000000000011 7.9531250000000009 5 6 14.96354166666667 7 4.0500000000000007 8 112.83333333333336 159.50000000000003
decision_type=2 1 1 2 2 1 2 2 2 2 2 1 2 2 2 2 1 2 2 2 2 2 1 1 2 1 2 1 2 2
left_child=25 2 4 20 6 -6 7 -2 -7 -5 11 12 14 -14 -3 19 -17 23 -8 -13 22 -22 -4 -12 -25 26 -1 -28 -29 -30
right_child=1 10 3 9 5 8 18 -9 -10 -11 17 15 13 -15 -16 16 -18 -19 -20 -21 21 -23 -24 24 -26 -27 27 28 29 -31
leaf_value=-0.026916418012481336 0.053975363904371479 0.23515808233737806 -0.049507412112628421 0.14293107446871306 0.11640812517567115 -0.64364322167634969 -0.09612827037771543 0.71037798098155436 -0.14619887356266312 0.78366877731739315 0.036062694658144503 0.0013610687114274187 0.92422880105201222 0.22036084470385356 0.029593976773575573 -0.49645963567754497 -0.03861626318845704 -0.32787034666635156 -0.66474347864942895 0.23508759357232967 0.53351425460871604 -0.21239472340388474 0.11098731828014341 -0.032851974846973914 0.10963135789173512 -0.040075891894712189 -0.037049438396593984 0.054377585414325816 -0.0024297312117351963 -0.53346855092915846
leaf_weight=9069 936 632 566 95 155 150 120 84 223 102 4050 2853 63 141 1467 105 201 123 56 226 174 83 1935 9151 596 10218 3307 6664 93 61
leaf_count=9069 936 632 566 95 155 150 120 84 223 102 4050 2853 63 141 1467 105 201 123 56 226 174 83 1935 9151 596 10218 3307 6664 93 61
internal_value=7.76934e-05 0.0185886 0.0655917 0.120091 -0.0279757 -0.208223 0.0513643 0.108032 -0.337203 0.474684 0.0073352 0.048014 0.121631 0.437732 0.0914885 -0.00242355 -0.213206 -0.00928173 -0.277051 0.0185167 0.0951983 0.292618 0.0749117 -0.00644152 -0.0241148 -0.0152077 -0.00194716 0.020416 0.0482725 -0.212776
internal_weight=53699 24287 4679 2955 1724 528 1196 1020 373 197 19608 5688 2303 204 2099 3385 306 13920 176 3079 2758 257 2501 13797 9747 29412 19194 10125 6818 154
internal_count=53699 24287 4679 2955 1724 528 1196 1020 373 197 19608 5688 2303 204 2099 3385 306 13920 176 3079 2758 257 2501 13797 9747 29412 19194 10125 6818 154
cat_boundaries=0 1 2 3 4 5 6 7 8 9
cat_threshold=5 150598 4 2525270 90241 36864 550800 5 3362817
is_linear=0
shrinkage=0.05


Tree=93
num_leaves=31
num_cat=5
split_feature=10 8 7 5 11 2 2 11 2 5 2 2 0 5 8 8 8 11 3 0 8 8 11 8 5 1 0 0 11 10
split_gain=5503.83 6953.35 4771.24 5497 6521.52 6570.48 5641.98 5347.47 13695.7 12350.2 4015.4 3822.44 12940.1 6953.55 3547.11 6824.97 6593.45 3136.66 4091.53 3823.85 3060.36 17490.4 10568 4107.62 4840.12 4529.71 2687.19 6345.77 3102.82 2468.46
threshold=4.9500000000000011 2.7031250000000004 1.5000000000000002 0.77500000000000013 0 2.9000000000000004 26.100000000000005 1 94.100000000000009 1.2250000000000003 71.225000000000009 52.550000000000004 57.500000000000007 0.45000000000000007 4.7812500000000009 6.135416666666667 3.2135416666666674 2 1.5000000000000002 177.50000000000003 4.0052083333333348 3.7447916666666674 3 4.9895833333333348 1.1000000000000003 79.416666666666671 89.500000000000014 80.500000000000014 4 5.5500000000000007
decision_type=2 2 2 2 1 2 2 1 2 2 2 2 2 2 2 2 2 1 2 2 2 2 1 2 2 2 2 2 1 2
left_child=1 -1 7 4 5 -4 -7 8 14 -10 -5 13 -13 -6 16 -16 -2 18 26 -20 21 22 -9 25 -25 -22 27 -3 -28 -23
right_child=2 17 3 10 11 6 -8 20 9 -11 -12 12 -14 -15 15 -17 -18 -19 19 -21 23 29 -24 24 -26 -27 28 -29 -30 -31
leaf_value=0.5462724451507841 0.1694851110230631 0.002143813318650279 -0.04862186586923814 -0.014420171111237771 -0.023696009661862933 0.23791144823646715 0.063043596031830504 0.35260385676287115 0.84140157038153518 -0.056661104929766483 -0.61337310835238434 0.36951838346254645 -0.018738375477242726 -0.25332682597112249 0.40556577144310491 0.061812323818167925 -0.56209577180837333 -0.024564608420569494 -0.5755166474141572 -0.065975373625182188 -0.53682334648840357 0.48531689461734562 -0.23371684757348535 0.050557263940836573 -0.13614364831526946 -0.040260108338286547 -0.11995510166980389 -0.26554296683271728 0.066268249949504476 0.97037683701982691
leaf_weight=56 67 13824 890 51 5198 637 1672 110 121 56 62 264 1147 352 171 928 57 20325 57 104 66 54 204 3530 385 151 236 225 2648 51
leaf_count=56 67 13824 890 51 5198 637 1672 110 121 56 62 264 1147 352 171 928 57 20325 57 104 66 54 204 3530 385 151 236 225 2648 51
internal_value=7.01004e-05 -0.0104623 0.0243984 0.00376107 0.00761831 0.0665893 0.111286 0.0600238 0.145153 0.557269 -0.343049 -0.01955 0.053905 -0.03826 0.0866963 0.115299 -0.166806 -0.0112955 0.0044934 -0.246372 0.0334435 0.162275 -0.0245317 0.0204604 0.0321971 -0.191289 0.00688129 -0.00214329 0.0508433 0.720917
internal_weight=53699 37475 16224 10273 10160 3199 2309 5951 1400 177 113 6961 1411 5550 1223 1099 124 37419 17094 161 4551 419 314 4132 3915 217 16933 14049 2884 105
internal_count=53699 37475 16224 10273 10160 3199 2309 5951 1400 177 113 6961 1411 5550 1223 1099 124 37419 17094 161 4551 419 314 4132 3915 217 16933 14049 2884 105
cat_boundaries=0 1 2 3 4 5
cat_threshold=292740 172060 7122288 3146530 16
is_linear=0
shrinkage=0.05


Tree=94
num_leaves=31
num_cat=7
split_feature=0 8 8 2 11 1 11 1 7 2 2 7 1 2 1 1 5 0 3 8 11 9 11 1 1 4 3 0 11 11
split_gain=4983.04 3564.77 5035.3 10860.8 9782.06 5555.74 5150.84 10900.2 8480.03 5869.3 4954.03 4599.78 4059.06 3120.16 3031.96 2865.24 2716.71 2459.24 2264.24 2218.25 2210.82 2130.09 5175.32 4924.94 8499.6 5172.95 4136.1 14123.4 10801.1 8109.69
threshold=89.500000000000014 2.7447916666666674 3.7447916666666674 86.63333333333334 0 58.166666666666679 1 39.833333333333336 3.5000000000000004 20.900000000000002 25.633333333333336 1.0000000180025095e-35 79.416666666666671 89.90000000000002 85.166666666666671 30.166666666666668 0.77500000000000013 79.500000000000014 1.0000000180025095e-35 7.0312500000000009 2 3 4 32.166666666666679 42.833333333333336 1.0000000180025095e-35 1.0000000180025095e-35 55.500000000000007 5 6
decision_type=2 2 2 2 1 2 1 2 2 2 2 2 2 2 2 2 2 2 2 2 1 1 1 2 2 2 2 2 1 1
left_child=13 16 3 4 12 -6 7 15 -9 19 -11 20 -3 21 -15 -4 -2 -16 -13 -8 -5 22 23 25 -25 -1 -23 28 -28 -29
right_child=1 2 6 11 5 -7 9 8 -10 10 -12 18 -14 14 17 -17 -18 -19 -20 -21 -22 26 -24 24 -26 -27 27 29 -30 -31
leaf_value=0.023635304192325221 0.039475922465324408 0.21101722272673276 0.29955657197207941 -0.20649830463553678 -0.87000100632845345 -0.32660395536603859 -0.1168884727689955 0.098610898650159692 -0.10225328026039744 0.50610782492394546 0.010977251712608519 0.17247416397816018 -0.2012704814559427 0.42611417096108206 0.20336324794347896 0.69498219775826975 0.53664409447400296 -0.23220791312364431 0.55013864744314045 -0.56038606267864421 0.068222122338306102 0.0012510170022448214 -0.061849671365899452 0.79291314504764698 0.10510180074065811 -0.46649743329014692 -0.036105242599832249 0.082487195567190044 -0.51277448970892214 -0.088114911557059902
leaf_weight=969 50 123 123 109 59 232 54 3069 634 51 5362 158 116 80 86 73 61 52 53 59 183 33716 4542 54 267 57 225 1220 265 1597
leaf_count=969 50 123 123 109 59 232 54 3069 634 51 5362 158 116 80 86 73 61 52 53 59 183 33716 4542 54 267 57 225 1220 265 1597
internal_value=6.69742e-05 0.0308355 0.0278439 -0.0769531 -0.234895 -0.422266 0.0393299 0.0832406 0.0642204 0.00818222 0.0156423 0.0894669 0.0104729 -0.00747285 0.181209 0.446832 0.312694 0.039235 0.267338 -0.348449 -0.0390631 -0.00843139 -0.0363363 0.0495149 0.220808 -0.00359429 -0.00398185 -0.0573448 -0.305097 -0.0142497
internal_weight=53699 10569 10458 1033 530 291 9425 3899 3703 5526 5413 503 239 43130 218 196 111 138 211 113 292 42912 5889 1347 321 1026 37023 3307 490 2817
internal_count=53699 10569 10458 1033 530 291 9425 3899 3703 5526 5413 503 239 43130 218 196 111 138 211 113 292 42912 5889 1347 321 1026 37023 3307 490 2817
cat_boundaries=0 1 2 3 4 5 6 7
cat_threshold=2280070 5780689 3195528 2 24636 4834061 7669930
is_linear=0
shrinkage=0.05


Tree=95
num_leaves=31
num_cat=9
split_feature=10 9 11 2 3 2 11 8 11 8 8 7 11 10 10 8 0 10 1 2 8 1 9 10 11 1 1 11 0 11
split_gain=5107.1 4635.49 6993.17 4813.84 5082.98 5076.24 4248.61 8411.34 8829.9 7330.73 5198.85 10402 7420.58 4761.06 6909.21 6559.61 5965.28 14299.9 4653.69 3778.08 3545.21 3497.57 3360.99 3804.63 5743.66 3331.95 10224.1 4397.03 3117.64 8289.84
threshold=4.5500000000000007 0 1 67.100000000000009 1.0000000180025095e-35 25.100000000000005 2 14.96354166666667 3 16.135416666666671 7.2031250000000009 1.0000000180025095e-35 4 6.3500000000000005 6.1500000000000012 14.083333333333334 37.500000000000007 6.6500000000000012 49.833333333333336 87.100000000000009 6.1927083333333348 89.833333333333357 5 4.0500000000000007 6 24.166666666666668 30.833333333333339 7 3.5000000000000004 8
decision_type=2 1 1 2 2 2 1 2 1 2 2 2 1 2 2 2 2 2 2 2 2 2 1 2 1 2 2 1 2 1
left_child=22 2 3 4 5 -2 13 10 9 -9 11 -8 -12 14 15 -3 18 -18 -15 -10 -5 -22 23 -1 25 27 -27 -25 -24 -30
right_child=1 6 -4 20 -6 -7 7 8 19 -11 12 -13 -14 16 -16 -17 17 -19 -20 -21 21 -23 28 24 -26 26 -28 -29 29 -31
leaf_value=-0.025134302229517288 0.41214301792231017 0.018492687662795559 -0.049888461113692516 -0.28905270753635304 0.72533331174971705 -0.17068905964974435 0.15314395018016225 0.77771934518256247 0.064579039204120642 0.25057676819608976 -0.10250762085231618 0.023608311153377245 0.041770057454988081 -0.05182275315311468 0.43582740501163802 -0.17712707543991041 -0.96526498480654155 -0.12755479394521527 0.4667599449157715 -0.39660600323048939 -0.078976545570999077 0.37346466310510906 -0.026641565727397627 0.083402263065442933 0.038747064098592798 -0.52759553004002224 -0.050807017900503841 -0.094948101883873037 0.00033480059182801786 -0.25566074349422446
leaf_weight=9069 94 5758 4038 72 59 62 2074 78 250 427 1457 6132 2262 321 94 463 61 309 50 54 93 79 8928 668 8017 138 607 695 745 545
leaf_count=9069 94 5758 4038 72 59 62 2074 78 250 427 1457 6132 2262 321 94 463 61 309 50 54 93 79 8928 668 8017 138 607 695 745 545
internal_value=5.65988e-05 0.0170253 -0.0287659 0.154159 0.330016 0.180505 0.0274314 0.0446717 0.200725 0.32555 0.0341224 0.0563474 -0.0149172 -0.00370137 0.0103624 0.00393362 -0.123607 -0.265664 0.0180671 -0.0167897 0.00552088 0.128831 -0.0139554 -0.00161217 0.0194551 -0.0538431 -0.139125 -0.00762412 -0.0371035 -0.109798
internal_weight=53699 24287 4497 459 215 156 19790 12734 809 505 11925 8206 3719 7056 6315 6221 741 370 371 304 244 172 29412 19194 10125 2108 745 1363 10218 1290
internal_count=53699 24287 4497 459 215 156 19790 12734 809 505 11925 8206 3719 7056 6315 6221 741 370 371 304 244 172 29412 19194 10125 2108 745 1363 10218 1290
cat_boundaries=0 1 2 3 4 5 6 7 8 9
cat_threshold=2 24584 25710 3772560 69649 5 3231745 3149824 1935958
is_linear=0
shrinkage=0.05


Tree=96
num_leaves=31
num_cat=6
split_feature=10 8 6 11 8 1 2 8 10 10 10 11 11 2 11 10 5 11 2 2 1 2 8 11 4 2 0 10 0 1
split_gain=4716.95 6197.07 3837.47 5105.27 6012.22 8871.7 7346.97 5759.67 7556.77 4115.8 4007.04 7373.14 4642.36 3200.42 3005.83 7028.31 9643.28 8163.87 4786.62 7290.73 3839.77 3753.73 2945.25 2783.04 4221.55 4216.26 3661.51 2669.34 2529.22 10215.3
threshold=4.9500000000000011 2.7031250000000004 1.0000000180025095e-35 0 7.9531250000000009 108.83333333333336 87.450000000000017 3.8281250000000004 5.3500000000000005 9.2500000000000018 6.2500000000000009 1 2 86.63333333333334 3 6.9500000000000011 1.0000000180025095e-35 4 85.77500000000002 79.225000000000009 89.833333333333357 71.225000000000009 13.97916666666667 5 1.1666666666666667 94.100000000000009 100.50000000000001 6.7500000000000009 159.50000000000003 119.16666666666667
decision_type=2 2 2 1 2 2 2 2 2 2 2 1 1 2 1 2 2 1 2 2 2 2 2 1 2 2 2 2 2 2
left_child=1 -1 3 4 7 6 -6 -2 -9 10 12 -12 -5 -11 18 27 22 -18 19 21 -20 -4 -17 24 26 -26 -3 -16 29 -25
right_child=2 23 14 9 5 -7 -8 8 -10 13 11 -13 -14 -15 15 16 17 -19 20 -21 -22 -23 -24 28 25 -27 -28 -29 -30 -31
leaf_value=0.51588675848075327 -0.13924253988575111 0.011742947547109491 0.059977653434066337 -0.042486374413188512 0.11202709752021077 0.57716700852501635 -0.40882504200845055 0.070769659960401896 0.40788484284989973 0.61962934434413919 0.05343210407461111 -0.2362203920381338 0.096328678530590572 0.11658177951047587 -0.022005499975827549 -0.052343819167130747 0.13557369399047989 0.64921556611061104 -0.50281261978670955 0.41118573019622079 -0.049514632555790722 -0.15329580215720442 0.31855234066645305 -0.020513496478151608 -0.57993803877255012 -0.066668382060331433 0.43634562118380676 -0.19138773561018632 -0.23392531852217485 0.48085945238012312
leaf_weight=56 94 11421 2920 889 139 51 132 271 430 50 510 374 1840 86 6673 496 252 115 64 142 173 222 60 25521 58 129 51 241 137 102
leaf_count=56 94 11421 2920 889 139 51 132 271 430 50 510 374 1840 86 6673 496 252 115 64 142 173 222 60 25521 58 129 51 241 137 102
internal_value=5.06145e-05 -0.00969986 0.0225727 0.0597244 0.153081 -0.0278187 -0.141672 0.228277 0.277559 0.031417 0.0213365 -0.0711809 0.0513055 0.301526 0.0066562 -0.0105957 0.118985 0.317908 0.0449576 0.0607465 -0.171924 0.0449087 -0.0123191 -0.0104864 0.00978089 -0.225864 0.0136306 -0.0279096 -0.0196556 -0.0185176
internal_weight=53699 37475 16224 4866 1117 322 271 795 701 3749 3613 884 2729 136 11358 7837 923 367 3521 3284 237 3142 556 37419 11659 187 11472 6914 25760 25623
internal_count=53699 37475 16224 4866 1117 322 271 795 701 3749 3613 884 2729 136 11358 7837 923 367 3521 3284 237 3142 556 37419 11659 187 11472 6914 25760 25623
cat_boundaries=0 1 2 3 4 5 6
cat_threshold=536604 3145795 3147874 416388 1114177 7089200
is_linear=0
shrinkage=0.05


Tree=97
num_leaves=28
num_cat=3
split_feature=0 8 8 8 2 2 3 0 0 0 11 4 2 8 2 2 2 2 8 8 11 2 2 1 9 0 8
split_gain=4181.08 3984.99 11274.3 23168 4413.51 5684.96 3839.4 13007.9 6136.61 9459.06 5884.48 3451.3 2939.37 2555.06 4065.69 3074.88 6133.38 4876.35 3705.92 4138.56 2614.07 2518.28 2246.65 1142.59 1042.66 802.052 25.5657
threshold=1.0000000180025095e-35 21.083333333333339 20.927083333333336 20.973958333333336 51.45000000000001 72.450000000000017 1.5000000000000002 141.00000000000003 106.50000000000001 91.500000000000014 0 0.83333333333333337 81.100000000000009 21.031250000000004 28.100000000000005 70.90000000000002 68.225000000000009 65.90000000000002 5.0520833333333339 7.8437500000000009 1 29.225000000000005 88.100000000000009 11.41666666666667 2 79.500000000000014 45.052083333333336
decision_type=2 2 2 2 2 2 2 2 2 2 1 2 2 2 2 2 2 2 2 2 1 2 2 2 1 2 2
left_child=11 2 6 -4 21 25 8 -8 9 -2 -9 13 -7 15 20 16 17 -1 -17 -20 26 23 -14 -3 -22 -6 -15
right_child=1 4 3 -5 5 12 7 10 -10 -11 -12 -13 22 14 -16 18 -18 -19 19 -21 24 -23 -24 -25 -26 -27 -28
leaf_value=-0.01389981882323052 0.021446585784189415 -0.337030356663924 1.2045228383580193 -0.044152615603647735 0.44391751241683963 -0.48419899274321171 -0.842998048067093 -0.20073718831297899 0.56343420629317942 -0.60729121819138532 0.14186049253940583 -0.35947507502327508 0.21493305381801397 0.29835111044332507 0.49749867352572352 0.50109784564033888 -0.47171381075088292 0.36532611005446491 -0.13432185680969902 0.34703078433258894 0.076530823878598109 -0.541368864597501 -0.17602993454622187 -0.016812028189500172 -0.064305905053171061 0.16210389522945179 0.25073036282670264
leaf_weight=31251 19977 52 61 95 50 51 55 242 52 60 240 71 54 63 55 61 73 85 115 73 227 74 115 60 285 51 51
leaf_count=31251 19977 52 61 95 50 51 55 242 52 60 240 71 54 63 55 61 73 85 115 73 227 74 115 60 285 51 51
internal_value=5.41906e-05 0.0172686 0.0206475 0.444112 -0.12123 -0.00893468 0.0174447 -0.114498 0.0209717 0.0195639 -0.0313706 -0.0112534 -0.151505 -0.0104889 0.0853353 -0.0125501 -0.0139376 -0.0128712 0.162463 0.0525863 0.0491229 -0.31503 -0.0511068 -0.165485 -0.00159471 0.301616 0.254705
internal_weight=53699 21289 20782 156 507 321 20626 537 20089 20037 482 32410 220 32339 681 31658 31409 31336 249 188 626 186 169 112 512 101 114
internal_count=53699 21289 20782 156 507 321 20626 537 20089 20037 482 32410 220 32339 681 31658 31409 31336 249 188 626 186 169 112 512 101 114
cat_boundaries=0 1 2 3
cat_threshold=2212037 3817476 3
is_linear=0
shrinkage=0.05


Tree=98
num_leaves=31
num_cat=7
split_feature=10 9 11 2 8 8 8 7 1 2 5 2 2 5 11 1 8 0 0 11 2 0 8 11 10 8 11 8 9 10
split_gain=4138.83 4361.53 8101.28 11631.3 11041.8 9476.63 9066.51 7710.63 7088.37 8710.29 7001.65 7149.89 4805.66 10361.6 8866.25 7913.83 7409.67 10773.8 6183.43 5752.4 7147.68 5510.29 5160.56 4390.32 3858.85 10718.6 4262.43 3439.85 2975.68 3319.66
threshold=4.5500000000000007 0 1 57.100000000000009 8.7552083333333339 7.994791666666667 14.96354166666667 1.5000000000000002 9.4166666666666696 20.100000000000005 0.36666666666666675 89.225000000000009 46.63333333333334 0.45000000000000007 2 44.833333333333336 20.927083333333336 77.500000000000014 20.500000000000004 3 45.100000000000009 27.500000000000004 16.286458333333339 4 5.9500000000000011 7.9531250000000009 5 6.1927083333333348 6 4.0500000000000007
decision_type=2 1 1 2 2 2 2 2 2 2 2 2 2 2 1 2 2 2 2 1 2 2 2 1 2 2 1 2 1 2
left_child=28 2 3 8 5 -5 24 -6 -2 -10 -8 -12 13 19 15 18 22 -18 -14 21 -21 -3 -16 -15 26 -26 -4 -17 29 -1
right_child=1 12 6 4 7 -7 10 -9 9 -11 11 -13 14 23 16 27 17 -19 -20 20 -22 -23 -24 -25 25 -27 -28 -29 -30 -31
leaf_value=-0.022920962126829775 -0.017540723034976502 0.018683666709114029 0.01022248118672954 -0.14747386610437205 -0.29793558286295996 0.45970024499174666 0.12800970930802197 -1.0342748608229295 0.86907521229164275 0.16409740880179635 1.1431718165967979 0.30593282993627241 0.61705453331981397 0.027794579203639716 -0.015112014109472341 0.15053596477597381 0.93726195991039285 0.010254889815336184 0.10400516044009817 -0.02570307683171788 -0.61380647283334 0.18492707072032824 -0.49824163718149067 -0.36163908906230996 0.49328767554085151 -0.19725660279572729 0.14230859956133973 0.037864731223410171 -0.034343768481234736 0.018729750122985354
leaf_weight=9069 591 2875 1441 537 108 73 95 53 51 311 51 51 126 102 4255 1040 50 84 110 8024 52 603 56 288 174 83 1060 1943 10218 10125
leaf_count=9069 591 2875 1441 537 108 73 95 53 51 311 51 51 126 102 4255 1040 50 84 110 8024 52 603 56 288 174 83 1060 1943 10218 10125
internal_value=5.10466e-05 0.0153267 0.0586457 -0.0274731 -0.172022 -0.074812 0.108812 -0.540333 0.0891821 0.263417 0.436879 0.724552 0.00495724 -0.0148684 0.0358611 0.0988907 -0.00998398 0.356153 0.377921 -0.00631235 -0.0294533 0.04737 -0.0213879 -0.268347 0.0857733 0.270271 0.0668145 0.0771467 -0.0125629 -0.000949359
internal_weight=53699 24287 4679 1724 771 610 2955 161 953 362 197 102 19608 11944 7664 3219 4445 134 236 11554 8076 3478 4311 390 2758 257 2501 2983 29412 19194
internal_count=53699 24287 4679 1724 771 610 2955 161 953 362 197 102 19608 11944 7664 3219 4445 134 236 11554 8076 3478 4311 390 2758 257 2501 2983 29412 19194
cat_boundaries=0 1 2 3 4 5 6 7
cat_threshold=5 150598 3031668 4303248 2575 1150984 5
is_linear=0
shrinkage=0.05


Tree=99
num_leaves=31
num_cat=9
split_feature=10 9 11 8 11 2 5 1 1 2 1 0 11 1 6 8 8 11 10 8 9 10 11 1 2 10 11 11 0 8
split_gain=3827.73 5618.39 8197.5 5591.17 4987.86 5209.19 6606.37 4634.25 4543.36 5873.8 4517.68 11874 10209.7 8470.96 8466.4 4291.84 7544.7 4898.24 4408 6064.43 3905.53 5065.68 9087.59 8165.3 4605.03 3338 3285.26 3124.54 8241.41 3029.33
threshold=4.9500000000000011 0 1 2.7031250000000004 2 106.7 1.2250000000000003 7.166666666666667 58.416666666666679 73.225000000000009 69.416666666666671 63.500000000000007 3 64.500000000000014 1.0000000180025095e-35 8.2083333333333339 8.7552083333333339 4 5.7500000000000009 2.8229166666666674 5 4.3500000000000005 6 68.500000000000014 5.7750000000000012 5.4500000000000011 7 8 52.500000000000007 7.1145833333333348
decision_type=2 1 1 2 1 2 2 2 2 2 2 2 1 2 2 2 2 1 2 2 1 2 1 2 2 2 1 1 2 2
left_child=3 2 7 -1 15 29 25 -2 -9 -10 13 -12 -13 14 -4 18 -17 -18 26 -20 21 -5 24 -24 -23 -7 -3 28 -22 -6
right_child=1 4 10 20 5 6 -8 8 9 -11 11 12 -14 -15 -16 16 17 -19 19 -21 27 22 23 -25 -26 -27 -28 -29 -30 -31
leaf_value=0.49049513723169058 0.55778748125984123 0.15394867004958984 -0.42918567314422384 -0.016349000702197601 0.083540841771117993 0.81971667536116888 -0.10247008065404049 -0.19301823055257605 0.65586357712745669 0.091232325483579194 -0.9142351890311522 0.072710749966862762 -0.35672637646699829 0.44129277782125786 -0.028337615549659047 0.67139195574904387 0.24106825752982075 -0.001229758274139505 -0.58124294520401565 -0.07134764408284737 -0.04594334426722757 0.18209937499771334 0.026707439432332503 -0.11782341037443891 0.058122116541546004 0.28777440562844275 -0.005203519128667778 -0.017810497952034151 -0.3182574736766326 0.011746332540536544
leaf_weight=56 65 356 139 12279 4263 58 58 98 57 240 51 314 236 91 2518 53 270 827 61 1324 2538 978 3505 1355 3199 60 2843 13253 312 2242
leaf_count=56 65 356 139 12279 4263 58 58 98 57 240 51 314 236 91 2518 53 270 827 61 1324 2538 978 3505 1355 3199 60 2843 13253 312 2242
internal_value=4.64864e-05 0.020335 -0.0327456 -0.00873697 0.0366173 0.0659597 0.33447 0.163022 0.102188 0.199596 -0.0600404 -0.184397 -0.116721 -0.0330616 -0.0493078 0.00237344 0.0887422 0.0605923 -0.0192889 -0.0938051 -0.00948411 0.00455947 0.0329739 -0.0135608 0.0869419 0.549238 0.0129727 -0.0280594 -0.0754897 0.0587963
internal_weight=53699 16224 3809 37475 12415 6681 176 460 395 297 3349 601 550 2748 2657 5734 1150 1097 4584 1385 37419 21316 9037 4860 4177 118 3199 16103 2850 6505
internal_count=53699 16224 3809 37475 12415 6681 176 460 395 297 3349 601 550 2748 2657 5734 1150 1097 4584 1385 37419 21316 9037 4860 4177 118 3199 16103 2850 6505
cat_boundaries=0 1 2 3 4 5 6 7 8 9
cat_threshold=2 24588 5333098 7471299 1048578 5 4468666 16384 20616
is_linear=0
shrinkage=0.05


end of trees

feature_importances:
team_name=592
price=426
minutes_last_1=409
days_rest=400
minutes_mean_last_5=339
minutes_mean_last_3=310
position=191
starts_last_1=86
benched_sum_last_3=67
benched_sum_last_5=65
starts_mean_last_5=61
starts_mean_last_3=50

parameters:
[boosting: gbdt]
[objective: regression]
[metric: rmse]
[tree_learner: serial]
[device_type: cpu]
[data_sample_strategy: bagging]
[data: ]
[valid: ]
[num_iterations: 100]
[learning_rate: 0.05]
[num_leaves: 31]
[num_threads: 0]
[seed: 0]
[deterministic: 0]
[force_col_wise: 0]
[force_row_wise: 0]
[histogram_pool_size: -1]
[max_depth: 6]
[min_data_in_leaf: 50]
[min_sum_hessian_in_leaf: 0.001]
[bagging_fraction: 1]
[pos_bagging_fraction: 1]
[neg_bagging_fraction: 1]
[bagging_freq: 0]
[bagging_seed: 3]
[bagging_by_query: 0]
[feature_fraction: 0.9]
[feature_fraction_bynode: 1]
[feature_fraction_seed: 2]
[extra_trees: 0]
[extra_seed: 6]
[early_stopping_round: 0]
[early_stopping_min_delta: 0]
[first_metric_only: 0]
[max_delta_step: 0]
[lambda_l1: 0]
[lambda_l2: 0]
[linear_lambda: 0]
[min_gain_to_split: 0]
[drop_rate: 0.1]
[max_drop: 50]
[skip_drop: 0.5]
[xgboost_dart_mode: 0]
[uniform_drop: 0]
[drop_seed: 4]
[top_rate: 0.2]
[other_rate: 0.1]
[min_data_per_group: 100]
[max_cat_threshold: 32]
[cat_l2: 10]
[cat_smooth: 10]
[max_cat_to_onehot: 4]
[top_k: 20]
[monotone_constraints: ]
[monotone_constraints_method: basic]
[monotone_penalty: 0]
[feature_contri: ]
[forcedsplits_filename: ]
[refit_decay_rate: 0.9]
[cegb_tradeoff: 1]
[cegb_penalty_split: 0]
[cegb_penalty_feature_lazy: ]
[cegb_penalty_feature_coupled: ]
[path_smooth: 0]
[interaction_constraints: ]
[verbosity: -1]
[saved_feature_importance_type: 0]
[use_quantized_grad: 0]
[num_grad_quant_bins: 4]
[quant_train_renew_leaf: 0]
[stochastic_rounding: 1]
[linear_tree: 0]
[max_bin: 255]
[max_bin_by_feature: ]
[min_data_in_bin: 3]
[bin_construct_sample_cnt: 200000]
[data_random_seed: 1]
[is_enable_sparse: 1]
[enable_bundle: 1]
[use_missing: 1]
[zero_as_missing: 0]
[feature_pre_filter: 1]
[pre_partition: 0]
[two_round: 0]
[header: 0]
[label_column: ]
[weight_column: ]
[group_column: ]
[ignore_column: ]
[categorical_feature: 9,11]
[forcedbins_filename: ]
[precise_float_parser: 0]
[parser_config_file: ]
[objective_seed: 5]
[num_class: 1]
[is_unbalance: 0]
[scale_pos_weight: 1]
[sigmoid: 1]
[boost_from_average: 1]
[reg_sqrt: 0]
[alpha: 0.9]
[fair_c: 1]
[poisson_max_delta_step: 0.7]
[tweedie_variance_power: 1.5]
[lambdarank_truncation_level: 30]
[lambdarank_norm: 1]
[label_gain: ]
[lambdarank_position_bias_regularization: 0]
[eval_at: ]
[multi_error_top_k: 1]
[auc_mu_weights: ]
[num_machines: 1]
[local_listen_port: 12400]
[time_out: 120]
[machine_list_filename: ]
[machines: ]
[gpu_platform_id: -1]
[gpu_device_id: -1]
[gpu_device_id_list: ]
[gpu_use_dp: 0]
[num_gpu: 1]

end of parameters

pandas_categorical:[["DEF", "FWD", "GK", "MID"], ["Arsenal", "Aston Villa", "Bournemouth", "Brentford", "Brighton", "Burnley", "Chelsea", "Crystal Palace", "Everton", "Fulham", "Leeds", "Leicester", "Liverpool", "Luton", "Man City", "Man Utd", "Newcastle", "Nott'm Forest", "Sheffield Utd", "Southampton", "Spurs", "West Ham", "Wolves"]]
